county,county_fips,agency_type,agency_name,city
Albany,36001,ambulance_als,"Air Methods LLC, wholly owned subsidiary Rocky Mtn Holdings LLC","Selkirk, NY 12158"
Albany,36001,ambulance_als,Albany County Sheriff's Department Advanced Life Support,"Voorheesville, NY 12186"
Albany,36001,ambulance_als,Albany County Sheriff's Office EMS Unit,"Voorheesville, NY 12186"
Albany,36001,ambulance_als,"Albany, City of","Albany, NY 12202"
Albany,36001,ambulance_als,"Albany-Schenectady-Greene Co. Ag. Societies, Inc.","Altamont, NY 12009"
Albany,36001,ambulance_als,"Bethlehem, Town of","Delmar, NY 12054"
Albany,36001,ambulance_als,"Colonie Emergency Medical Services, Town of","Latham, NY 12110"
Albany,36001,ambulance_als,"Delmar Volunteer Ambulance Service, Inc.","Delmar, NY 12054"
Albany,36001,ambulance_als,"Five Quad Volunteer Ambulance Service, Inc.","Albany, NY 12222"
Albany,36001,ambulance_als,"Green Island, Village of","Green Island, NY 12183"
Albany,36001,ambulance_als,"Guilderland Emergency Medical Service, Town of","Guilderland, NY 12203"
Albany,36001,ambulance_als,"Guilderland, Town of","Albany, NY 12203"
Albany,36001,ambulance_als,"Helderberg Ambulance Squad, Inc.","East Berne, NY 12059"
Albany,36001,ambulance_als,"Knox, Town of","Knox, NY 12007"
Albany,36001,ambulance_als,New York State Office of Fire Prevention and Control,"Guilderland, NY 12085"
Albany,36001,ambulance_als,New York State Police - Aviation Unit,"Latham, NY 12110"
Albany,36001,ambulance_als,New York State Police - Special Operations Response Team,"Albany, NY 12226"
Albany,36001,ambulance_als,"Onesquethaw Volunteer Fire Company, Inc.","Clarksville, NY 12041"
Albany,36001,ambulance_als,"Ravena Rescue Squad, Inc.","Ravena, NY 12143"
Albany,36001,ambulance_als,"SABIC Innovative Plastics, US, LLC","Selkirk, NY 12158"
Albany,36001,ambulance_als,SMG,"Albany, NY 12207"
Albany,36001,ambulance_als,Test CME Agency,"Albany, NY 12203"
Albany,36001,ambulance_als,Watervliet Arsenal Fire Department,"Watervliet, NY 12189"
Albany,36001,ambulance_als,"Watervliet, City of","Watervliet, NY 12189"
Allegany,36003,ambulance_als,"A.E. Crandall Hook and Ladder Co., Inc.","Alfred, NY 14802"
Allegany,36003,ambulance_als,"Almond, Village of","Almond, NY 14804"
Allegany,36003,ambulance_als,"Amity Rescue Squad, Inc.","Belmont, NY 14813"
Allegany,36003,ambulance_als,"Andover Volunteer Ambulance Corp, Inc.","Andover, NY 14806"
Allegany,36003,ambulance_als,"Belfast Fire Department, Inc.","Belfast, NY 14711"
Allegany,36003,ambulance_als,"Bolivar Fire Department, Inc.","Bolivar, NY 14715"
Allegany,36003,ambulance_als,"Canaseraga Ambulance, Village of","Canaseraga, NY 14822"
Allegany,36003,ambulance_als,"Clarksville Ambulance Service, Town of","West Clarksville, NY 14786"
Allegany,36003,ambulance_als,"Cuba Ambulance Service, Town of","Cuba, NY 14727"
Allegany,36003,ambulance_als,"Friendship Ambulance, Town of","Friendship, NY 14739"
Allegany,36003,ambulance_als,"Houghton Volunteer Ambulance Service, Inc.","Houghton, NY 14744"
Allegany,36003,ambulance_als,"Independence Emergency Squad, Inc.","Whitesville, NY 14897"
Allegany,36003,ambulance_als,"Medical Transport Service, Inc.","Wellsville, NY 14895"
Allegany,36003,ambulance_als,Richburg Wirt Fire District Ambulance,"Richburg, NY 14774"
Allegany,36003,ambulance_als,Rushford Fire District,"Rushford, NY 14777"
Allegany,36003,ambulance_als,"Wellsville Volunteer Ambulance Corps, Inc","Wellsville, NY 14895"
Allegany,36003,ambulance_als,"Wm. P. Brooks Hose Company, Number One, of Fillmore, NY","Fillmore, NY 14735"
Bronx,36005,ambulance_als,Citywide Mobile Response Corp.,"Bronx, NY 10461"
Bronx,36005,ambulance_als,Fordham University EMS,"Bronx, NY 10458"
Bronx,36005,ambulance_als,"Lifeline Ambulance Service, Inc.","Brooklyn, NY 11223"
Bronx,36005,ambulance_als,Medic East Corp,"Bronx, NY 10473"
Bronx,36005,ambulance_als,Montefiore Medical Center E.M.S.,"Bronx, NY 10466"
Bronx,36005,ambulance_als,Rapid EMS LLC,"Bronx, NY 10461"
Bronx,36005,ambulance_als,"Seniorcare Emergency Medical Services, Inc.","Bronx, NY 10473"
Bronx,36005,ambulance_als,"Throggs Neck Volunteer Ambulance Corps, Inc.","Bronx, NY 10465"
Broome,36007,ambulance_als,"Binghamton Bureau of Fire, City of","Binghamton, NY 13901"
Broome,36007,ambulance_als,Broome County Emergency Medical Services,"Binghamton, NY 13905"
Broome,36007,ambulance_als,"Broome Volunteer Emergency Squad, Inc.","Binghamton, NY 13902"
Broome,36007,ambulance_als,"Broome Volunteer Emergency Squad, Inc.","Binghamton, NY 13902"
Broome,36007,ambulance_als,"Chenango Ambulance Service, Inc","Binghamton, NY 13901"
Broome,36007,ambulance_als,"Colesville Volunteer Ambulance Service, Inc.","Harpursville, NY 13787"
Broome,36007,ambulance_als,"Harpur's Ferry Student Vol. Ambulance Service,Ltd.","Binghamton, NY 13905"
Broome,36007,ambulance_als,"Maine Emergency Squad, Inc.","Main, NY 13802"
Broome,36007,ambulance_als,"Superior Ambulance Service, Inc.","Binghamton, NY 13901"
Broome,36007,ambulance_als,"Union Volunteer Emergency Squad, Inc.","Endwell, NY 13760"
Broome,36007,ambulance_als,"Union Volunteer Emergency Squad, Inc.","Endwell, NY 13762"
Broome,36007,ambulance_als,United Health Service Hospitals Inc. EMS,"Johnson City, NY 13790"
Broome,36007,ambulance_als,Vestal Volunteer Emergency Squad Inc.,"Vestal, NY 13850"
Broome,36007,ambulance_als,"Vestal Volunteer Emergency Squad, Inc.","Vestal, NY 13850"
Broome,36007,ambulance_als,"Windsor Emergency Services, Inc.","Windsor, NY 13865"
Cattaraugus,36009,ambulance_als,"Allegany Rescue and EMS, Inc","Allegany, NY 14706"
Cattaraugus,36009,ambulance_als,"Avarint, Inc.","Springville, NY 14141"
Cattaraugus,36009,ambulance_als,Carrollton Joint Fire District,"Limestone, NY 14753"
Cattaraugus,36009,ambulance_als,"Cattaraugus Area Ambulance Services, Inc.","Cattaraugus, NY 14719"
Cattaraugus,36009,ambulance_als,Cattaraugus County Sheriff's Office SRT,"Little Valley, NY 14755"
Cattaraugus,36009,ambulance_als,"Delevan Volunteer Fire Company, Inc.","Delevan, NY 14042"
Cattaraugus,36009,ambulance_als,East Otto Fire District,"East Otto, NY 14729"
Cattaraugus,36009,ambulance_als,"Ellicottville/Great Valley Ambulance Service, Inc.","Ellicottville, NY 14731"
Cattaraugus,36009,ambulance_als,"Franklinville Volunteer Fire Company, Inc.","Franklinville, NY 14737"
Cattaraugus,36009,ambulance_als,Hinsdale Fire District,"Hinsdale, NY 14743"
Cattaraugus,36009,ambulance_als,"Ischua Fire Department, Inc.","Ischua, NY 14746"
Cattaraugus,36009,ambulance_als,"Knapp Creek Volunteer EMS, Inc.","Knapp Creek, NY 14760"
Cattaraugus,36009,ambulance_als,"Little Valley Volunteer Fire Department, Inc.","Little Valley, NY 14755"
Cattaraugus,36009,ambulance_als,Machias Fire District,"Machias, NY 14101"
Cattaraugus,36009,ambulance_als,"Olean Fire Department, City of","Olean, NY 14760"
Cattaraugus,36009,ambulance_als,Otto Fire District,"Otto, NY 14766"
Cattaraugus,36009,ambulance_als,Portville Fire District,"Portville, NY 14770"
Cattaraugus,36009,ambulance_als,Randolph Regional EMS Corporation,"Randolph, NY 14772"
Cattaraugus,36009,ambulance_als,"Salamanca Ambulance Service, City of","Salamanca, NY 14779"
Cattaraugus,36009,ambulance_als,Seneca EMS,"Irving, NY 14081"
Cattaraugus,36009,ambulance_als,"South Dayton Volunteer Fire Company No. 1, Inc.","South Dayton, NY 14138"
Cattaraugus,36009,ambulance_als,"Trans Am Ambulance Services, Inc.","Olean, NY 14760"
Cattaraugus,36009,ambulance_als,"West Valley Volunteer Hose Co., Inc.","West Valley, NY 14171"
Cattaraugus,36009,ambulance_als,Westons Mills Fire District,"Westons Mills, NY 14788"
Cattaraugus,36009,ambulance_als,Yorkshire Fire District,"Yorkshire, NY 14173"
Cayuga,36011,ambulance_als,Auburn City Ambulance,"Auburn, NY 13021"
Cayuga,36011,ambulance_als,Aurora Ledyard Fire District,"Aurora, NY 13026"
Cayuga,36011,ambulance_als,"Cato, Ira, Meridian, Victory Ambulance Corps, Inc.","Cato, NY 13033"
Cayuga,36011,ambulance_als,"Cayuga Fire Department, Village of","Cayuga, NY 13034"
Cayuga,36011,ambulance_als,"Fair Haven Ambulance, Village of","Fair Haven, NY 13064"
Cayuga,36011,ambulance_als,"Fleming Ambulance No. 1, Inc.","Auburn, NY 13021"
Cayuga,36011,ambulance_als,"Four Town First Aid Squad, Inc.","Moravia, NY 13118"
Cayuga,36011,ambulance_als,"Owasco Fire Department, Inc.","Auburn, NY 13021"
Cayuga,36011,ambulance_als,Port Byron Fire Department,"Port Byron, NY 13140"
Cayuga,36011,ambulance_als,"Southern Cayuga Instant Aid, Inc.","Poplar Ridge, NY 13139"
Cayuga,36011,ambulance_als,Throop Fire District,"Auburn, NY 13021"
Cayuga,36011,ambulance_als,"World Racing Group, Inc.","Weedsport, NY 13166"
Chautauqua,36013,ambulance_als,"Ashville Fire Department, Inc.","Ashville, NY 14710"
Chautauqua,36013,ambulance_als,"Bemus Point Volunteer Fire Department, Village of","Bemus Point, NY 14712"
Chautauqua,36013,ambulance_als,"Brocton Fire Department, Village of","Brocton, NY 14716"
Chautauqua,36013,ambulance_als,"Busti Fire Department, Inc.","Jamestown, NY 14701"
Chautauqua,36013,ambulance_als,"Cassadaga Volunteer Fire Department, Inc.","Cassadaga, NY 14718"
Chautauqua,36013,ambulance_als,"Celoron Hose Company #1, Inc.","Celoron, NY 14720"
Chautauqua,36013,ambulance_als,Chautauqua County Ambulance Service,"Jamestown, NY 14701"
Chautauqua,36013,ambulance_als,Chautauqua County EMS,"Mayville, NY 14757"
Chautauqua,36013,ambulance_als,Chautauqua Fire District #1,"Chautauqua, NY 14722"
Chautauqua,36013,ambulance_als,Cherry Creek Fire District,"Cherry Creek, NY 14723"
Chautauqua,36013,ambulance_als,"Dunkirk Fire Department, City of","Dunkirk, NY 14048"
Chautauqua,36013,ambulance_als,"Ellery Center Volunteer Fire Company, Inc.","Bemus Point, NY 14712"
Chautauqua,36013,ambulance_als,Ellington Fire District #1,"Ellington, NY 14732"
Chautauqua,36013,ambulance_als,"Falconer Volunteer Fire Department, Village of","Falconer, NY 14733"
Chautauqua,36013,ambulance_als,"Findley Lake Volunteer Firemans Association, Inc.","Findley Lake, NY 14736"
Chautauqua,36013,ambulance_als,Fluvanna Fire District,"Jamestown, NY 14701"
Chautauqua,36013,ambulance_als,"Forestville Fire Department, Inc.","Forestville, NY 14062"
Chautauqua,36013,ambulance_als,"Fredonia Fire Department, Village of","Fredonia, NY 14063"
Chautauqua,36013,ambulance_als,Frewsburg Fire District,"Frewsburg, NY 14738"
Chautauqua,36013,ambulance_als,"Gerry Volunteer Fire Department, Inc.","Gerry, NY 14740"
Chautauqua,36013,ambulance_als,"Jamestown Fire Department, City of","Jamestown, NY 14701"
Chautauqua,36013,ambulance_als,Kennedy Fire District,"Kennedy, NY 14747"
Chautauqua,36013,ambulance_als,"Kiantone Independent Fire Department, Inc.","Jamestown, NY 14701"
Chautauqua,36013,ambulance_als,"Lakewood, Village of","Lakewood, NY 14750"
Chautauqua,36013,ambulance_als,"Maple Springs Fire Company, Inc.","Bemus Point, NY 14712"
Chautauqua,36013,ambulance_als,"Mayville Fire Department, Village of","Mayville, NY 14757"
Chautauqua,36013,ambulance_als,Panama Fire District,"Panama, NY 14767"
Chautauqua,36013,ambulance_als,"Portland Volunteer Fire Department, Inc.","Portland, NY 14769"
Chautauqua,36013,ambulance_als,Ripley Fire District,"Ripley, NY 14775"
Chautauqua,36013,ambulance_als,"Silver Creek Emergency Squad, Village of","Silver Creek, NY 14136"
Chautauqua,36013,ambulance_als,"Sinclairville Volunteer Fire Company No 1, Inc.","Sinclairville, NY 14782"
Chautauqua,36013,ambulance_als,"Stanley Hose Company, Inc., The","Sherman, NY 14781"
Chautauqua,36013,ambulance_als,"Stockton Volunteer Fire Company, Inc.","Stockton, NY 14784"
Chautauqua,36013,ambulance_als,W.C.A. Services Corporation,"Jamestown, NY 14701"
Chautauqua,36013,ambulance_als,"Westfield Fire Department, Village of","Westfield, NY 14787"
Chemung,36015,ambulance_als,"Erway Ambulance Service, Inc.","Elmira Heights, NY 14903"
Chenango,36017,ambulance_als,"Afton Hose Co. Emergency Squad, Inc.","Afton, NY 13730"
Chenango,36017,ambulance_als,Bainbridge Fire District,"Bainbridge, NY 13733"
Chenango,36017,ambulance_als,Chenango County Office of Emergency Services,"Norwich, NY 13815"
Chenango,36017,ambulance_als,"Columbus, Town of","Sherburne, NY 13460"
Chenango,36017,ambulance_als,"Coventry Emergency Squad, Inc.","Greene, NY 13778"
Chenango,36017,ambulance_als,"German, Town of","McDonough, NY 13801"
Chenango,36017,ambulance_als,"Greene Emergency Squad, Inc.","Greene, NY 13778"
Chenango,36017,ambulance_als,Guilford Fire District,"Guilford, NY 13780"
Chenango,36017,ambulance_als,"New Berlin Ambulance Service, Town of","New Berlin, NY 13411"
Chenango,36017,ambulance_als,"New Berlin Ambulance Service, Village of","New Berlin, NY 13411"
Chenango,36017,ambulance_als,"Norwich Fire Department, City of","Norwich, NY 13815"
Chenango,36017,ambulance_als,"Oxford Fire Department Emergency Squad, Village of","Oxford, NY 13830"
Chenango,36017,ambulance_als,"Sherburne, Village of","Sherburne, NY 13460"
Chenango,36017,ambulance_als,"Smyrna EMS, Town of","Smyrna, NY 13464"
Chenango,36017,ambulance_als,South New Berlin Fire District Rescue Squad,"South New Berlin, NY 13843"
Chenango,36017,ambulance_als,South Otselic Fire Department,"South Otselic, NY 13155"
Clinton,36019,ambulance_als,Altona Fire District,"Altona, NY 12910"
Clinton,36019,ambulance_als,Ausable Chesterfield Keeseville Joint Fire District,"Keeseville, NY 12944"
Clinton,36019,ambulance_als,"Champlain EMS, Inc.","Champlain, NY 12919"
Clinton,36019,ambulance_als,"Chazy Volunteer Fire Department, Inc","Chazy, NY 12921"
Clinton,36019,ambulance_als,"Clinton, Town of","Churubusco, NY 12923"
Clinton,36019,ambulance_als,"Dannemora Fire Department, Village of","Dannemora, NY 12929"
Clinton,36019,ambulance_als,Ellenburg Center Volunteer Fire Department,"Ellenburg Center, NY 12934"
Clinton,36019,ambulance_als,Ellenburg Depot Fire District 21,"Ellenburg Depot, NY 12935"
Clinton,36019,ambulance_als,"Emergency Medical Transport of CVPH, Inc.","Plattsburgh, NY 12901"
Clinton,36019,ambulance_als,"Morrisonville Schuyler Falls Volunteer Ambulance Service, Inc.","Morrisonville, NY 12962"
Clinton,36019,ambulance_als,Peru Fire District,"Peru, NY 12972"
Clinton,36019,ambulance_als,"Plattsburgh, City of","Plattsburgh, NY 12901"
Clinton,36019,ambulance_als,Rouses Point Fire Department,"Rouses Point, NY 12979"
Clinton,36019,ambulance_als,Saranac Fire District,"Saranac, NY 12981"
Clinton,36019,ambulance_als,West Chazy Fire District,"West Chazy, NY 12992"
Columbia,36021,ambulance_als,"Chatham Rescue Squad, Inc.","Ghent, NY 12075"
Columbia,36021,ambulance_als,"Clausson Raught Community Rescue Squad, Inc.","Copake, NY 12516"
Columbia,36021,ambulance_als,Columbia County EMS,"Hudson, NY 12534"
Columbia,36021,ambulance_als,"Greenport Rescue Squad, Inc.","Hudson, NY 12534"
Columbia,36021,ambulance_als,Lebanon Valley Auto Racing Corporation,"West Lebanon, NY 12195"
Columbia,36021,ambulance_als,"Valatie Volunteer Rescue Squad, Inc.","Valatie, NY 12184"
Cortland,36023,ambulance_als,Cincinnatus Fire District,"Cincinnatus, NY 13040"
Cortland,36023,ambulance_als,"Marathon Area Volunteer Ambulance Corps, Inc.","Marathon, NY 13803"
Cortland,36023,ambulance_als,"TLC Emergency Medical Services, Inc.","Syracuse, NY 13203"
Delaware,36025,ambulance_als,"Andes Fire Department, Inc.","Andes, NY 13731"
Delaware,36025,ambulance_als,Bloomville Fire Department Emergency Squad,"Bloomville, NY 13739"
Delaware,36025,ambulance_als,Bovina Emergency Squad,"Bovina Center, NY 13740"
Delaware,36025,ambulance_als,Delhi Fire Department Emergency Medical Services,"Delhi, NY 13753"
Delaware,36025,ambulance_als,Downsville Fire District,"Downsville, NY 13755"
Delaware,36025,ambulance_als,Emergency Squad #1 of the Sidney FD of Village of Sidney  Inc.,"Sidney, NY 13838"
Delaware,36025,ambulance_als,"Franklin Fire Department and Emergency Squad, Inc","Franklin, NY 13775"
Delaware,36025,ambulance_als,Grand Gorge Fire District,"Grand Gorge, NY 12434"
Delaware,36025,ambulance_als,"Headwaters Emergency Medical Services, Inc.","Stamford, NY 12167"
Delaware,36025,ambulance_als,"Hobart Fire Department Emergency Squad, Village of","Hobart, NY 13788"
Delaware,36025,ambulance_als,Margaretville Memorial Hospital Ambulance Squad,"Margaretville, NY 12455"
Delaware,36025,ambulance_als,Meridale Rural Fire District,"Meridale, NY 13806"
Delaware,36025,ambulance_als,"New York Safety Track, LLC","Harpersfield, NY 13786"
Delaware,36025,ambulance_als,Roxbury Fire District,"Roxbury, NY 12474"
Delaware,36025,ambulance_als,Stamford Joint Fire District,"Stamford, NY 12167"
Delaware,36025,ambulance_als,"Town of Hancock Volunteer Ambulance Corps, Inc.","Hancock, NY 13783"
Delaware,36025,ambulance_als,"Treadwell Fire Department Emergency Squad, Inc.","Treadwell, NY 13846"
Delaware,36025,ambulance_als,"Trout Creek Volunteer Fire Company, Inc.","Trout Creek, NY 13847"
Delaware,36025,ambulance_als,"Walton Fire Department Emergency Squad, Village of","Walton, NY 13856"
Dutchess,36027,ambulance_als,"Amenia Fire Company #1, Inc.","Amenia, NY 12501"
Dutchess,36027,ambulance_als,Arlington Fire District,"Poughkeepsie, NY 12603"
Dutchess,36027,ambulance_als,Arlington Fire District,"Poughkeepsie, NY 12603"
Dutchess,36027,ambulance_als,"Beacon Volunteer Ambulance Corps, Inc.","Beacon, NY 12508"
Dutchess,36027,ambulance_als,Beekman Fire District,"Poughquag, NY 12570"
Dutchess,36027,ambulance_als,"Dover Ambulance Service, Town of","Dover Plains, NY 12522"
Dutchess,36027,ambulance_als,East Clinton Fire District,"Clinton Corners, NY 12514"
Dutchess,36027,ambulance_als,East Fishkill Fire District,"Hopewell Junction, NY 12533"
Dutchess,36027,ambulance_als,Fairview Fire District,"Poughkeepsie, NY 12601"
Dutchess,36027,ambulance_als,La Grange Fire District EMS,"Poughkeepsie, NY 12603"
Dutchess,36027,ambulance_als,"Milan Volunteer Fire Department, Inc.","Milan, NY 12571"
Dutchess,36027,ambulance_als,Millbrook Fire Dept. Rescue Squad,"Millbrook, NY 12545"
Dutchess,36027,ambulance_als,"Northern Dutchess Paramedics, Inc.","Rhinebeck, NY 12572"
Dutchess,36027,ambulance_als,Pine Plains Hose Company Rescue Squad,"Pine Plains, NY 12567"
Dutchess,36027,ambulance_als,Pleasant Valley Fire District #1,"Pleasant Valley, NY 12569"
Dutchess,36027,ambulance_als,"Red Hook Fire Company, Inc.","Red Hook, NY 12571"
Dutchess,36027,ambulance_als,"Rhinebeck Fire Department Rescue Squad, Village of","Rhinebeck, NY 12572"
Dutchess,36027,ambulance_als,Rhinecliff Fire District Rescue Squad,"Rhinecliff, NY 12574"
Dutchess,36027,ambulance_als,Roosevelt Fire District Rescue Squad,"Hyde Park, NY 12538"
Dutchess,36027,ambulance_als,"Tivoli Fire Department, Village of","Tivoli, NY 12583"
Dutchess,36027,ambulance_als,Union Vale Fire District,"Billings, NY 12510"
Dutchess,36027,ambulance_als,VA of Hudson Valley,"Wappingers Falls, NY 12590"
Dutchess,36027,ambulance_als,West Clinton Fire District,"Staatsburg, NY 12580"
Erie,36029,ambulance_als,"Alden EMS Department, Village of","Alden, NY 14004"
Erie,36029,ambulance_als,"Alden EMS, Town of","Alden, NY 14004"
Erie,36029,ambulance_als,"Angola, Village of","Angola, NY 14006"
Erie,36029,ambulance_als,"Armor Volunteer Fire Company, Inc.","Hamburg, NY 14075"
Erie,36029,ambulance_als,"Big Tree Emergency Medical Services, Inc.","Hamburg, NY 14075"
Erie,36029,ambulance_als,"Blasdell Volunteer Fire Department, Village of","Blasdell, NY 14219"
Erie,36029,ambulance_als,Blossom Volunteer Fire Company,"Elma, NY 14059"
Erie,36029,ambulance_als,"Boston Emergency Squad, Inc.","Boston, NY 14025"
Erie,36029,ambulance_als,"Clarence Center Volunteer Fire Company, Inc.","Clarence Center, NY 14032"
Erie,36029,ambulance_als,Clarence Fire District #1,"Clarence, NY 14031"
Erie,36029,ambulance_als,Colden Fire District,"Colden, NY 14033"
Erie,36029,ambulance_als,"East Amherst Fire Department, Inc.","East Amherst, NY 14051"
Erie,36029,ambulance_als,"East Concord Fire Department, Inc","East Concord, NY 14055"
Erie,36029,ambulance_als,"East Seneca Volunteer Fire Company, Inc.","West Seneca, NY 14224"
Erie,36029,ambulance_als,"Eden Emergency Squad, Inc.","Eden, NY 14057"
Erie,36029,ambulance_als,"Elma Volunteer Fire Company, Inc.","Elma, NY 14059"
Erie,36029,ambulance_als,Erie County Emergency Services Division of EMS,"Cheektowaga, NY 14227"
Erie,36029,ambulance_als,"Erie EMS, County of","Cheektowaga, NY 14227"
Erie,36029,ambulance_als,"Evans Center Volunteer Fire Company, Inc.","Angola, NY 14006"
Erie,36029,ambulance_als,"Farnham Volunteer Fire Company, Inc.","Farnham, NY 14061"
Erie,36029,ambulance_als,Gowanda Ambulance Service Corp.,"Gowanda, NY 14070"
Erie,36029,ambulance_als,"Grand Island Fire Company, Inc.","Grand Island, NY 14072"
Erie,36029,ambulance_als,"Hamburg Volunteer Fire Department, Inc.","Hamburg, NY 14075"
Erie,36029,ambulance_als,"Hamburg, Town of","Hamburg, NY 14075"
Erie,36029,ambulance_als,"Highland Hose Volunteer Fire Company, Inc.","Derby, NY 14047"
Erie,36029,ambulance_als,Holland Fire District #1,"Holland, NY 14080"
Erie,36029,ambulance_als,"Jamison Road Volunteer Fire Company, Inc.","Elma, NY 14059"
Erie,36029,ambulance_als,"Lake Erie Beach Volunteer Fire Company, Inc.","Angola, NY 14006"
Erie,36029,ambulance_als,"Lake Shore Volunteer Fire Company, Inc.","Hamburg, NY 14075"
Erie,36029,ambulance_als,Lake View Fire District,"Lake View, NY 14085"
Erie,36029,ambulance_als,"Lancaster Volunteer Ambulance Corps, Inc.","Lancaster, NY 14086"
Erie,36029,ambulance_als,"LaSalle Ambulance, Inc.","Buffalo, NY 14215"
Erie,36029,ambulance_als,"Marilla Fire Company, Inc.","Marilla, NY 14102"
Erie,36029,ambulance_als,Memorial Volunteer Fire Company of Chaffee-Sardinia,"Chaffee, NY 14030"
Erie,36029,ambulance_als,"Mercy Flight, Inc.","Buffalo, NY 14225"
Erie,36029,ambulance_als,"Mercy Flight, Inc.","Buffalo, NY 14225"
Erie,36029,ambulance_als,"Mercy Flight, Inc.","Buffalo, NY 14225"
Erie,36029,ambulance_als,"Newstead Volunteer Fire Company, Inc.","Akron, NY 14001"
Erie,36029,ambulance_als,"Newton Abbott Fire Company, Inc.","Blasdell, NY 14219"
Erie,36029,ambulance_als,"North Amherst Fire Company, Inc.","Amherst, NY 14228"
Erie,36029,ambulance_als,"North Collins Emergency Squad, Inc.","North Collins, NY 14111"
Erie,36029,ambulance_als,"Orchard Park Fire District EMS, Inc.","Orchard Park, NY 14127"
Erie,36029,ambulance_als,Reserve Hose Company #1 of the Town of West Seneca,"West Seneca, NY 14218"
Erie,36029,ambulance_als,"Scranton Volunteer Fire Company, Inc.","Hamburg, NY 14075"
Erie,36029,ambulance_als,South Line Fire District #10,"Cheektowaga, NY 14227"
Erie,36029,ambulance_als,South Line Fire District No. 10,"Cheektowaga, NY 14227"
Erie,36029,ambulance_als,"South Wales Volunteer Fire Company, Inc.","South Wales, NY 14139"
Erie,36029,ambulance_als,Spring Brook Fire District,"Spring Brook, NY 14140"
Erie,36029,ambulance_als,"Springville Volunteer Fire Company, Inc.","Springville, NY 14141"
Erie,36029,ambulance_als,"Swormville Fire Company, Inc.","East Amherst, NY 14051"
Erie,36029,ambulance_als,"Tonawanda Fire Department, City of","Tonawanda, NY 14150"
Erie,36029,ambulance_als,Town of Tonawanda,"Kenmore, NY 14223"
Erie,36029,ambulance_als,Town of Tonawanda,"Tonawanda, NY 14223"
Erie,36029,ambulance_als,"Town's Ambulance Service, Inc.","Buffalo, NY 14215"
Erie,36029,ambulance_als,Twin City Ambulance Corporation,"Amherst, NY 14228"
Erie,36029,ambulance_als,"Wales Center Volunteer Fire Company, Inc.","Wales Center, NY 14169"
Erie,36029,ambulance_als,"West Falls Volunteer Fire Company, Inc.","West Falls, NY 14170"
Erie,36029,ambulance_als,West Seneca Fire District #2,"West Seneca, NY 14224"
Erie,36029,ambulance_als,West Seneca Fire District #6,"West Seneca, NY 14224"
Erie,36029,ambulance_als,Woodlawn Volunteer Fire Company,"Blasdell, NY 14219"
Essex,36031,ambulance_als,Ausable Forks Volunteer Ambulance Service Corporation,"Ausable Forks, NY 12912"
Essex,36031,ambulance_als,Elizabethtown Community Hospital Transport,"Elizabethtown, NY 12932"
Essex,36031,ambulance_als,"Elizabethtown Lewis Emergency Squad, Inc.","Elizabethtown, NY 12932"
Essex,36031,ambulance_als,"Essex, County of","Lewis, NY 12950"
Essex,36031,ambulance_als,"Keene Emergency Medical Services, Inc.","Keene, NY 12942"
Essex,36031,ambulance_als,Keene Valley Hose & Ladder Company,"Keene Valley, NY 12943"
Essex,36031,ambulance_als,"Lake Placid Volunteer Ambulance Service, Inc.","Lake Placid, NY 12946"
Essex,36031,ambulance_als,"Schroon Lake Emergency Squad, Inc.","Schroon Lake, NY 12870"
Essex,36031,ambulance_als,Sylvamo,"Ticonderoga, NY 12883"
Essex,36031,ambulance_als,"Ticonderoga Emergency Squad, Inc.","Ticonderoga, NY 12883"
Essex,36031,ambulance_als,"Town of Moriah Ambulance Squad, Inc.","Moriah, NY 12960"
Essex,36031,ambulance_als,"Town of Newcomb Volunteer Fire Department, Inc.,","Newcomb, NY 12852"
Essex,36031,ambulance_als,Westport Fire District,"Westport, NY 12993"
Essex,36031,ambulance_als,"Willsboro-Essex EMS, Inc.","Essex, NY 12936"
Essex,36031,ambulance_als,"Wilmington Ambulance Service, Town of","Wilmington, NY 12997"
Franklin,36033,ambulance_als,Akwesasne Mohawk Ambulance,"Akwesasne, NY 13655"
Franklin,36033,ambulance_als,"Bangor Volunteer Fire Department, Inc.","North Bangor, NY 12966"
Franklin,36033,ambulance_als,Bombay Fire Corporation,"Bombay, NY 12914"
Franklin,36033,ambulance_als,"Constable Volunteer Firemen, Inc.","Constable, NY 12926"
Franklin,36033,ambulance_als,"Foothills Ambulance Service, Inc.","Burke, NY 12917"
Franklin,36033,ambulance_als,"Fort Covington E.M.S., Inc.","Fort Covington, NY 12937"
Franklin,36033,ambulance_als,"Franklin First Response Agency, County of","Malone, NY 12953"
Franklin,36033,ambulance_als,"Malone E.M.S., Inc.","Malone, NY 12953"
Franklin,36033,ambulance_als,"Moira EMS, Inc.","Moira, NY 12957"
Franklin,36033,ambulance_als,"North Country Life Flight, Inc.","Saranac Lake, NY 12983"
Franklin,36033,ambulance_als,"Owls Head Mountainview Volunteer Fire Company, Inc.","Owls Head, NY 12969"
Franklin,36033,ambulance_als,"Saranac Lake Volunteer Rescue Squad, Inc.","Saranac Lake, NY 12983"
Franklin,36033,ambulance_als,"St. Regis Falls Ambulance, Inc.","St. Regis Falls, NY 12980"
Franklin,36033,ambulance_als,Tupper Lake Volunteer Ambulance & Emergency Squad,"Tupper Lake, NY 12986"
Franklin,36033,ambulance_als,"Westville Volunteer Firemen's Association, Inc.","Constable, NY 12926"
Fulton,36035,ambulance_als,Fulton County Emergency Management,"Johnstown, NY 12095"
Fulton,36035,ambulance_als,"Johnstown, City of","Johnstown, NY 12095"
Fulton,36035,ambulance_als,"Northampton Ambulance Service, Town of","Northville, NY 12134"
Genesee,36037,ambulance_als,"Bergen Fire Department, Inc.","Bergen, NY 14416"
Genesee,36037,ambulance_als,"Bethany Volunteer Fire Company, Inc.","East Bethany, NY 14054"
Genesee,36037,ambulance_als,"Byron Fire Department No. 1, Inc.","Byron, NY 14422"
Genesee,36037,ambulance_als,"Darien Emergency Medical Services, Inc.","Darien Center, NY 14040"
Genesee,36037,ambulance_als,"Leroy Ambulance Service, Inc.","LeRoy, NY 14482"
Genesee,36037,ambulance_als,"Six Flags Darien, LLC","Darien Center, NY 14040"
Greene,36039,ambulance_als,"Ashland, Town of","Ashland, NY 12407"
Greene,36039,ambulance_als,"Cairo, Town of","Cairo, NY 12413"
Greene,36039,ambulance_als,"Catskill, Town of","Catskill, NY 12414"
Greene,36039,ambulance_als,"Coxsackie Ambulance Service, Town of","Coxsackie, NY 12051"
Greene,36039,ambulance_als,"Durham Ambulance, Inc.","East Durham, NY 12423"
Greene,36039,ambulance_als,"Greene County Emergency Medical Services, Inc.","Cairo, NY 12413"
Greene,36039,ambulance_als,"Greenville Rescue Squad, Inc.","Greenville, NY 12083"
Greene,36039,ambulance_als,"Hunter Area Ambulance Service, Town of","Tannersville, NY 12485"
Greene,36039,ambulance_als,"Lexington, Town of","Lexington, NY 12452"
Greene,36039,ambulance_als,Ski Windham Operating Corporation,"Windham, NY 12496"
Greene,36039,ambulance_als,"Windham, Town of","Hensonville, NY 12439"
Hamilton,36041,ambulance_als,Indian Lake Fire District #2,"Blue Mt. Lake, NY 12812"
Hamilton,36041,ambulance_als,"Indian Lake Volunteer Ambulance Corps, Inc.","Indian Lake, NY 12842"
Hamilton,36041,ambulance_als,"Inlet Volunteer Emergency Services, Inc.","Inlet, NY 13360"
Hamilton,36041,ambulance_als,"Long Lake Rescue Squad, Inc.","Long Lake, NY 12847"
Hamilton,36041,ambulance_als,"Raquette Lake Volunteer Ambulance Squad, Inc.","Raquette Lake, NY 13436"
Hamilton,36041,ambulance_als,"Speculator Volunteer Ambulance Corps, Inc.","Speculator, NY 12164"
Hamilton,36041,ambulance_als,"Wells Volunteer Ambulance Corps, Inc.","Wells, NY 12190"
Herkimer,36043,ambulance_als,Cedarville Ambulance Inc.,"Ilion, NY 13357"
Herkimer,36043,ambulance_als,"Ilion Ambulance Department, Village of","Ilion, NY 13357"
Herkimer,36043,ambulance_als,Kuyahoora Volunteer Ambulance Corps. Inc.,"Poland, NY 13431"
Herkimer,36043,ambulance_als,"Little Falls Ambulance, City of","Little Falls, NY 13365"
Herkimer,36043,ambulance_als,"Mohawk Valley Ambulance Corps, Inc.","Mohawk, NY 13407"
Herkimer,36043,ambulance_als,"Old Forge Volunteer Ambulance Corps., Inc.","Old Forge, NY 13420"
Herkimer,36043,ambulance_als,"West Winfield Fire Department, Village of","West Winfield, NY 13491"
Jefferson,36045,ambulance_als,Alexandria Bay Joint Fire District,"Alexandria Bay, NY 13607"
Jefferson,36045,ambulance_als,"Black River Ambulance Squad, Inc.","Black River, NY 13612"
Jefferson,36045,ambulance_als,"Cape Vincent Ambulance Squad, Inc.","Cape Vincent, NY 13618"
Jefferson,36045,ambulance_als,"Carthage Area Rescue Squad, Inc.","Carthage, NY 13619"
Jefferson,36045,ambulance_als,"Evans Mills Volunteer Ambulance Squad, Inc.","Evans Mills, NY 13637"
Jefferson,36045,ambulance_als,Fort Drum Emergency Medical Services,"Fort Drum, NY 13602"
Jefferson,36045,ambulance_als,"Guilfoyle Ambulance Service, Inc.","Watertown, NY 13601"
Jefferson,36045,ambulance_als,"Henderson Fire Department, Inc.","Henderson, NY 13650"
Jefferson,36045,ambulance_als,"Indian River Ambulance Service, Inc.","Philadelphia, NY 13673"
Jefferson,36045,ambulance_als,"Natural Bridge Volunteer Ambulance, Inc.","Natural Bridge, NY 13665"
Jefferson,36045,ambulance_als,"South Jefferson Rescue Squad, Inc.","Adams, NY 13605"
Jefferson,36045,ambulance_als,"Thousand Islands Emergency Rescue Service, Inc.","Clayton, NY 13624"
Jefferson,36045,ambulance_als,"Town of Watertown Ambulance Service, Inc.","Watertown, NY 13601"
Jefferson,36045,ambulance_als,"Wellesley Island Volunteer Fire Company, Inc.","Wellesley Island, NY 13640"
Kings,36047,ambulance_als,"ALS Services, Inc.","Brooklyn, NY 11230"
Kings,36047,ambulance_als,"Bedford-Stuyvesant Volunteer Ambulance Corps, Inc.","Brooklyn, NY 11221"
Kings,36047,ambulance_als,"Bravo Volunteer Ambulance Service, Inc.","Brooklyn, NY 11228"
Kings,36047,ambulance_als,Brooklyn College Emergency Medical Squad,"Brooklyn, NY 11210"
Kings,36047,ambulance_als,Catskills Hatzalah Inc.,"Brooklyn, NY 11230"
Kings,36047,ambulance_als,"Chasdei Devorah, Inc.","Brooklyn, NY 11204"
Kings,36047,ambulance_als,"Chevra Hatzalah, Inc.","Brooklyn, NY 11230"
Kings,36047,ambulance_als,"Community Care EMS, LLC","Brooklyn, NY 11218"
Kings,36047,ambulance_als,"Crest Transportation Services, Inc.","Brooklyn, NY 11203"
Kings,36047,ambulance_als,East Midwood Volunteer Ambulance Corps,"Brooklyn, NY 11218"
Kings,36047,ambulance_als,Fire Department of New York (aka: FDNY),"Brooklyn, NY 11201"
Kings,36047,ambulance_als,"Flatlands Vol. Ambulance and First Aid Corps, Inc.","Brooklyn, NY 11234"
Kings,36047,ambulance_als,"Gerrittsen Beach Fire Volunteers, Inc.","Brooklyn, NY 11229"
Kings,36047,ambulance_als,"Instacare 1, LLC","Brooklyn, NY 11218"
Kings,36047,ambulance_als,"Instacare 1, LLC","Brooklyn, NY 11223"
Kings,36047,ambulance_als,Maimonides Medical Center,"Brooklyn, NY 11219"
Kings,36047,ambulance_als,New York City Police Department - Emergency Service Unit,"Brooklyn, NY 11234"
Kings,36047,ambulance_als,NYPD Aviation Unit,"Brooklyn, NY 11234"
Kings,36047,ambulance_als,NYU Langone Hospitals,"Brooklyn, NY 11220"
Kings,36047,ambulance_als,"Park Slope Volunteer Ambulance Corps, Inc.","Brooklyn, NY 11215"
Kings,36047,ambulance_als,Wyckoff Heights Medical Center Ambulance Service,"Brooklyn, NY 11237"
Lewis,36049,ambulance_als,"Beaver Falls Fire Department, Inc.","Beaver Falls, NY 13305"
Lewis,36049,ambulance_als,"Constableville Ambulance, Inc.","Constableville, NY 13325"
Lewis,36049,ambulance_als,"J.S. Koster Hose Company, Inc.","Port Leyden, NY 13433"
Lewis,36049,ambulance_als,"Lewis County Search and Rescue, Inc.","Lowville, NY 13367"
Lewis,36049,ambulance_als,"Lyons Falls Fire Department, Village of","Lyons Falls, NY 13368"
Lewis,36049,ambulance_als,"Osceola Ambulance Service, Town of","Camden, NY 13316"
Lewis,36049,ambulance_als,Turin Ambulance Inc.,"Turin, NY 13473"
Lewis,36049,ambulance_als,"West Leyden Volunteer Ambulance Company, Inc","West Leyden, NY 13489"
Livingston,36051,ambulance_als,"Dansville Emergency Medical Services Dept., Village of","Dansville, NY 14437"
Livingston,36051,ambulance_als,"Geneseo Fire Department, Village of","Geneseo, NY 14454"
Livingston,36051,ambulance_als,"Lima Volunteer Ambulance, Village of","Lima, NY 14485"
Livingston,36051,ambulance_als,"Livingston, County of","Mount Morris, NY 14510"
Livingston,36051,ambulance_als,Mount Morris Town Ambulance,"Mt. Morris, NY 14510"
Livingston,36051,ambulance_als,"Nunda Fire Company, Inc.","Nunda, NY 14517"
Livingston,36051,ambulance_als,Town of Livonia Ambulance District #1,"Livonia, NY 14487"
Madison,36053,ambulance_als,"Cazenovia Area Volunteer Ambulance Corps, Inc.","Cazenovia, NY 13035"
Madison,36053,ambulance_als,"Georgetown Emergency Squad, Town of","Georgetown, NY 13072"
Madison,36053,ambulance_als,"Greater Lenox Ambulance Service, Inc.","Canastota, NY 13032"
Madison,36053,ambulance_als,"Madison Ambulance, Village of","Madison, NY 13402"
Madison,36053,ambulance_als,Madison County EMS,"Wampsville, NY 13163"
Madison,36053,ambulance_als,"Oneida Fire Department, City of","Oneida, NY 13421"
Madison,36053,ambulance_als,"Smithfield Eaton Volunteer Ambulance Corp, Inc.","Morrisville, NY 13408"
Madison,36053,ambulance_als,"Vineall Ambulance, Inc.","Oneida, NY 13421"
Monroe,36055,ambulance_als,Barnard Fire District,"Rochester, NY 14616"
Monroe,36055,ambulance_als,"Beacon Transportation, Inc.","Rochester, NY 14611"
Monroe,36055,ambulance_als,"Brighton Volunteer Ambulance, Inc.","Rochester, NY 14618"
Monroe,36055,ambulance_als,"Brockport Volunteer Ambulance Corps, Inc.","Brockport, NY 14420"
Monroe,36055,ambulance_als,"CHS Mobile Integrated Healthcare, Inc.","Rochester, NY 14623"
Monroe,36055,ambulance_als,"CHS Mobile Integrated Healthcare, Inc.","Rochester, NY 14623"
Monroe,36055,ambulance_als,"Gates Volunteer Ambulance Service, Inc.","Rochester, NY 14624"
Monroe,36055,ambulance_als,"Gates Volunteer Ambulance Service, Inc.","Rochester, NY 14624"
Monroe,36055,ambulance_als,"Honeoye Falls Ambulance, Village of","Honeoye Falls, NY 14472"
Monroe,36055,ambulance_als,"Irondequoit Ambulance, Inc.","Rochester, NY 14609"
Monroe,36055,ambulance_als,"Irondequoit Ambulance, Inc.","Rochester, NY 14609"
Monroe,36055,ambulance_als,"Monroe Medi-Trans, Inc.","Rochester, NY 14606"
Monroe,36055,ambulance_als,"Monroe Medi-Trans, Inc.","Rochester, NY 14606"
Monroe,36055,ambulance_als,"Monroe Medi-Trans, Inc.","Rochester, NY 14606"
Monroe,36055,ambulance_als,"National Ambulance & Oxygen Service, Inc.","Rochester, NY 14611"
Monroe,36055,ambulance_als,"National Ambulance & Oxygen Service, Inc.","Rochester, NY 14611"
Monroe,36055,ambulance_als,"Northeast Quadrant ALS, Inc.","Webster, NY 14580"
Monroe,36055,ambulance_als,"Perinton Volunteer Ambulance Corps, Inc.","Fairport, NY 14450"
Monroe,36055,ambulance_als,"Pittsford Volunteer Ambulance Service, Inc.","Pittsford, NY 14534"
Monroe,36055,ambulance_als,"Pittsford Volunteer Ambulance Service, Inc.","Pittsford, NY 14534"
Monroe,36055,ambulance_als,Rochester Institute of Technology Ambulance,"Rochester, NY 14623"
Monroe,36055,ambulance_als,Rush Fire District,"Rush, NY 14543"
Monroe,36055,ambulance_als,Sea Breeze Fire District,"Rochester, NY 14622"
Monroe,36055,ambulance_als,"The Penfield Volunteer Emergency Ambulance Service, Inc.","Penfield, NY 14526"
Monroe,36055,ambulance_als,"Webster Emergency Medical Service, Town of","Webster, NY 14580"
Montgomery,36057,ambulance_als,"Amsterdam, City of","Amsterdam, NY 12010"
Montgomery,36057,ambulance_als,"Amsterdam, City of","Amsterdam, NY 12010"
Montgomery,36057,ambulance_als,Montgomery County EMS,"Fultonville, NY 12072"
Montgomery,36057,ambulance_als,Priority Ambulance New York LLC,"Amsterdam, NY 12010"
Montgomery,36057,ambulance_als,"St. Johnsville Volunteer Ambulance Corps, Inc.","St. Johnsville, NY 13452"
Nassau,36059,ambulance_als,"Alamo Ambulance Service, Inc.","Syosset, NY 11791"
Nassau,36059,ambulance_als,Atlantic Beach Fire District,"Atlantic Beach, NY 11509"
Nassau,36059,ambulance_als,Baldwin Fire District,"Baldwin, NY 11510"
Nassau,36059,ambulance_als,"Bayville Fire Company, Inc.","Bayville, NY 11709"
Nassau,36059,ambulance_als,Bellmore Fire District,"Bellmore, NY 11710"
Nassau,36059,ambulance_als,"Bellmore-Merrick E.M.S., Inc.","Bellmore, NY 11710"
Nassau,36059,ambulance_als,Bethpage Fire District,"Bethpage, NY 11714"
Nassau,36059,ambulance_als,"Carle Place Hook, Ladder & Hose Co. No. 1","Carle Place, NY 11514"
Nassau,36059,ambulance_als,East Meadow Fire District,"East Meadow, NY 11554"
Nassau,36059,ambulance_als,"East Norwich Volunteer Fire Company No. 1, Inc.","East Norwich, NY 11732"
Nassau,36059,ambulance_als,"East Rockaway Fire Department, Village of","East Rockaway, NY 11518"
Nassau,36059,ambulance_als,Elmont Fire District Ambulance,"Elmont, NY 11003"
Nassau,36059,ambulance_als,"Farmingdale, Village of","Farmingdale, NY 11735"
Nassau,36059,ambulance_als,"Floral Park Volunteer Fire Department, Village of","Floral Park, NY 11001"
Nassau,36059,ambulance_als,Franklin Square and Munson Fire District,"Franklin Square, NY 11010"
Nassau,36059,ambulance_als,"Freeport Fire Department, Village of","Freeport, NY 11520"
Nassau,36059,ambulance_als,"Friendship Engine and Hose Company, Inc.","Merrick, NY 11566"
Nassau,36059,ambulance_als,Garden City Park Fire District,"New Hyde Park, NY 11040"
Nassau,36059,ambulance_als,"Glen Cove Volunteer EMS Corps, City of","Glen Cove, NY 11542"
Nassau,36059,ambulance_als,"Glenwood H&L-E&H Company, Inc.","Glenwood Landing, NY 11547"
Nassau,36059,ambulance_als,Hempstead Fire Department Rescue Squad No. 1,"Hempstead, NY 11550"
Nassau,36059,ambulance_als,Hewlett Bay Fire District,"Hewlett, NY 11557"
Nassau,36059,ambulance_als,Hicksville Fire District,"Hicksville, NY 11801"
Nassau,36059,ambulance_als,Inwood Fire District,"Inwood, NY 11096"
Nassau,36059,ambulance_als,"Island Park Vol Fire Department, Village of","Island Park, NY 11558"
Nassau,36059,ambulance_als,Jericho Fire Department,"Jericho, NY 11753"
Nassau,36059,ambulance_als,Lakeview Fire District,"West Hempstead, NY 11552"
Nassau,36059,ambulance_als,"Lawrence Cedarhurst Rescue, Inc.","Lawrence, NY 11559"
Nassau,36059,ambulance_als,Levittown Fire District,"Levittown, NY 11756"
Nassau,36059,ambulance_als,Lido and Point Lookout Fire District,"Point Lookout, NY 11569"
Nassau,36059,ambulance_als,Locust Valley Fire District,"Locust Valley, NY 11560"
Nassau,36059,ambulance_als,"Long Beach Fire Department, City of","Long Beach, NY 11561"
Nassau,36059,ambulance_als,Long Island Jewish Medical Center,"New Hyde Park, NY 11040"
Nassau,36059,ambulance_als,"Lynbrook FD Emergency Medical Co. #1, Inc.","Lynbrook, NY 11563"
Nassau,36059,ambulance_als,Manhasset-Lakeville Fire District,"Great Neck, NY 11023"
Nassau,36059,ambulance_als,Massapequa Fire District,"Massapequa, NY 11758"
Nassau,36059,ambulance_als,"Meadowmere Park Volunteer Fire Department, Inc.","Lawrence, NY 11559"
Nassau,36059,ambulance_als,Med-Trans Corporation,"Farmingdale, NY 11735"
Nassau,36059,ambulance_als,"Mineola Volunteer Ambulance Corps, Inc.","Mineola, NY 11501"
Nassau,36059,ambulance_als,Nassau County Police Department,"Mineola, NY 11501"
Nassau,36059,ambulance_als,Nassau University Medical Center,"East Meadow, NY 11554"
Nassau,36059,ambulance_als,New Hyde Park Fire District,"New Hyde Park, NY 11040"
Nassau,36059,ambulance_als,North Bellmore Fire District,"North Bellmore, NY 11710"
Nassau,36059,ambulance_als,North Massapequa Fire District,"Seaford, NY 11783"
Nassau,36059,ambulance_als,"North Merrick Fire Department, Inc.","North Merrick, NY 11566"
Nassau,36059,ambulance_als,North Shore University Hospital Ambulance Service,"Syosset, NY 11791"
Nassau,36059,ambulance_als,Oceanside Fire District,"Oceanside, NY 11572"
Nassau,36059,ambulance_als,Oyster Bay Fire Co No 1 Inc,"Oyster Bay, NY 11771"
Nassau,36059,ambulance_als,"Plainview Fire Department, Inc","Plainview, NY 11803"
Nassau,36059,ambulance_als,"Port Washington Fire Department, Inc.","Port Washington, NY 11050"
Nassau,36059,ambulance_als,"Rescue Hook & Ladder Co. #1, Roslyn, NY","Roslyn Heights, NY 11577"
Nassau,36059,ambulance_als,"Rockville Centre Fire Department, Village of","Rockville Centre, NY 11570"
Nassau,36059,ambulance_als,Roosevelt Fire District,"Roosevelt, NY 11575"
Nassau,36059,ambulance_als,"Sea Cliff Fire Department, Village of","Sea Cliff, NY 11579"
Nassau,36059,ambulance_als,Seaford Fire District,"Seaford, NY 11783"
Nassau,36059,ambulance_als,South Farmingdale Fire District,"South Farmingdale, NY 11735"
Nassau,36059,ambulance_als,"South Floral Park Fire Department, Village of","South Floral Park, NY 11001"
Nassau,36059,ambulance_als,South Hempstead Fire District,"South Hempstead, NY 11550"
Nassau,36059,ambulance_als,Stewart Manor Fire Department,"Stewart Manor, NY 11530"
Nassau,36059,ambulance_als,Syosset Fire District,"Syosset, NY 11791"
Nassau,36059,ambulance_als,Uniondale Fire District,"Uniondale, NY 11553"
Nassau,36059,ambulance_als,"Valley Stream Fire Department, Village of","Valley Stream, NY 11582"
Nassau,36059,ambulance_als,"Vigilant Engine and Hook and Ladder Co., Inc.","Great Neck, NY 11021"
Nassau,36059,ambulance_als,Wantagh Fire District,"Wantagh, NY 11793"
Nassau,36059,ambulance_als,Wantagh Levittown Volunteer Ambulance Corp.,"Levittown, NY 11756"
Nassau,36059,ambulance_als,West Hempstead Fire District,"West Hempstead, NY 11552"
Nassau,36059,ambulance_als,Westbury Fire District,"Westbury, NY 11590"
Nassau,36059,ambulance_als,"Williston Park Fire Department, Village of","Williston Park, NY 11596"
Nassau,36059,ambulance_als,Woodmere Fire District,"Woodmere, NY 11598"
New York,36061,ambulance_als,"Ambulnz NY6, LLC","New York, NY 10017"
New York,36061,ambulance_als,"Central Park Medical Unit, Inc.","New York, NY 10028"
New York,36061,ambulance_als,Columbia University Emergency Medical Service,"New York, NY 10027"
New York,36061,ambulance_als,GMR Event Services LLC,"New York City, NY 10019"
New York,36061,ambulance_als,Lenox Hill Hospital,"Syosset, NY 11791"
New York,36061,ambulance_als,Mount Sinai Hospital,"New York, NY 10019"
New York,36061,ambulance_als,New York Presbyterian EMS,"New York, NY 10021"
New York,36061,ambulance_als,New York-Presbyterian / Queens,"Flushing, NY 10065"
New York,36061,ambulance_als,St. Luke's Roosevelt Hospital Center,"New York, NY 10016"
Niagara,36063,ambulance_als,"Barker Fire Department, Inc.","Barker, NY 14012"
Niagara,36063,ambulance_als,"Cambria Volunteer Fire Company, Inc.","Lockport, NY 14094"
Niagara,36063,ambulance_als,"Lewiston Fire Company No 2, Inc.","Niagara Falls, NY 14304"
Niagara,36063,ambulance_als,"Lewiston Volunteer Fire Company, No 1","Lewiston, NY 14092"
Niagara,36063,ambulance_als,"Lockport Fire Department, City of","Lockport, NY 14094"
Niagara,36063,ambulance_als,"Lockport, City of","Lockport, NY 14094"
Niagara,36063,ambulance_als,"Miller Hose Company, Inc.","Newfane, NY 14108"
Niagara,36063,ambulance_als,Niagara County Sheriff's Office - Emergency Response Team,"Lockport, NY 14095"
Niagara,36063,ambulance_als,"Niagara, County of","Lockport, NY 14094"
Niagara,36063,ambulance_als,"North Tonawanda Fire Department, City of","North Tonawanda, NY 14120"
Niagara,36063,ambulance_als,"Olcott Fire Company, Inc.","Olcott, NY 14126"
Niagara,36063,ambulance_als,Ransomville Fire Company No.1 of the Hamlet of Ransomville NY Inc.,"Ransomville, NY 14131"
Niagara,36063,ambulance_als,"Rapids Volunteer Fire Company, Inc.","Lockport, NY 14094"
Niagara,36063,ambulance_als,"Shawnee Volunteer Fire Company, Inc.","Sanborn, NY 14132"
Niagara,36063,ambulance_als,"South Lockport Fire Company, Inc.","Lockport, NY 14094"
Niagara,36063,ambulance_als,"South Wilson Volunteer Fire Company, Inc.","Wilson, NY 14172"
Niagara,36063,ambulance_als,"Tri Community Ambulance Service, Inc.","Sanborn, NY 14132"
Niagara,36063,ambulance_als,Tri Town Ambulance Service Inc,"Gasport, NY 14067"
Niagara,36063,ambulance_als,"Upper Mountain Fire Company of Lewiston, NY, Inc.","Lewiston, NY 14092"
Niagara,36063,ambulance_als,"Wendelville Fire Company, Inc.","North Tonawanda, NY 14120"
Niagara,36063,ambulance_als,"Wilson Fire Volunteer Co No 1, Inc.","Wilson, NY 14172"
Niagara,36063,ambulance_als,"Wolcottsville Volunteer Fire Company, Inc.","Akron, NY 14001"
Niagara,36063,ambulance_als,"Wrights Corners Fire Company, Inc.","Lockport, NY 14094"
Niagara,36063,ambulance_als,"Youngstown Volunteer Fire Company, Inc.","Youngstown, NY 14174"
Oneida,36065,ambulance_als,"AmCare Ambulance Service, Inc.","Rome, NY 13440"
Oneida,36065,ambulance_als,Boonville Ambulance Inc,"Boonville, NY 13309"
Oneida,36065,ambulance_als,"Bridgewater Fire Company, Inc.","Bridgewater, NY 13313"
Oneida,36065,ambulance_als,"Camden Ambulance Service, Town of","Camden, NY 13316"
Oneida,36065,ambulance_als,"Camden Volunteer Fire Department, Village of","Camden, NY 13316"
Oneida,36065,ambulance_als,"Central Oneida County Volunteer Ambulance Corps, Inc","Clinton, NY 13323"
Oneida,36065,ambulance_als,Deerfield Fire District #1,"Deerfield, NY 13502"
Oneida,36065,ambulance_als,"Edwards Ambulance, Inc.","Chadwicks, NY 13319"
Oneida,36065,ambulance_als,"Florence Ambulance Service, Town of","Camden, NY 13316"
Oneida,36065,ambulance_als,Floyd Fire District,"Rome, NY 13440"
Oneida,36065,ambulance_als,"Lake Delta Volunteer Fire Department, Inc.","Rome, NY 13440"
Oneida,36065,ambulance_als,Maynard Fire District,"Marcy, NY 13403"
Oneida,36065,ambulance_als,"New Hartford Fire Department, Village of","New Hartford, NY 13413"
Oneida,36065,ambulance_als,"New York Mills, Village of","New York Mills, NY 13417"
Oneida,36065,ambulance_als,"North Bay Volunteer Fire Department, Inc.","North Bay, NY 13123"
Oneida,36065,ambulance_als,"Sherrill Fire Department, City of","Sherrill, NY 13461"
Oneida,36065,ambulance_als,Stittville Volunteer Fire Department,"Stittville, NY 13469"
Oneida,36065,ambulance_als,"Taberg Volunteer Fire Company, Inc","Taberg, NY 13471"
Oneida,36065,ambulance_als,"Utica Ambulance Service, Inc.","Utica, NY 13501"
Oneida,36065,ambulance_als,"Utica Fire Department Ambulance, City of","Utica, NY 13501"
Oneida,36065,ambulance_als,"Volunteer Fire Company of Vernon, Inc.","Vernon, NY 13476"
Oneida,36065,ambulance_als,"Volunteer Fire Company of Western, Inc","Westernville, NY 13486"
Oneida,36065,ambulance_als,"Whitesboro Fire Department, Village of","Whitesboro, NY 13492"
Oneida,36065,ambulance_als,"Willowvale Fire Company, Inc.","Chadwicks, NY 13319"
Oneida,36065,ambulance_als,"Woodgate Volunteer Fire Department, Inc.","Woodgate, NY 13494"
Onondaga,36067,ambulance_als,"Brewerton Volunteer Fire Department Ambulance, Inc.","Brewerton, NY 13029"
Onondaga,36067,ambulance_als,Dewitt Fire District,"Dewitt, NY 13214"
Onondaga,36067,ambulance_als,"East Area Volunteer Emergency Service, Inc.","East Syracuse, NY 13057"
Onondaga,36067,ambulance_als,"Eastern Paramedics, Inc.","Syracuse, NY 13204"
Onondaga,36067,ambulance_als,"Fayetteville, Village of","Fayetteville, NY 13066"
Onondaga,36067,ambulance_als,"Greater Baldwinsville Ambulance Corps, Inc.","Baldwinsville, NY 13027"
Onondaga,36067,ambulance_als,Jamesville Fire District,"Jamesville, NY 13078"
Onondaga,36067,ambulance_als,"LaFayette Ambulance Department, Inc.","LaFayette, NY 13084"
Onondaga,36067,ambulance_als,"Manlius Ambulance / EMS Service, Village of","Manlius, NY 13104"
Onondaga,36067,ambulance_als,"Marcellus Ambulance Volunteer Emergency Services, Inc.","Marcellus, NY 13108"
Onondaga,36067,ambulance_als,"Mattydale Fire Department, Inc.","Mattydale, NY 13211"
Onondaga,36067,ambulance_als,"Minoa Ambulance, Village of","Minoa, NY 13116"
Onondaga,36067,ambulance_als,"North Area Volunteer Ambulance Corps, Inc.","North Syracuse, NY 13212"
Onondaga,36067,ambulance_als,"Northern Onondaga Volunteer Ambulance, Inc.","Liverpool, NY 13090"
Onondaga,36067,ambulance_als,"Old Erie Emergency Services, Inc.","Jordan, NY 13080"
Onondaga,36067,ambulance_als,"Pompey Hill Volunteer Fire Dept, Inc.","Pompey, NY 13138"
Onondaga,36067,ambulance_als,"Skaneateles Ambulance Vol. Emergency Service, Inc.","Skaneateles, NY 13152"
Onondaga,36067,ambulance_als,"Syracuse Fire Department, City of","Syracuse, NY 13202"
Onondaga,36067,ambulance_als,Syracuse University - Carrier Dome Health Squad,"Syracuse, NY 13244"
Onondaga,36067,ambulance_als,Syracuse University Ambulance,"Syracuse, NY 13244"
Onondaga,36067,ambulance_als,"TLC Medical Transportation Services, Inc.","Syracuse, NY 13203"
Onondaga,36067,ambulance_als,"Tully Ambulance, Town of","Tully, NY 13159"
Onondaga,36067,ambulance_als,"Western Area Volunteer Emergency Service, Inc.","Camillus, NY 13031"
Ontario,36069,ambulance_als,"Canandaigua Emergency Squad, Inc.","Canandaigua, NY 14424"
Ontario,36069,ambulance_als,"Canandaigua Emergency Squad, Inc.","Canandaigua, NY 14424"
Ontario,36069,ambulance_als,Canandaigua Veterans Administration Medical Center FD,"Canandaigua, NY 14425"
Ontario,36069,ambulance_als,"Citizens Hose Company of Shortsville, Inc.","Shortsville, NY 14548"
Ontario,36069,ambulance_als,"Finger Lakes Ambulance EMS, Inc.","Clifton Springs, NY 14432"
Ontario,36069,ambulance_als,"Finger Lakes Racing Association, Inc.","Farmington, NY 14425"
Ontario,36069,ambulance_als,Fishers Fire District,"Victor, NY 14564"
Ontario,36069,ambulance_als,Mercy Flight Central Inc.,"Canandaigua, NY 14424"
Ontario,36069,ambulance_als,"Phelps Ambulance, Inc","Phelps, NY 14532"
Ontario,36069,ambulance_als,"Port Gibson Volunteer Fire Department, Inc.","Port Gibson, NY 14537"
Ontario,36069,ambulance_als,"Richmond Fire Department #1, Inc.","Honeoye, NY 14471"
Ontario,36069,ambulance_als,"Stanley Hall Gorham Ambulance Corps, Inc.","Hall, NY 14463"
Ontario,36069,ambulance_als,"Victor Farmington Volunteer Ambulance Corps, Inc.","Victor, NY 14564"
Orange,36071,ambulance_als,"Ambulnz NY2, LLC","Newburgh, NY 12550"
Orange,36071,ambulance_als,"Blooming Grove Volunteer Ambulance Corps, Inc.","Washingtonville, NY 10992"
Orange,36071,ambulance_als,"Goshen EMS Corps, Inc.","Goshen, NY 10924"
Orange,36071,ambulance_als,"Goshen Volunteer Ambulance Corps, Inc.","Goshen, NY 10924"
Orange,36071,ambulance_als,"Greenville Township Volunteer Ambulance Corps, Inc.","Port Jervis, NY 12771"
Orange,36071,ambulance_als,"Greenwood Lake Ambulance, Inc.","Greenwood Lake, NY 10925"
Orange,36071,ambulance_als,"Highlands Ambulance, Town of","Highland Falls, NY 10928"
Orange,36071,ambulance_als,"Kiryas Joel Volunteer EMS, Inc.","Monroe, NY 10950"
Orange,36071,ambulance_als,"Lenape Volunteer Ambulance Corp, Inc.","Unionville, NY 10988"
Orange,36071,ambulance_als,Monroe Community Ambulance  Inc.,"Monroe, NY 10950"
Orange,36071,ambulance_als,"Mount Hope EMS, Town of","Otisville, NY 10963"
Orange,36071,ambulance_als,"New Windsor Volunteer Ambulance Corps, Inc.","New Windsor, NY 12553"
Orange,36071,ambulance_als,"Pine Bush Area Volunteer Ambulance Corps, Inc.","Pine Bush, NY 12566"
Orange,36071,ambulance_als,"Pine Island Volunteer Ambulance Corps, Inc.","Pine Island, NY 10969"
Orange,36071,ambulance_als,"Port Jervis Volunteer Ambulance Corps, Inc.","Port Jervis, NY 12771"
Orange,36071,ambulance_als,"South Blooming Grove, Village of","Blooming Grove, NY 10914"
Orange,36071,ambulance_als,"Town of Newburgh Emergency Medical Services, Inc.","Newburgh, NY 12550"
Orange,36071,ambulance_als,"Town of Wallkill Volunteer Ambulance Corps, Inc.","Middletown, NY 10941"
Orange,36071,ambulance_als,"Tuxedo Volunteer Ambulance Corps, Inc.","Tuxedo, NY 10987"
Orange,36071,ambulance_als,Walden Ambulance Corp.,"Walden, NY 12586"
Orange,36071,ambulance_als,Warwick Community Ambulance Service Inc.,"Warwick, NY 10990"
Orange,36071,ambulance_als,"Wawayanda, Town of","Slate Hill, NY 10973"
Orange,36071,ambulance_als,"Woodbury Community Ambulance, Inc.","Central Valley, NY 10917"
Orleans,36073,ambulance_als,"Medina Fire Department, Village of","Medina, NY 14103"
Oswego,36075,ambulance_als,"Donald McFee Memorial Ambulance Service, Inc.","Mexico, NY 13114"
Oswego,36075,ambulance_als,"Hannibal Fire Company, Inc.","Hannibal, NY 13074"
Oswego,36075,ambulance_als,"Northern Oswego County Ambulance, Inc.","Pulaski, NY 13142"
Oswego,36075,ambulance_als,"Oswego County Ambulance & Hearse Service, Inc.","Fulton, NY 13069"
Oswego,36075,ambulance_als,"Oswego Fire Department, City of","Oswego, NY 13126"
Oswego,36075,ambulance_als,Oswego Town Fire District,"Oswego, NY 13126"
Oswego,36075,ambulance_als,"Student Association Vol. Ambulance Corps of Oswego, Inc.","Oswego, NY 13126"
Otsego,36077,ambulance_als,"Cooperstown Fire Department Emergency Squad, Village of","Cooperstown, NY 13326"
Otsego,36077,ambulance_als,"Eagle Fire Engine & Hose Co Nos 1, 2, 3 Gilbertsville NY, Inc.","Gilbertsville, NY 13776"
Otsego,36077,ambulance_als,Edmeston Fire District,"Edmeston, NY 13335"
Otsego,36077,ambulance_als,"Fly Creek Volunteer Fire Company, Inc","Fly Creek, NY 13337"
Otsego,36077,ambulance_als,"Garrattsville Fire Company, Inc.","Garrattsville, NY 13342"
Otsego,36077,ambulance_als,"Hartwick Fire Department Emergency Squad, Town of","Hartwick, NY 13348"
Otsego,36077,ambulance_als,Laurens Fire District,"Laurens, NY 13796"
Otsego,36077,ambulance_als,"Milford Fire Department Emergency Squad, Village of","Milford, NY 13807"
Otsego,36077,ambulance_als,Morris Fire District,"Morris, NY 13808"
Otsego,36077,ambulance_als,"Oneonta, City of","Oneonta, NY 13820"
Otsego,36077,ambulance_als,Otego Fire District,"Otego, NY 13825"
Otsego,36077,ambulance_als,Otsego County Emergency Medical Service,"Cooperstown, NY 13326"
Otsego,36077,ambulance_als,"Richfield Springs, Village of","Richfield Springs, NY 13439"
Otsego,36077,ambulance_als,"Richfield, Town of","Richfield Springs, NY 13439"
Otsego,36077,ambulance_als,Schenevus Maryland Emergency Squad,"Schenevus, NY 12155"
Otsego,36077,ambulance_als,"Springfield Fire Department, Inc.","Springfield Center, NY 13468"
Otsego,36077,ambulance_als,"Unadilla Fire Department Emergency Squad, Village of","Unadilla, NY 13849"
Otsego,36077,ambulance_als,Worcester Fire District,"Worcester, NY 12197"
Putnam,36079,ambulance_als,"Brewster Southeast EMS, Inc.","Brewster, NY 10509"
Putnam,36079,ambulance_als,Carmel Volunteer Ambulance Corps,"Carmel, NY 10512"
Putnam,36079,ambulance_als,"Garrison Volunteer Ambulance Corp, Inc.","Garrison, NY 10524"
Putnam,36079,ambulance_als,"Kent EMS, Town of","Kent Lakes, NY 10512"
Putnam,36079,ambulance_als,"Lake Carmel Emergency Medical Services, Inc.","Carmel, NY 10512"
Putnam,36079,ambulance_als,"Mahopac Falls Volunteer Fire Department, Inc.","Mahopac Falls, NY 10542"
Putnam,36079,ambulance_als,"Mahopac Volunteer Fire Department, Inc.","Mahopac, NY 10541"
Putnam,36079,ambulance_als,"Patterson EMS, Town of","Patterson, NY 12563"
Putnam,36079,ambulance_als,"Patterson Fire Department #1, Inc.","Patterson, NY 12563"
Putnam,36079,ambulance_als,"Philipstown Volunteer Ambulance Corps, Inc.","Cold Spring, NY 10516"
Putnam,36079,ambulance_als,"Putnam Valley Volunteer Ambulance Corps, Inc.","Putnam Valley, NY 10579"
Queens,36081,ambulance_als,"Ambulnz NY, LLC","New York, NY 10017"
Queens,36081,ambulance_als,"Ambulnz NY3, LLC","New York, NY 10017"
Queens,36081,ambulance_als,"Bay Community Volunteer Ambulance Corps, Inc.","Bayside, NY 11361"
Queens,36081,ambulance_als,"Broad Channel Volunteers, Inc.","Broad Channel, NY 11693"
Queens,36081,ambulance_als,"Chesed of the Rockaways and Nassau County, Inc","Far Rockaway, NY 11691"
Queens,36081,ambulance_als,"Flushing Community Volunteer Ambulance Corps, Inc.","Flushing, NY 11358"
Queens,36081,ambulance_als,Flushing Hospital Medical Center,"Flushing, NY 11355"
Queens,36081,ambulance_als,"Forest Hills Volunteer Ambulance Corps, Inc.","Forest Hills, NY 11375"
Queens,36081,ambulance_als,"Glen Oaks Volunteer Ambulance Corps, Inc.","Floral Park, NY 11004"
Queens,36081,ambulance_als,"Hatzolah Emergency Air Response Team, Inc.","KEW GARDENS, NY 11415"
Queens,36081,ambulance_als,"Jamaica Estates-Holliswood-South Bayside VAC, Inc.","Bayside, NY 11364"
Queens,36081,ambulance_als,"Jamaica Hospital Ambulance Department, The","Jamaica, NY 11418"
Queens,36081,ambulance_als,"Lindenwood Community Volunteer Ambulance Corps, Inc.","Ozone Park, NY 11417"
Queens,36081,ambulance_als,"Little Neck-Douglaston Community Ambulance Corps, Inc.","Little Neck, NY 11363"
Queens,36081,ambulance_als,"MediSys Ambulance Service, Inc.","Jamaica, NY 11418"
Queens,36081,ambulance_als,"New York Racing Association, Inc.","South Ozone Park, NY 11417"
Queens,36081,ambulance_als,"North Shore Ambulance and Oxygen Service, Inc.","College Point, NY 11356"
Queens,36081,ambulance_als,NYC Police Relief Fund-EMS,"Long Island City, NY 11101"
Queens,36081,ambulance_als,Queens Village / Hollis / Bellerose Volunteer Ambulance,"Bellerose, NY 11426"
Queens,36081,ambulance_als,"Ridgewood Volunteer Ambulance Corps, Inc.","Ridgewood, NY 11385"
Queens,36081,ambulance_als,Rockaway Point Volunteer Emergency Services Inc,"Rockaway Point, NY 11697"
Queens,36081,ambulance_als,"Roxbury Volunteer Emergency Services, Inc.","Rockaway Point, NY 11697"
Queens,36081,ambulance_als,"West Hamilton Beach Volunteers, Inc.","Howard Beach, NY 11414"
Queens,36081,ambulance_als,Whitestone Community Volunteer Ambulance Service,"Whitestone, NY 11357"
Rensselaer,36083,ambulance_als,"Berlin, Town of","Berlin, NY 12022"
Rensselaer,36083,ambulance_als,"Brunswick EMS, Town of","Troy, NY 12180"
Rensselaer,36083,ambulance_als,"Castleton Volunteer Ambulance Service, Inc.","Castleton, NY 12033"
Rensselaer,36083,ambulance_als,"Grafton Rescue Squad, Inc.","Grafton, NY 12082"
Rensselaer,36083,ambulance_als,"Hoags Corners Volunteer Ambulance Assoc, Inc.","East Nassau, NY 12062"
Rensselaer,36083,ambulance_als,"Hoosic Valley Rescue Squad, Inc.","Schaghticoke, NY 12154"
Rensselaer,36083,ambulance_als,"Hoosick Regional EMS, Inc.","Hoosick Falls, NY 12090"
Rensselaer,36083,ambulance_als,Nassau Ambulance Inc.,"Nassau, NY 12123"
Rensselaer,36083,ambulance_als,"North Greenbush Ambulance Association, Inc.","Wynantskill, NY 12198"
Rensselaer,36083,ambulance_als,"Petersburgh Rescue Ambulance Squad, Inc.","Petersburg, NY 12138"
Rensselaer,36083,ambulance_als,"Pittstown Volunteer Emergency Corps, Inc.","Johnsonville, NY 12094"
Rensselaer,36083,ambulance_als,"Poestenkill, Town of","Poestenkill, NY 12140"
Rensselaer,36083,ambulance_als,Rensselaer Polytechnic Institute Ambulance,"Troy, NY 12180"
Rensselaer,36083,ambulance_als,"Sand Lake Ambulance, Inc.","West Sand Lake, NY 12196"
Rensselaer,36083,ambulance_als,Stephentown Fire District #1,"Stephentown, NY 12168"
Rensselaer,36083,ambulance_als,"Troy, City of","Troy, NY 12180"
Rensselaer,36083,ambulance_als,"WF Bruen Emergency Squad, Inc.","Rensselaer, NY 12144"
Richmond,36085,ambulance_als,"North Shore Rescue Squad #1, Inc.","Staten Island, NY 10314"
Richmond,36085,ambulance_als,"Priority One Ambulance, Inc.","Staten Island, NY 10312"
Richmond,36085,ambulance_als,"Richmond County Ambulance Service, Inc.","Staten Island, NY 10310"
Richmond,36085,ambulance_als,Richmond Medical Center,"Staten Island, NY 10310"
Richmond,36085,ambulance_als,Staten Island University Hospital,"Staten Island, NY 10314"
Richmond,36085,ambulance_als,"Vol. Heart Resus. Unit & Amb. Corps of Staten Island, Inc.","Staten Island, NY 10306"
Rockland,36087,ambulance_als,"Chevra Hatzoloh of Rockland County, Inc.","Monsey, NY 10952"
Rockland,36087,ambulance_als,"Congers Valley Cottage Vol. Ambulance Corps, Inc.","Congers, NY 10920"
Rockland,36087,ambulance_als,"Haverstraw Ambulance Corps, Inc.","Haverstraw, NY 10927"
Rockland,36087,ambulance_als,"Nanuet Community Ambulance Corps, Inc.","Nanuet, NY 10954"
Rockland,36087,ambulance_als,New City Volunteer Ambulance Corps/ Rescue Squad Inc.,"New City, NY 10956"
Rockland,36087,ambulance_als,"New Square Ambulance Service, Village of","New Square, NY 10977"
Rockland,36087,ambulance_als,"Nyack Community Ambulance Corps, Inc.","Nyack, NY 10960"
Rockland,36087,ambulance_als,Pearl River Alumni Ambulance Corp.,"Pearl River, NY 10965"
Rockland,36087,ambulance_als,"Piermont Fire Department Ambulance, Village of","Piermont, NY 10968"
Rockland,36087,ambulance_als,"Rockland Mobile Care, Inc.","Chestnut Ridge, NY 10977"
Rockland,36087,ambulance_als,"Rockland Paramedic Services, Inc.","New City, NY 10956"
Rockland,36087,ambulance_als,"South Orangetown Ambulance Corps, Inc.","Tappan, NY 10983"
Rockland,36087,ambulance_als,"Spring Hill Community Ambulance Corps, Inc.","Spring Valley, NY 10977"
Rockland,36087,ambulance_als,"Stony Point Ambulance Corps, Inc.","Stony Point, NY 10980"
Rockland,36087,ambulance_als,"William Paul Faist Volunteer Ambulance Corps, Inc.","Chestnut Ridge, NY 10977"
Saratoga,36091,ambulance_als,"Ballston Lake Emergency Squad, Inc.","Ballston Lake, NY 12019"
Saratoga,36091,ambulance_als,"Clifton Park-Halfmoon Emergency Corps, Inc.","Clifton Park, NY 12065"
Saratoga,36091,ambulance_als,Community Emergency Corps,"Ballston Spa, NY 12020"
Saratoga,36091,ambulance_als,"Corinth Ambulance Service, Town of","Corinth, NY 12822"
Saratoga,36091,ambulance_als,"Day, Town of","Hadley, NY 12853"
Saratoga,36091,ambulance_als,"Galway Ambulance Corps, Inc","Galway, NY 12074"
Saratoga,36091,ambulance_als,"Greenfield Ambulance Service,Town of","Greenfield Center, NY 12833"
Saratoga,36091,ambulance_als,"Malta Ambulance Corps, Inc.","Malta, NY 12020"
Saratoga,36091,ambulance_als,"Momentive Performance Materials USA, Inc.","Waterford, NY 12188"
Saratoga,36091,ambulance_als,"Moreau Emergency Squad, Inc.","Moreau, NY 12828"
Saratoga,36091,ambulance_als,"Providence, Town of","Middle Grove, NY 12850"
Saratoga,36091,ambulance_als,Saratoga Harness Racing Inc.,"Saratoga Springs, NY 12866"
Saratoga,36091,ambulance_als,"Saratoga Springs, City of","Saratoga Springs, NY 12866"
Saratoga,36091,ambulance_als,"The Edinburg Emergency Squad, Inc","Northville, NY 12134"
Saratoga,36091,ambulance_als,"Waterford Rescue Squad, Inc.","Waterford, NY 12188"
Saratoga,36091,ambulance_als,"Wilton Emergency Squad, Inc.","Saratoga Springs, NY 12866"
Schenectady,36093,ambulance_als,"Duanesburg Volunteer Ambulance Corps, Inc.","Delanson, NY 12053"
Schenectady,36093,ambulance_als,Knolls Atomic Power Lab Ambulance,"Schenectady, NY 12301"
Schenectady,36093,ambulance_als,Niskayuna Fire District #1,"Niskayuna, NY 12309"
Schenectady,36093,ambulance_als,"Parkland Ambulance Service, Inc","Schenectady, NY 12304"
Schenectady,36093,ambulance_als,"Parkland Ambulance Service, Inc","Schenectady, NY 12304"
Schenectady,36093,ambulance_als,"Parkland Ambulance Service, Inc.","Schenectady, NY 12304"
Schenectady,36093,ambulance_als,"Rotterdam Emergency Medical Services, Inc.","Schenectady, NY 12303"
Schenectady,36093,ambulance_als,"Schenectady Ambulance Service, Inc.","Schenectady, NY 12304"
Schenectady,36093,ambulance_als,"Schenectady EMS, County of","Schenectady, NY 12303"
Schenectady,36093,ambulance_als,"Schenectady, City of","Schenectady, NY 12305"
Schenectady,36093,ambulance_als,"Scotia Fire Department, Village of","Scotia, NY 12302"
Schoharie,36095,ambulance_als,Carlisle Fire Department,"Carlisle, NY 12031"
Schoharie,36095,ambulance_als,Central Bridge Fire District,"Central Bridge, NY 12035"
Schoharie,36095,ambulance_als,"Cobleskill, Village of","Cobleskill, NY 12043"
Schoharie,36095,ambulance_als,"Conesville Rescue Squad, Inc.","Conesville, NY 12076"
Schoharie,36095,ambulance_als,"Esperance Volunteer FD Rescue Squad, Village of","Esperance, NY 12066"
Schoharie,36095,ambulance_als,Jefferson Fire District,"Jefferson, NY 12093"
Schoharie,36095,ambulance_als,"Middleburgh Emergency Volunteer Ambulance Corps, Inc.","Middleburgh, NY 12122"
Schoharie,36095,ambulance_als,"Richmondville Volunteer Emergency Squad, Inc.","Richmondville, NY 12149"
Schoharie,36095,ambulance_als,Schoharie County Emergency Medical Services,"Cobleskill, NY 12043"
Schoharie,36095,ambulance_als,"Scho-Wright Ambulance Service, Inc.","Schoharie, NY 12157"
Schoharie,36095,ambulance_als,Sharon Springs Joint Fire District,"Sharon Springs, NY 13459"
Schoharie,36095,ambulance_als,Summit Fire District Rescue Squad,"Summit, NY 12175"
Schuyler,36097,ambulance_als,Cayuga Health Transport LLC,"Montour Falls, NY 14865"
Schuyler,36097,ambulance_als,"Hector, Town of","Burdett, NY 14818"
Schuyler,36097,ambulance_als,"Schuyler County Volunteer Ambulance Association, Inc.","Watkins Glen, NY 14891"
Schuyler,36097,ambulance_als,"Valois Logan Hector Volunteer Fire Co, Inc.","Hector, NY 14841"
Seneca,36099,ambulance_als,"Covert, Town of","Interlaken, NY 14847"
Seneca,36099,ambulance_als,"North Seneca Ambulance, Inc.","Waterloo, NY 13165"
Seneca,36099,ambulance_als,"South Seneca Community Volunteer Ambulance Corps, Inc.","Ovid, NY 14521"
St. Lawrence,36089,ambulance_als,"Canton Rescue Squad, Inc","Canton, NY 13617"
St. Lawrence,36089,ambulance_als,Colton Fire Department Corp.,"Colton, NY 13625"
St. Lawrence,36089,ambulance_als,"Cranberry Lake Volunteer Fire Department, Inc.","Cranberry Lake, NY 12927"
St. Lawrence,36089,ambulance_als,"Gouverneur Rescue Squad, Inc.","Gouverneur, NY 13642"
St. Lawrence,36089,ambulance_als,Hammond Fire District,"Hammond, NY 13646"
St. Lawrence,36089,ambulance_als,"Hermon Volunteer Fire Department, Inc.","Hermon, NY 13652"
St. Lawrence,36089,ambulance_als,"Lisbon Volunteer Fire Corporation, Inc.","Lisbon, NY 13658"
St. Lawrence,36089,ambulance_als,"Madrid Rescue Squad, Inc.","Madrid, NY 13660"
St. Lawrence,36089,ambulance_als,"Massena Volunteer Emergency Unit, Inc.","Massena, NY 13662"
St. Lawrence,36089,ambulance_als,"Morristown Volunteer Fire Company, Inc.","Morristown, NY 13664"
St. Lawrence,36089,ambulance_als,"Norfolk Volunteer Rescue Squad, Inc.","Norfolk, NY 13667"
St. Lawrence,36089,ambulance_als,"Ogdensburg Volunteer Rescue Squad, Inc.","Ogdensburg, NY 13669"
St. Lawrence,36089,ambulance_als,"Parishville Volunteer Fire Company, Inc., The","Parishville, NY 13672"
St. Lawrence,36089,ambulance_als,"Phillgrey, Inc.","Massena, NY 13662"
St. Lawrence,36089,ambulance_als,"Potsdam Volunteer Rescue Squad, Inc.","Potsdam, NY 13676"
St. Lawrence,36089,ambulance_als,"Rensselaer Falls Volunteer Rescue Squad, Inc.","Rensselaer Falls, NY 13680"
St. Lawrence,36089,ambulance_als,"Star Lake Volunteer Fire Department, Inc.","Star Lake, NY 13690"
St. Lawrence,36089,ambulance_als,"Tri-Town Volunteer Rescue Squad, Inc.","Brasher Falls, NY 13613"
St. Lawrence,36089,ambulance_als,"Waddington Rescue Squad, Inc.","Waddington, NY 13694"
St. Lawrence,36089,ambulance_als,"West Potsdam Volunteer Fire Company, Inc.","Potsdam, NY 13676"
Steuben,36101,ambulance_als,"Addison Volunteer Fire Department, Inc.","Addison, NY 14801"
Steuben,36101,ambulance_als,Avoca Fire District,"Avoca, NY 14809"
Steuben,36101,ambulance_als,"Bradford Emergency Medical Services, Inc.","Bradford, NY 14815"
Steuben,36101,ambulance_als,"Canisteo Volunteer Fire Department, Village of","Canisteo, NY 14823"
Steuben,36101,ambulance_als,"Cohocton Ambulance, Town of","Cohocton, NY 14826"
Steuben,36101,ambulance_als,"Corning Ambulance Service, Inc.","Corning, NY 14830"
Steuben,36101,ambulance_als,"Corning Ambulance Service, Inc.","Corning, NY 14830"
Steuben,36101,ambulance_als,Finger Lakes Health Care Veterans Administration Fire Department,"Bath, NY 14810"
Steuben,36101,ambulance_als,"Fremont Volunteer Fire Department #1, Inc.","Arkport, NY 14807"
Steuben,36101,ambulance_als,"Greenwood Volunteer Fire Company No. 1, Inc.","Greenwood, NY 14839"
Steuben,36101,ambulance_als,"Hornell Fire Department Ambulance, City of","Hornell, NY 14843"
Steuben,36101,ambulance_als,Jasper Fire District,"Jasper, NY 14855"
Steuben,36101,ambulance_als,Prattsburgh Fire District Ambulance Corps,"Prattsburgh, NY 14873"
Steuben,36101,ambulance_als,Pulteney Fire District,"Pulteney, NY 14874"
Steuben,36101,ambulance_als,Springwater-Wayland Emergency Medical Services,"Wayland, NY 14572"
Steuben,36101,ambulance_als,"Steuben, County of","Bath, NY 14810"
Steuben,36101,ambulance_als,"Tuscarora Ambulance, Town of","Addison, NY 14801"
Steuben,36101,ambulance_als,Volunteer Ambulance Corps of Bath NY Inc.,"Bath, NY 14810"
Steuben,36101,ambulance_als,Wayne Fire District,"Wayne, NY 14893"
Steuben,36101,ambulance_als,Woodhull Fire District,"Woodhull, NY 14898"
Suffolk,36103,ambulance_als,Amagansett Fire District,"Amagansett, NY 11930"
Suffolk,36103,ambulance_als,"Ambulance Committee of the Moriches, Inc.","East Moriches, NY 11940"
Suffolk,36103,ambulance_als,"American Medical Response of New York, LLC","Bayshore, NY 11716"
Suffolk,36103,ambulance_als,"Amityville Fire Department, Village of","Amityville, NY 11701"
Suffolk,36103,ambulance_als,"Babylon Fire Department, Village of","Babylon, NY 11702"
Suffolk,36103,ambulance_als,"Bay Shore-Brightwaters Rescue Ambulance, Inc.","Bayshore, NY 11706"
Suffolk,36103,ambulance_als,"Brentwood Legion Ambulance Service, Inc.","Brentwood, NY 11717"
Suffolk,36103,ambulance_als,Bridgehampton Fire District,"Bridgehampton, NY 11932"
Suffolk,36103,ambulance_als,"Brookhaven Ambulance Company, Inc.","Brookhaven, NY 11719"
Suffolk,36103,ambulance_als,Brookhaven National Laboratory,"Upton, NY 11973"
Suffolk,36103,ambulance_als,Center Moriches Fire District,"Center Moriches, NY 11934"
Suffolk,36103,ambulance_als,Centereach Fire District,"Centereach, NY 11720"
Suffolk,36103,ambulance_als,"Centerport Fire Department, Inc.","Centerport, NY 11721"
Suffolk,36103,ambulance_als,"Central Islip-Hauppauge Volunteer Ambulance, Inc.","Central Islip, NY 11722"
Suffolk,36103,ambulance_als,"CHS Ambulance Services, Inc.","Bohemia, NY 11716"
Suffolk,36103,ambulance_als,Cold Spring Harbor Fire District,"Cold Spring Harbor, NY 11724"
Suffolk,36103,ambulance_als,"Commack Volunteer Ambulance Corporation, Inc.","Commack, NY 11725"
Suffolk,36103,ambulance_als,"Community Ambulance Company, Inc.","Sayville, NY 11782"
Suffolk,36103,ambulance_als,Comprehensive Ambulance Service - Bi County LLC,"Bohemia, NY 11716"
Suffolk,36103,ambulance_als,"Comprehensive Ambulance Service - Long Island, LLC","Bohemia, NY 11716"
Suffolk,36103,ambulance_als,"Comprehensive Ambulance Service - Suffolk, LLC","Bohemia, NY 11716"
Suffolk,36103,ambulance_als,Copiague Fire District,"Copiague, NY 11726"
Suffolk,36103,ambulance_als,"Coram Volunteer Fire Department, Inc.","Coram, NY 11727"
Suffolk,36103,ambulance_als,Cutchogue Fire District,"Cutchogue, NY 11935"
Suffolk,36103,ambulance_als,Deer Park Fire District # 14,"Deer Park, NY 11729"
Suffolk,36103,ambulance_als,Dix Hills Fire District,"Dix Hills, NY 11746"
Suffolk,36103,ambulance_als,"East Brentwood Emergency Medical Services, Inc","Brentwood, NY 11717"
Suffolk,36103,ambulance_als,"East Farmingdale Volunteer Fire Company, Inc.","East Farmingdale, NY 11735"
Suffolk,36103,ambulance_als,"East Hampton, Village of","East Hampton, NY 11937"
Suffolk,36103,ambulance_als,East Islip Fire District,"East Islip, NY 11730"
Suffolk,36103,ambulance_als,East Marion Fire District,"East Marion, NY 11939"
Suffolk,36103,ambulance_als,East Northport Fire District,"East Northport, NY 11731"
Suffolk,36103,ambulance_als,"East Quogue Fire Department, Inc.","East Quogue, NY 11942"
Suffolk,36103,ambulance_als,Eatons Neck Fire District,"Northport, NY 11768"
Suffolk,36103,ambulance_als,Exchange Ambulance Corporation of the Islips,"East Islip, NY 11730"
Suffolk,36103,ambulance_als,Fair Harbor Fire District,"Bay Shore, NY 11706"
Suffolk,36103,ambulance_als,Farmingville Fire District,"Farmingville, NY 11738"
Suffolk,36103,ambulance_als,Fishers Island Fire District,"Fishers Island, NY 06390"
Suffolk,36103,ambulance_als,"Flanders Northampton Volunteer Ambulance Co., Inc","Flanders, NY 11901"
Suffolk,36103,ambulance_als,"Gordon Heights Volunteer Fire Department, Inc.","Middle Island, NY 11953"
Suffolk,36103,ambulance_als,Greenlawn Fire District,"Greenlawn, NY 11740"
Suffolk,36103,ambulance_als,"Greenport Fire Department Rescue Squad, Village of","Greenport, NY 11944"
Suffolk,36103,ambulance_als,Halesite Fire District,"Halesite, NY 11743"
Suffolk,36103,ambulance_als,"Hampton Bays Volunteer Ambulance Corp, Inc.","Hampton Bays, NY 11946"
Suffolk,36103,ambulance_als,Holbrook Fire District,"Holbrook, NY 11741"
Suffolk,36103,ambulance_als,Holtsville Fire District,"Holtsville, NY 11742"
Suffolk,36103,ambulance_als,"Huntington Community First Aid Squad, Inc.","Huntington Station, NY 11746"
Suffolk,36103,ambulance_als,Islip Fire District,"Islip, NY 11751"
Suffolk,36103,ambulance_als,Kings Park Fire District,"Kings Park, NY 11754"
Suffolk,36103,ambulance_als,Lake Ronkonkoma Fire District,"Ronkonkoma, NY 11779"
Suffolk,36103,ambulance_als,Lakeland Fire District,"Ronkonkoma, NY 11779"
Suffolk,36103,ambulance_als,"Lindenhurst Fire Department, Village of","Lindenhurst, NY 11757"
Suffolk,36103,ambulance_als,"Manorville Community Ambulance, Inc.","Manorville, NY 11949"
Suffolk,36103,ambulance_als,"Mastic Beach Ambulance Company, Inc.","Mastic Beach, NY 11951"
Suffolk,36103,ambulance_als,"Mastic Volunteer Ambulance Company, Inc.","Mastic, NY 11950"
Suffolk,36103,ambulance_als,Mattituck Fire District,"Mattituck, NY 11952"
Suffolk,36103,ambulance_als,"Medford Volunteer Ambulance, Inc.","Medford, NY 11763"
Suffolk,36103,ambulance_als,Melville Fire District,"Melville, NY 11747"
Suffolk,36103,ambulance_als,Middle Island Fire District,"Middle Island, NY 11953"
Suffolk,36103,ambulance_als,Miller Place Fire District,"Miller Place, NY 11764"
Suffolk,36103,ambulance_als,Montauk Fire Department,"Montauk, NY 11954"
Suffolk,36103,ambulance_als,Nesconset Fire District,"Nesconset, NY 11767"
Suffolk,36103,ambulance_als,"Nissequogue Fire Department, Village of","St. James, NY 11780"
Suffolk,36103,ambulance_als,"North Amityville Fire Company, Inc.","Amityville, NY 11701"
Suffolk,36103,ambulance_als,"North Babylon Volunteer Fire Company, Inc.","North Babylon, NY 11703"
Suffolk,36103,ambulance_als,"North Lindenhurst Volunteer Fire Department, Inc.","Lindenhurst, NY 11757"
Suffolk,36103,ambulance_als,North Patchogue Fire District,"North Patchogue, NY 11772"
Suffolk,36103,ambulance_als,"Northport Fire Department, Village of","Northport, NY 11768"
Suffolk,36103,ambulance_als,"Ocean Beach Fire Department, Village of","Ocean Beach, NY 11770"
Suffolk,36103,ambulance_als,Orient Fire District,"Orient, NY 11957"
Suffolk,36103,ambulance_als,"Patchogue Fire Department Ambulance Co., Inc.","Patchogue, NY 11772"
Suffolk,36103,ambulance_als,Plum Island Ambulance,"Greenport, NY 11944"
Suffolk,36103,ambulance_als,"Port Jefferson Volunteer Ambulance Corps, Inc.","Mt. Sinai, NY 11766"
Suffolk,36103,ambulance_als,Ridge Fire District,"Ridge, NY 11961"
Suffolk,36103,ambulance_als,"Riverhead Volunteer Ambulance Corps, Inc.","Riverhead, NY 11901"
Suffolk,36103,ambulance_als,Rocky Point Fire District,"Shoreham, NY 11786"
Suffolk,36103,ambulance_als,"Sag Harbor Volunteer Ambulance, Village of","Sag Harbor, NY 11963"
Suffolk,36103,ambulance_als,"Saltaire Volunteer Fire Company, Inc.","Bay Shore, NY 11706"
Suffolk,36103,ambulance_als,Selden Fire District,"Selden, NY 11784"
Suffolk,36103,ambulance_als,Setauket Fire District,"Setauket, NY 11773"
Suffolk,36103,ambulance_als,"Shelter Island Emergency Medical Services, Town of","Shelter Island, NY 11964"
Suffolk,36103,ambulance_als,Shirley Community Ambulance Corp,"Shirley, NY 11967"
Suffolk,36103,ambulance_als,Smithtown Fire District,"Smithtown, NY 11787"
Suffolk,36103,ambulance_als,Sound Beach Fire District,"Sound Beach, NY 11789"
Suffolk,36103,ambulance_als,"Southampton Village Volunteer Emergency Ambulance Service, Inc.","Southampton, NY 11968"
Suffolk,36103,ambulance_als,"Southampton Volunteer Ambulance, Inc.","Southampton, NY 11969"
Suffolk,36103,ambulance_als,Southold Fire District,"Southold, NY 11971"
Suffolk,36103,ambulance_als,Springs Fire District,"East Hampton, NY 11937"
Suffolk,36103,ambulance_als,St. James Fire District,"St. James, NY 11780"
Suffolk,36103,ambulance_als,Stony Brook Fire District,"Stony Brook, NY 11790"
Suffolk,36103,ambulance_als,"Stony Brook Volunteer Ambulance Corps, Inc.","Stony Brook, NY 11790"
Suffolk,36103,ambulance_als,"Stony Brook, University Hospital, SUNY at","Stony Brook, NY 11794"
Suffolk,36103,ambulance_als,Suffolk County,"Yaphank, NY 11980"
Suffolk,36103,ambulance_als,Suffolk County Police Department,"Brentwood, NY 11980"
Suffolk,36103,ambulance_als,Terryville Fire District,"Port Jefferson Station, NY 11776"
Suffolk,36103,ambulance_als,Wading River Fire District,"Wading River, NY 11792"
Suffolk,36103,ambulance_als,West Babylon Fire District,"West Babylon, NY 11704"
Suffolk,36103,ambulance_als,West Islip Fire District,"West Islip, NY 11795"
Suffolk,36103,ambulance_als,"Westhampton War Memorial Ambulance Association, Inc","Westhampton Beach, NY 11978"
Suffolk,36103,ambulance_als,Wyandanch-Wheatley Heights Ambulance Corps,"Wyandanch, NY 11798"
Suffolk,36103,ambulance_als,Yaphank Fire District,"Yaphank, NY 11980"
Sullivan,36105,ambulance_als,"Bethel Volunteer Ambulance Corps, Inc.","White Lake, NY 12786"
Sullivan,36105,ambulance_als,"Grahamsville First Aid Squad, Inc.","Grahamsville, NY 12740"
Sullivan,36105,ambulance_als,"Highland Ambulance Service, Inc.","Eldred, NY 12732"
Sullivan,36105,ambulance_als,"Jeffersonville Volunteer First Aid Corps, Inc.","Jeffersonville, NY 12748"
Sullivan,36105,ambulance_als,"Lumberland Fire Department, Inc.","Glen Spey, NY 12737"
Sullivan,36105,ambulance_als,"Mamakating First Aid Squad, Inc.","Wurtsboro, NY 12790"
Sullivan,36105,ambulance_als,"Monticello Raceway Management, Inc.","Monticello, NY 12701"
Sullivan,36105,ambulance_als,Mountaindale Fire District,"Mountaindale, NY 12763"
Sullivan,36105,ambulance_als,"Neversink Fire Department, Inc.","Neversink, NY 12765"
Sullivan,36105,ambulance_als,R & R Volunteer Ambulance Corp,"Roscoe, NY 12776"
Sullivan,36105,ambulance_als,"Rock Hill Volunteer Ambulance Corps, Inc.","Rock Hill, NY 12775"
Sullivan,36105,ambulance_als,"Sullivan, County of","Monticello, NY 12701"
Sullivan,36105,ambulance_als,"Town of Cochecton Vol Ambulance Corps, Inc.","Lake Huntington, NY 12752"
Sullivan,36105,ambulance_als,"Tusten Volunteer Ambulance Service, Inc.","Narrowsburg, NY 12764"
Sullivan,36105,ambulance_als,"Upper Delaware Ambulance Corps, Inc.","Hankins, NY 12741"
Sullivan,36105,ambulance_als,Volunteer Ambulance Corps of Livingston Manor Inc.,"Livingston Manor, NY 12758"
Sullivan,36105,ambulance_als,Woodbourne Fire District First Aid Squad,"Woodbourne, NY 12788"
Tioga,36107,ambulance_als,"Apalachin Fire Department, Inc.","Apalachin, NY 13732"
Tioga,36107,ambulance_als,"Candor Emergency Squad, Inc.","Candor, NY 13743"
Tioga,36107,ambulance_als,Nichols Joint Fire District,"Nichols, NY 13812"
Tioga,36107,ambulance_als,"Owego EMS, Village of","Owego, NY 13827"
Tioga,36107,ambulance_als,Owego Fire District,"Endicott, NY 13760"
Tioga,36107,ambulance_als,"Spencer Emergency First Aid Squad, Inc.","Spencer, NY 14883"
Tioga,36107,ambulance_als,"Tioga Fire Company #1, Inc.","Tioga Center, NY 13845"
Tompkins,36109,ambulance_als,Bangs Ambulance Inc.,"Ithaca, NY 14850"
Tompkins,36109,ambulance_als,"Cayuga Heights Fire Department, Village of","Ithaca, NY 14850"
Tompkins,36109,ambulance_als,"Dryden Ambulance, Inc.","Dryden, NY 13053"
Tompkins,36109,ambulance_als,Groton Fire Department,"Groton, NY 13073"
Tompkins,36109,ambulance_als,"The Groton Volunteer Firefighters Association, Inc.","Groton, NY 13073"
Tompkins,36109,ambulance_als,"Trumansburg EMS, Village of","Trumansburg, NY 14886"
Ulster,36111,ambulance_als,"Diaz Memorial Ambulance Service, Inc.","Saugerties, NY 12477"
Ulster,36111,ambulance_als,"Ellenville First Aid and Rescue Squad, Inc.","Ellenville, NY 12428"
Ulster,36111,ambulance_als,Gardiner Fire District,"Gardiner, NY 12525"
Ulster,36111,ambulance_als,"Hurley Ambulance Service, Inc.","W. Hurley, NY 12491"
Ulster,36111,ambulance_als,"Kerhonkson Accord First Aid Squad, Inc.","Kerhonkson, NY 12446"
Ulster,36111,ambulance_als,"Kingston FD, City of","Kingston, NY 12401"
Ulster,36111,ambulance_als,"Marbletown First Aid Unit, Inc.","High Falls, NY 12440"
Ulster,36111,ambulance_als,Modena Fire District,"Modena, NY 12548"
Ulster,36111,ambulance_als,"New Paltz Rescue Squad, Inc.","New Paltz, NY 12561"
Ulster,36111,ambulance_als,"Olive First Aid Unit, Inc.","Shokan, NY 12481"
Ulster,36111,ambulance_als,Plattekill Fire District,"Walkill, NY 12589"
Ulster,36111,ambulance_als,"Shandaken Ambulance Service, Town of","Shandaken, NY 12480"
Ulster,36111,ambulance_als,Shawangunk Valley Fire District,"Wallkill, NY 12589"
Ulster,36111,ambulance_als,"Town of Esopus Volunteer Ambulance Squad, Inc.","Port Ewen, NY 12466"
Ulster,36111,ambulance_als,"Ulster, County of","Kingston, NY 12401"
Ulster,36111,ambulance_als,"Wallkill Volunteer Ambulance Corps, Inc.","Wallkill, NY 12589"
Ulster,36111,ambulance_als,"Watchtower Bible and Tract Society of New York, Inc.","Walkill, NY 12589"
Ulster,36111,ambulance_als,Woodstock Fire District,"Woodstock, NY 12498"
Warren,36113,ambulance_als,"Bolton Emergency Medical Services, Inc.","Bolton Landing, NY 12814"
Warren,36113,ambulance_als,"Glens Falls, City of","Glens Falls, NY 12801"
Warren,36113,ambulance_als,"Hague Volunteer Fire Department, Inc.","Hague, NY 12836"
Warren,36113,ambulance_als,"Johnsburg Emergency Squad, Inc.","North Creek, NY 12853"
Warren,36113,ambulance_als,"Lake George, Town of","Lake George, NY 12845"
Warren,36113,ambulance_als,"North Warren Emergency Squad, Inc.","Chestertown, NY 12817"
Warren,36113,ambulance_als,"Queensbury EMS, Inc.","Queensbury, NY 12804"
Warren,36113,ambulance_als,"Rockwell Falls Ambulance Service, Inc.","Lake Luzerne, NY 12846"
Warren,36113,ambulance_als,"Stony Creek Volunteer Fire Company, Inc.","Stony Creek, NY 12878"
Warren,36113,ambulance_als,"Warrensburg Emergency Medical Services, Inc.","Warrensburg, NY 12885"
Warren,36113,ambulance_als,"West Glens Falls Emergency Squad, Inc.","Queensbury, NY 12804"
Washington,36115,ambulance_als,"Argyle Emergency Squad, Inc.","Argyle, NY 12809"
Washington,36115,ambulance_als,"Cambridge Valley Rescue Squad, Inc.","Cambridge, NY 12816"
Washington,36115,ambulance_als,"Easton Greenwich Rescue Squad, Inc.","Greenwich, NY 12834"
Washington,36115,ambulance_als,"Fort Ann Rescue Squad, Inc.","Fort Ann, NY 12827"
Washington,36115,ambulance_als,"Fort Edward Rescue Squad, Inc.","Fort Edward, NY 12828"
Washington,36115,ambulance_als,"Granville Rescue Squad, Inc.","Granville, NY 12832"
Washington,36115,ambulance_als,"Salem Rescue Squad, Inc.","Salem, NY 12865"
Washington,36115,ambulance_als,"Skenesborough Emergency Squad, Inc.","Whitehall, NY 12887"
Washington,36115,ambulance_als,"Washington DPS-Bureau of EMS, County of","Fort Edward, NY 12828"
Wayne,36117,ambulance_als,"Lakeshore Volunteer Ambulance, Inc.","Wolcott, NY 14590"
Wayne,36117,ambulance_als,"Macedon Ambulance Service, Town of","Macedon, NY 14502"
Wayne,36117,ambulance_als,"Newark- Arcadia Volunteer Ambulance, Inc.","Newark, NY 14513"
Wayne,36117,ambulance_als,"Ontario Volunteer Emergency Squad, Inc.","Ontario, NY 14519"
Wayne,36117,ambulance_als,"Sodus Point, Village of","Sodus Point, NY 14555"
Wayne,36117,ambulance_als,Wayne County,"Lyons, NY 14489"
Wayne,36117,ambulance_als,"Wayne, County of","Lyons, NY 14489"
Wayne,36117,ambulance_als,"Western Wayne Ambulance, Inc.","Walworth, NY 14568"
Wayne,36117,ambulance_als,"Williamson Volunteer Ambulance Service, Inc.","Williamson, NY 14589"
Westchester,36119,ambulance_als,"Ardsley-Secor Volunteer Ambulance Corps, Inc.","Ardsley, NY 10502"
Westchester,36119,ambulance_als,"Armonk Independent Fire Company, Inc.","Armonk, NY 10504"
Westchester,36119,ambulance_als,Bedford Fire Department,"Bedford, NY 10506"
Westchester,36119,ambulance_als,"Briarcliff Manor , Village of","Briarcliff Manor, NY 10510"
Westchester,36119,ambulance_als,"Chappaqua Volunteer Ambulance Corps, Inc.","Chappaqua, NY 10514"
Westchester,36119,ambulance_als,"Cortlandt Community Volunteer Ambulance Corps, Inc","Montrose, NY 10548"
Westchester,36119,ambulance_als,Cortlandt Regional Paramedics,"Cortlandt Manor, NY 10567"
Westchester,36119,ambulance_als,"Croton-on-Hudson Emergency Medical Services, Village of","Croton on Hudson, NY 10520"
Westchester,36119,ambulance_als,"Dobbs Ferry Volunteer Ambulance Corps, Inc.","Dobbs Ferry, NY 10522"
Westchester,36119,ambulance_als,"Eastchester Volunteer Ambulance Corps, Inc.","Eastchester, NY 10709"
Westchester,36119,ambulance_als,"Elmsford Emergency Medical Services, Village of","Elmsford, NY 10523"
Westchester,36119,ambulance_als,"Emergacare NY, LLC","Yonkers, NY 10703"
Westchester,36119,ambulance_als,"Empress Ambulance Service, LLC","Yonkers, NY 10703"
Westchester,36119,ambulance_als,"Empress Ambulance Service, LLC","Yonkers, NY 10703"
Westchester,36119,ambulance_als,"Greenburgh Police Department, Town of","White Plains, NY 10607"
Westchester,36119,ambulance_als,"Harrison Volunteer Ambulance Corps, Inc.","Harrison, NY 10528"
Westchester,36119,ambulance_als,Hastings-on-Hudson Volunteer Fire Department Ambulance Corps,"Hastings-on-Hudson, NY 10706"
Westchester,36119,ambulance_als,Hawthorne Fire District,"Hawthorne, NY 10532"
Westchester,36119,ambulance_als,"Irvington Volunteer Ambulance Corps, Inc.","Irvington, NY 10533"
Westchester,36119,ambulance_als,Katonah Bedford Hills Volunteer Ambulance Corps,"Katonah, NY 10536"
Westchester,36119,ambulance_als,"Lewisboro Volunteer Ambulance Corps, Inc.","Cross River, NY 10518"
Westchester,36119,ambulance_als,Mamaroneck Ambulance District,"Mamaroneck, NY 10543"
Westchester,36119,ambulance_als,"Mamaroneck Emergency Medical Service, Inc.","Mamaroneck, NY 10543"
Westchester,36119,ambulance_als,"Mohegan Volunteer Fire Association Volunteer Ambulance Corps, Inc.","Mohegan Lake, NY 10547"
Westchester,36119,ambulance_als,"Mount Kisco Volunteer Ambulance Corps, Inc.","Mount Kisco, NY 10549"
Westchester,36119,ambulance_als,"North Salem Volunteer Ambulance Corps, Inc.","North Salem, NY 10519"
Westchester,36119,ambulance_als,"Ossining Volunteer Ambulance Corps, Inc.","Ossining, NY 10562"
Westchester,36119,ambulance_als,"Ossining Volunteer Ambulance Corps, Incorporated","Ossining, NY 10562"
Westchester,36119,ambulance_als,Peekskill Community Volunteer Ambulance Corps,"Peekskill, NY 10566"
Westchester,36119,ambulance_als,"Pelham, Town of","Pelham, NY 10803"
Westchester,36119,ambulance_als,"Pleasantville Ambulance Corps, Inc.","Thornwood, NY 10594"
Westchester,36119,ambulance_als,"Port Chester-Rye-Rye Brook Emergency Medical Services, Inc.","Port Chester, NY 10573"
Westchester,36119,ambulance_als,"Pound Ridge Lions Ambulance Corps, Inc.","Pound Ridge, NY 10576"
Westchester,36119,ambulance_als,"Scarsdale Volunteer Ambulance Corps, Inc.","Scarsdale, NY 10583"
Westchester,36119,ambulance_als,"Sleepy Hollow Volunteer Ambulance Corps, Village of","Sleepy Hollow, NY 10591"
Westchester,36119,ambulance_als,Somers Fire District,"Lincolndale, NY 10540"
Westchester,36119,ambulance_als,"Starnet Emergency Services, Inc.","Mount Kisco, NY 10549"
Westchester,36119,ambulance_als,"Tarrytown Volunteer Ambulance Corps, Inc.","Tarrytown, NY 10591"
Westchester,36119,ambulance_als,"Valhalla Ambulance Corps, Inc.","Valhalla, NY 10595"
Westchester,36119,ambulance_als,Verplanck Fire District,"Verplanck, NY 10596"
Westchester,36119,ambulance_als,Vista Fire District No. 1,"South Salem, NY 10590"
Westchester,36119,ambulance_als,"Volunteer Ambulance of Mamaroneck and Larchmont, Inc.","Larchmont, NY 10538"
Westchester,36119,ambulance_als,"White Plains, City of","White Plains, NY 10601"
Westchester,36119,ambulance_als,"Yorktown Volunteer Ambulance Corps, Inc.","Yorktown Heights, NY 10598"
Wyoming,36121,ambulance_als,"Arcade, Village of","Arcade, NY 14009"
Wyoming,36121,ambulance_als,"Attica Fire Department, Inc.","Attica, NY 14011"
Wyoming,36121,ambulance_als,"Bennington Volunteer Fire Company, Inc.","Attica, NY 14011"
Wyoming,36121,ambulance_als,Bliss Fire District,"Bliss, NY 14024"
Wyoming,36121,ambulance_als,"Castile Fire Department, Village of","Castile, NY 14427"
Wyoming,36121,ambulance_als,"Cowlesville Fire Company, Inc.","Cowlesville, NY 14037"
Wyoming,36121,ambulance_als,"Gainesville Fire Department, Inc.","Gainesville, NY 14066"
Wyoming,36121,ambulance_als,"North Java Fire Co., Inc.","North Java, NY 14113"
Wyoming,36121,ambulance_als,"Perry Ambulance, Town of","Perry, NY 14530"
Wyoming,36121,ambulance_als,Pike Fire District #1,"Pike, NY 14130"
Wyoming,36121,ambulance_als,"Silver Springs Rescue Squad, Village of","Silver Springs, NY 14550"
Wyoming,36121,ambulance_als,"Strykersville Volunteer Fire Company, Inc.","Strykersville, NY 14145"
Wyoming,36121,ambulance_als,"Varysburg Fire Department, Inc.","Varysburg, NY 14167"
Wyoming,36121,ambulance_als,"Warsaw, Village of","Warsaw, NY 14569"
Wyoming,36121,ambulance_als,Wyoming County Emergency Services,"Warsaw, NY 14569"
Yates,36123,ambulance_als,"Dundee Volunteer FD Emergency Squad, Village of","Dundee, NY 14837"
Yates,36123,ambulance_als,"Middlesex Valley Volunteer Ambulance Service, Inc.","Middlesex, NY 14507"
Yates,36123,ambulance_als,"Penn Yan Area Volunteer Ambulance Corps, Inc.","Penn Yan, NY 14527"
Yates,36123,ambulance_als,"Yates, County of","Penn Yan, NY 14527"
Albany,36001,bls_nontransport,Boght Community Fire District,"Cohoes, NY 12047"
Albany,36001,bls_nontransport,"Coeymans Hollow Volunteer Fire Corporation, Inc.","Coeymans Hollow, NY 12046"
Albany,36001,bls_nontransport,"Cohoes Fire Department, City of","Cohoes, NY 12047"
Albany,36001,bls_nontransport,Maplewood Fire Department,"Watervliet, NY 12189"
Albany,36001,bls_nontransport,"Menands Fire Company #1, Inc.","Menands, NY 12204"
Albany,36001,bls_nontransport,North Bethlehem Fire Department,"Albany, NY 12203"
Albany,36001,bls_nontransport,NYS DEC Division of Forest Protection,"Albany, NY 12233"
Albany,36001,bls_nontransport,NYS Department of Corrections & Community Supervision,"Albany, NY 12226"
Albany,36001,bls_nontransport,NYS DOH Division of State EMS,"Albany, NY 12206"
Albany,36001,bls_nontransport,Schuyler Heights Fire District,"Watervliet, NY 12189"
Albany,36001,bls_nontransport,"Shaker Road- Loudonville Fire Department, Inc.","Loudonville, NY 12211"
Albany,36001,bls_nontransport,"Stanford Heights Fire Department, Inc.","Schenectady, NY 12304"
Albany,36001,bls_nontransport,"The S.W. Pitts Hose Company of Latham, NY, Inc.","Latham, NY 12110"
Albany,36001,bls_nontransport,Verdoy Fire Department,"Latham, NY 12110"
Allegany,36003,bls_nontransport,"Scio Fire Department, Inc.","Scio, NY 14880"
Allegany,36003,bls_nontransport,Short Tract Fire Company Inc.,"Fillmore, NY 14735"
Broome,36007,bls_nontransport,Broome Security Med Team,"Binghamton, NY 13902"
Broome,36007,bls_nontransport,"Chenango Bridge Fire Company, Inc.","Chenango Bridge, NY 13745"
Broome,36007,bls_nontransport,"Chenango Fire Company, Inc.","Binghamton, NY 13901"
Broome,36007,bls_nontransport,"Chenango Forks Volunteer Fire Company, Inc.","Chenango Forks, NY 13746"
Broome,36007,bls_nontransport,Choconut Center Volunteer Fire Company,"Binghamton, NY 13905"
Broome,36007,bls_nontransport,"Conklin Volunteer Fire Department, Inc.","Conklin, NY 13748"
Broome,36007,bls_nontransport,"East Maine Fire Company, Inc.","Johnson City, NY 13790"
Broome,36007,bls_nontransport,"Endicott Fire Department, Village of","Endicott, NY 13760"
Broome,36007,bls_nontransport,Endwell Fire District,"Endwell, NY 13760"
Broome,36007,bls_nontransport,"Five Mile Point Fire Company, Inc.","Kirkwood, NY 13795"
Broome,36007,bls_nontransport,"Glen Aubrey Fire Company, Inc.","Glen Aubrey, NY 13777"
Broome,36007,bls_nontransport,Greater Binghamton Airport Med Team - Dept. of Aviation ARFF,"Johnson City, NY 13790"
Broome,36007,bls_nontransport,"Hillcrest Fire Co., Inc.","Binghamton, NY 13901"
Broome,36007,bls_nontransport,"Johnson City Fire Department, Village of","Johnson City, NY 13790"
Broome,36007,bls_nontransport,"Kirkwood Fire Company, Inc.","Kirkwood, NY 13795"
Broome,36007,bls_nontransport,"Lisle Fire Company, Inc.","Lisle, NY 13797"
Broome,36007,bls_nontransport,"Port Crane Fire Co., Inc.","Port Crane, NY 13833"
Broome,36007,bls_nontransport,"Port Dickinson Fire Company, Village of","Binghamton, NY 13901"
Broome,36007,bls_nontransport,Sanitaria Springs Fire Company Inc,"Port Crane, NY 13833"
Broome,36007,bls_nontransport,"Town of Colesville Fire Company No. 1, Inc.","Harpursville, NY 13787"
Broome,36007,bls_nontransport,"Triangle Volunteer Fire Co., Inc.","Whitney Point, NY 13862"
Broome,36007,bls_nontransport,"Union Center Fire Company, Inc.","Endicott, NY 13762"
Broome,36007,bls_nontransport,"West Corners Fire Company #1, Inc.","Endicott, NY 13760"
Broome,36007,bls_nontransport,"West Windsor Fire Company, Inc.","Windser, NY 13865"
Broome,36007,bls_nontransport,"Whitney Point Fire Department, Village of","Whitney Point, NY 13862"
Cattaraugus,36009,bls_nontransport,Dayton Fire District,"Dayton, NY 14041"
Cattaraugus,36009,bls_nontransport,"Farmersville Fire Department, Inc.","Farmersville, NY 14060"
Cattaraugus,36009,bls_nontransport,Humphrey Volunteer Fire Department,"Great Valley, NY 14741"
Cattaraugus,36009,bls_nontransport,Lyndon Fire Company,"Cuba, NY 14737"
Cattaraugus,36009,bls_nontransport,"Perrysburg Fire Company, Inc.","Perrysburg, NY 14129"
Cattaraugus,36009,bls_nontransport,St. Bonaventure University Medical Emergency Response Team,"St Bonaventure, NY 14778"
Cattaraugus,36009,bls_nontransport,"Town of Olean Volunteer Fire Company #1, Inc.","Olean, NY 14760"
Cayuga,36011,bls_nontransport,"Auburn Fire Department Rescue, City of","Auburn, NY 13021"
Cayuga,36011,bls_nontransport,Aurelius Volunteer Fire Department,"Auburn, NY 13021"
Cayuga,36011,bls_nontransport,Cato Fire Department,"Cato, NY 13033"
Cayuga,36011,bls_nontransport,"Conquest Fire Company, Inc","Port Byron, NY 13140"
Cayuga,36011,bls_nontransport,Fleming Fire District,"Auburn, NY 13021"
Cayuga,36011,bls_nontransport,"Genoa Fire Department, Inc.","Genoa, NY 13071"
Cayuga,36011,bls_nontransport,"Ira Volunteer Fire Department, Inc.","Cato, NY 13033"
Cayuga,36011,bls_nontransport,"King Ferry Fire Department, Inc.","King Ferry, NY 13081"
Cayuga,36011,bls_nontransport,"Locke Volunteer Fire Department, Inc","Locke, NY 13092"
Cayuga,36011,bls_nontransport,"Long Hill Fire Department, Inc.","Venice Center, NY 13147"
Cayuga,36011,bls_nontransport,Montezuma Fire Department,"Montezuma, NY 13117"
Cayuga,36011,bls_nontransport,Moravia Volunteer Fire Company Inc,"Moravia, NY 13118"
Cayuga,36011,bls_nontransport,New Hope Fire Department,"Moravia, NY 13118"
Cayuga,36011,bls_nontransport,"Poplar Ridge Fire Company, Inc.","Poplar Ridge, NY 13139"
Cayuga,36011,bls_nontransport,"Scipio Voluntter Fire Company, Inc.","Scipio Center, NY 13147"
Cayuga,36011,bls_nontransport,Sempronius Fire Department,"Moravia, NY 13118"
Cayuga,36011,bls_nontransport,Sennett Fire Department,"Auburn, NY 13021"
Cayuga,36011,bls_nontransport,"Union Hose and Engine Company, Inc.","Union Springs, NY 13160"
Cayuga,36011,bls_nontransport,"Victory Fire Department, Inc.","Cato, NY 13033"
Cayuga,36011,bls_nontransport,"Weedsport Fire Department, Village of","Weedsport, NY 13166"
Cayuga,36011,bls_nontransport,West Niles Fire Department,"Moravia, NY 13118"
Chautauqua,36013,bls_nontransport,East Dunkirk Volunteer Fire Company,"Dunkirk, NY 14048"
Chautauqua,36013,bls_nontransport,Sheridan Fire District,"Sheridan, NY 14135"
Chautauqua,36013,bls_nontransport,"West Dunkirk Fire Company, Inc.","Dunkirk, NY 14048"
Chemung,36015,bls_nontransport,"Baldwin Volunteer Fire Company, Inc.","Lowman, NY 14861"
Chemung,36015,bls_nontransport,Big Flats Volunteer Fire Company,"Big Flats, NY 14814"
Chemung,36015,bls_nontransport,"Breesport Volunteer Fire Company, Inc.","Breesport, NY 14806"
Chemung,36015,bls_nontransport,"Community Fire & Rescue, Inc.","Van Etten, NY 14889"
Chemung,36015,bls_nontransport,"East Hill Volunteer Fire Co, Inc.","Elmira, NY 14901"
Chemung,36015,bls_nontransport,"Elmira Heights, Village of","Elmira Heights, NY 14903"
Chemung,36015,bls_nontransport,"Elmira Police Department SWAT, City of","Elmira, NY 14901"
Chemung,36015,bls_nontransport,"Elmira, City of","Elmira, NY 14901"
Chemung,36015,bls_nontransport,"Erin Volunteer Fire Company, Inc.","Erin, NY 14838"
Chemung,36015,bls_nontransport,"Golden Glow Volunteer Fire Company, Inc.","Elmira, NY 14905"
Chemung,36015,bls_nontransport,"Horseheads Fire Department, VIllage of","Horseheads, NY 14845"
Chemung,36015,bls_nontransport,Millport Fire Department,"Millport, NY 14864"
Chemung,36015,bls_nontransport,"Pine City Volunteer Fire Department, Inc.","Pine City, NY 14871"
Chemung,36015,bls_nontransport,"Tompkins Corners Volunteer Fire Company, Inc.","Horseheads, NY 14845"
Chemung,36015,bls_nontransport,Town & Country Fire Department. Inc.,"Horseheads, NY 14845"
Chemung,36015,bls_nontransport,"Town of Chemung Volunteer Fire Company, Inc.","Chemung, NY 14825"
Chemung,36015,bls_nontransport,"Van Etten Volunteer Fire Company, Inc.","Van Etten, NY 14889"
Chemung,36015,bls_nontransport,"Webbs Mills Volunteer Fire Department, Inc.","Pine City, NY 14871"
Chemung,36015,bls_nontransport,"Wellsburg Volunteer Fire Department, Village of","Wellsburg, NY 14894"
Chemung,36015,bls_nontransport,"West Elmira Volunteer Fire Department, Inc.","Elmira, NY 14905"
Chenango,36017,bls_nontransport,Borden Hose Co # 1,"Mt. Upton, NY 13809"
Chenango,36017,bls_nontransport,"Genegantslet Fire Company, Inc.","Smithville Flats, NY 13841"
Chenango,36017,bls_nontransport,"North Norwich Fire Department, Inc.","North Norwich, NY 13814"
Chenango,36017,bls_nontransport,"Plymouth Volunteer Fire Department, Inc.","Plymouth, NY 13832"
Chenango,36017,bls_nontransport,"Preston Fire District, Town of","Oxford, NY 13830"
Chenango,36017,bls_nontransport,"Smyrna Fire Company, Inc.","Smyrna, NY 13464"
Clinton,36019,bls_nontransport,Beekmantown Fire District #1,"West Chazy, NY 12992"
Clinton,36019,bls_nontransport,"Cadyville Fire Department, Inc.","Cadyville, NY 12918"
Clinton,36019,bls_nontransport,"Churubusco Volunteer Fire Department, Inc.","Clinton, NY 12923"
Clinton,36019,bls_nontransport,Cumberland Head Fire Department,"Plattsburg, NY 12901"
Clinton,36019,bls_nontransport,"Plattsburgh Fire District No. 3, Town of","Plattsburgh, NY 12901"
Clinton,36019,bls_nontransport,South Plattsburgh Fire District,"Plattsburgh, NY 12901"
Columbia,36021,bls_nontransport,Churchtown Fire Co No 1,"Claverack, NY 12513"
Columbia,36021,bls_nontransport,Claverack Fire District,"Claverack, NY 12513"
Columbia,36021,bls_nontransport,"East Chatham Fire Company, Inc.","East Chatham, NY 12060"
Columbia,36021,bls_nontransport,"Philmont Volunteer Fire Company, Village of","Philmont, NY 12565"
Columbia,36021,bls_nontransport,"Stottville Fire Company, Inc.","Hudson, NY 12534"
Columbia,36021,bls_nontransport,Tri-Village Fire Company Inc.,"Old Chatham, NY 12136"
Cortland,36023,bls_nontransport,"Cortland Fire Department, City of","Cortland, NY 13045"
Cortland,36023,bls_nontransport,"Cortlandville Fire Department, Inc.","Cortland, NY 13045"
Cortland,36023,bls_nontransport,"Harford Fire Company, Inc.","Harford, NY 13784"
Cortland,36023,bls_nontransport,"Homer, Village of","Homer, NY 13077"
Cortland,36023,bls_nontransport,McGraw Fire Department,"McGraw, NY 13101"
Cortland,36023,bls_nontransport,"Preble Fire Department, Inc.","Preble, NY 13141"
Cortland,36023,bls_nontransport,SUNY Cortland State Emergency Squad,"Cortland, NY 13045"
Cortland,36023,bls_nontransport,"The Willet Volunteer Fire Department, Inc.","Willet, NY 13863"
Cortland,36023,bls_nontransport,"Truxton Fire Department, Inc.","Truxton, NY 13158"
Cortland,36023,bls_nontransport,Virgil Fire District,"Cortland, NY 13045"
Delaware,36025,bls_nontransport,"Davenport Volunteer Fire Department, Inc.","Davenport, NY 13750"
Delaware,36025,bls_nontransport,"East Meredith Fire Department, Inc.","East Meredith, NY 13757"
Delaware,36025,bls_nontransport,"Hancock, Village of","Hancock, NY 13783"
Delaware,36025,bls_nontransport,Pindar's Corners Fire Dept. First Response Unit,"Oneonta, NY 13820"
Delaware,36025,bls_nontransport,"Sidney Fire Department, Inc.","Sidney, NY 13838"
Dutchess,36027,bls_nontransport,Bard College EMS,"Annandale-on-Hudson, NY 12504"
Dutchess,36027,bls_nontransport,"Beacon Fire Department, City of","Beacon, NY 12508"
Dutchess,36027,bls_nontransport,Chelsea Fire District,"Chelsea, NY 12512"
Dutchess,36027,bls_nontransport,Glenham Fire District,"Glenham, NY 12527"
Dutchess,36027,bls_nontransport,Hughsonville Fire District,"Hughsonville, NY 12590"
Dutchess,36027,bls_nontransport,Hyde Park Fire and Water District,"Hyde Park, NY 12538"
Dutchess,36027,bls_nontransport,"J.H. Ketcham Hose Company, Inc.","Dover Plains, NY 12522"
Dutchess,36027,bls_nontransport,New Hamburg Fire Department,"New Hamburg, NY 12590"
Dutchess,36027,bls_nontransport,North East Fire District,"Millerton, NY 12546"
Dutchess,36027,bls_nontransport,"Poughkeepsie Fire Department, City of","Poughkeepsie, NY 12601"
Dutchess,36027,bls_nontransport,Staatsburg Fire District,"Staatsburg, NY 12580"
Dutchess,36027,bls_nontransport,Stanford Fire District,"Stanfordville, NY 12581"
Dutchess,36027,bls_nontransport,Vassar College EMS,"Poughkeepsie, NY 12604"
Dutchess,36027,bls_nontransport,Wassaic Fire District,"Wassaic, NY 12592"
Erie,36029,bls_nontransport,"Akron Fire Company, Inc.","Akron, NY 14001"
Erie,36029,bls_nontransport,"Bellevue Volunteer Fire Company, Inc.","Cheektowaga, NY 14227"
Erie,36029,bls_nontransport,"Boston Volunteer Fire Company, Inc.","Boston, NY 14025"
Erie,36029,bls_nontransport,Bowmansville Volunteer Fire Association Inc,"Bowmansville, NY 14026"
Erie,36029,bls_nontransport,"Buffalo Fire Department, City of","Buffalo, NY 14202"
Erie,36029,bls_nontransport,"Cleveland Hill FD #6, Inc.","Cheektowaga, NY 14225"
Erie,36029,bls_nontransport,"Collins Center Fire Company, Inc.","Collins Center, NY 14035"
Erie,36029,bls_nontransport,"Collins Fire Company #1, Inc.","Collins, NY 14034"
Erie,36029,bls_nontransport,"Crittenden Volunteer Fire Department, Inc.","Crittenden, NY 14038"
Erie,36029,bls_nontransport,Daemen College,"Amherst, NY 14226"
Erie,36029,bls_nontransport,Doyle Fire District,"Cheektowaga, NY 14206"
Erie,36029,bls_nontransport,"East  Aurora Fire Department, Village of","East Aurora, NY 14052"
Erie,36029,bls_nontransport,Eggertsville Fire District,"Amherst, NY 14226"
Erie,36029,bls_nontransport,Ellicott Creek Volunteer Fire Co. Inc.,"Amherst, NY 14228"
Erie,36029,bls_nontransport,"Forks Hose Company, Inc.","Cheektowaga, NY 14227"
Erie,36029,bls_nontransport,Getzville Fire Company Inc.,"Getzville, NY 14068"
Erie,36029,bls_nontransport,Harris Hill Volunteer Fire Company,"Clarence, NY 14221"
Erie,36029,bls_nontransport,"Hy-View Fire Company, Inc.","Depew, NY 14043"
Erie,36029,bls_nontransport,"Kenmore Volunteer Fire Department, Inc.","Kenmore, NY 14217"
Erie,36029,bls_nontransport,"Lackawanna Fire Department, City of","Lackawanna, NY 14218"
Erie,36029,bls_nontransport,Lancaster Fire Department,"Lancaster, NY 14086"
Erie,36029,bls_nontransport,"Main - Transit Fire Department, Inc.","Williamsville, NY 14221"
Erie,36029,bls_nontransport,"Millgrove Volunteer Fire Department, Inc.","Alden, NY 14004"
Erie,36029,bls_nontransport,"Mortons Corners Volunteer Fire Department, Inc.","Springville, NY 14141"
Erie,36029,bls_nontransport,"North Bailey Fire Company, Inc.","Amherst, NY 14226"
Erie,36029,bls_nontransport,Orchard Park Fire District,"Orchard Park, NY 14127"
Erie,36029,bls_nontransport,"Patchin Volunteer Fire Association, Inc.","Boston, NY 14025"
Erie,36029,bls_nontransport,Pine Hill Hose Company,"Cheektowaga, NY 14225"
Erie,36029,bls_nontransport,"Rescue Volunteer Hose Company #1 of Cheektowaga NY, Inc.","Cheektowaga, NY 14211"
Erie,36029,bls_nontransport,Seneca Hose Fire Company #1,"West Seneca, NY 14224"
Erie,36029,bls_nontransport,Sloan Active Hose Company #1,"Sloan, NY 14212"
Erie,36029,bls_nontransport,"Snyder Fire Department, Inc.","Snyder, NY 14226"
Erie,36029,bls_nontransport,Town Line Volunteer Fire Department,"Lancaster, NY 14086"
Erie,36029,bls_nontransport,"Twin District Volunteer Fire Company, Inc.","Lancaster, NY 14086"
Erie,36029,bls_nontransport,U-Crest Fire District #4,"Cheektowaga, NY 14225"
Erie,36029,bls_nontransport,West Seneca Fire District #1,"West Seneca, NY 14224"
Erie,36029,bls_nontransport,Williamsville Fire Department,"Williamsville, NY 14221"
Essex,36031,bls_nontransport,Crown Point Fire District,"Crown Point, NY 12928"
Franklin,36033,bls_nontransport,"Dickinson Volunteer Fire Department, Inc.","Dickinson Center, NY 12930"
Franklin,36033,bls_nontransport,"Duane Volunteer Fire Company, Inc.","Malone, NY 12953"
Franklin,36033,bls_nontransport,"Paul Smiths-Gabriels Volunteer Fire Department, Inc.","Gabriels, NY 12939"
Franklin,36033,bls_nontransport,"St. Regis Falls Fire Department, Inc.","St. Regis Falls, NY 12980"
Fulton,36035,bls_nontransport,"Caroga Lake Volunteer Fire Company, Inc.","Caroga Lake, NY 12032"
Fulton,36035,bls_nontransport,"Ephratah Volunteer Fire Department, Inc.","St. Johnsville, NY 13452"
Fulton,36035,bls_nontransport,"Gloversville Fire Department, City of","Gloversville, NY 12078"
Fulton,36035,bls_nontransport,"Johnstown Fire Department, City of","Johnstown, NY 12095"
Fulton,36035,bls_nontransport,Mayfield Fire District # 2,"Mayfield, NY 12117"
Fulton,36035,bls_nontransport,"Oppenheim Volunteer Fire Company, Inc.","St. Johnsville, NY 13452"
Fulton,36035,bls_nontransport,"Perth Volunteer Fire Co., Inc.","Amsterdam, NY 12010"
Fulton,36035,bls_nontransport,"Rockwood-Garoga-Lassellsville Volunteer Fire Company, Inc.","St. Johnsville, NY 13452"
Fulton,36035,bls_nontransport,Stratford Volunteer Fire Company,"Stratford, NY 13470"
Genesee,36037,bls_nontransport,Alabama Volunteer Fire Department,"Basom, NY 14013"
Genesee,36037,bls_nontransport,Alexander Fire Department Inc,"Genesee, NY 14005"
Genesee,36037,bls_nontransport,"Batavia Fire Department, Inc., Town of","Batavia, NY 14020"
Genesee,36037,bls_nontransport,"Batavia, City of","Batavia, NY 14020"
Genesee,36037,bls_nontransport,"Community Fire Company of Pavilion, Inc","Pavilion, NY 14525"
Genesee,36037,bls_nontransport,Corfu Rescue Hook & Ladder Co No 1,"Corfu, NY 14036"
Genesee,36037,bls_nontransport,"Darien Center Chemical Fire Company, Inc.","Darien Center, NY 14040"
Genesee,36037,bls_nontransport,"East Pembroke Volunteer Fire Department, Inc.","East Pembroke, NY 14056"
Genesee,36037,bls_nontransport,"Elba Fire Department, Inc.","Elba, NY 14058"
Genesee,36037,bls_nontransport,Oakfield Fire Department,"Oakfield, NY 14125"
Genesee,36037,bls_nontransport,Pembroke Fire District,"Corfu, NY 14036"
Genesee,36037,bls_nontransport,"Stafford Fire Department, Inc.","Stafford, NY 14143"
Greene,36039,bls_nontransport,"East Jewett Fire Department, Inc.","East Jewett, NY 12424"
Greene,36039,bls_nontransport,Greenville Fire District # 1,"Greenville, NY 12083"
Greene,36039,bls_nontransport,"Medway Grapeville VFC, Inc.","Climax, NY 12042"
Greene,36039,bls_nontransport,New Baltimore Fire Department,"New Baltimore, NY 12124"
Greene,36039,bls_nontransport,Palenville Fire District,"Palenville, NY 12463"
Greene,36039,bls_nontransport,"Tannersville Fire Department, Inc.","Tannersville, NY 12485"
Greene,36039,bls_nontransport,"Town of Lexington Fire Company, Inc.","Lexington, NY 12452"
Herkimer,36043,bls_nontransport,"East Herkimer Volunteer Fire Department #1, Inc.","East Herkimer, NY 13350"
Herkimer,36043,bls_nontransport,"EW Corey Hose Company, Inc.","Newport, NY 13406"
Herkimer,36043,bls_nontransport,"Frankfort Center Fire Department, Inc.","Frankfort, NY 13340"
Herkimer,36043,bls_nontransport,Frankfort Fire Department,"Frankfort, NY 13340"
Herkimer,36043,bls_nontransport,"Frankfort Hill Volunteer Fire Company, Inc.","Frankfort, NY 13340"
Herkimer,36043,bls_nontransport,Herkimer Fire Department,"Herkimer, NY 13350"
Herkimer,36043,bls_nontransport,"Newport Volunteer Fire Co. No. 4, Inc.","Newport, NY 13416"
Herkimer,36043,bls_nontransport,"Salisbury Fire Department, Inc.","Salisbury Center, NY 13454"
Herkimer,36043,bls_nontransport,"Van Hornesville Volunteer Fire Company, Inc.","Van Hornesville, NY 13475"
Jefferson,36045,bls_nontransport,"Belleville Volunteer Fire Department, Inc.","Belleville, NY 13611"
Jefferson,36045,bls_nontransport,Brownville Joint Fire District,"Dexter, NY 13634"
Jefferson,36045,bls_nontransport,"Calcium Fire District Fire Company, Inc.","Calcium, NY 13616"
Jefferson,36045,bls_nontransport,Cape Vincent Fire Department First Responders,"Cape Vincent, NY 13618"
Jefferson,36045,bls_nontransport,Carthage Volunteer Fire Department,"Carthage, NY 13619"
Jefferson,36045,bls_nontransport,"Chaumont Volunteer Fire Department, Inc.","Chaumont, NY 13622"
Jefferson,36045,bls_nontransport,"Deferiet Volunteer Fire Company, Inc.","Deferiet, NY 13628"
Jefferson,36045,bls_nontransport,"Depauville Fire Department, Inc.","Depauville, NY 13632"
Jefferson,36045,bls_nontransport,"Felts Mills Volunteer Fire Company, Inc.","Felts Mills, NY 13638"
Jefferson,36045,bls_nontransport,"Glen Park Volunteer Fire Department, Village of","Glen Park, NY 13601"
Jefferson,36045,bls_nontransport,"Lorraine Volunteer Fire Company, Inc.","Lorraine, NY 13659"
Jefferson,36045,bls_nontransport,"Northpole Fire Company, Inc.","Watertown, NY 13601"
Jefferson,36045,bls_nontransport,"Redwood Fire Department, Inc","Redwood, NY 13679"
Jefferson,36045,bls_nontransport,"Rutland Volunteer Fire Company, Inc.","Black River, NY 13612"
Jefferson,36045,bls_nontransport,"Sackets Harbor Volunteer Fire Company, Inc.","Sackets Harbor, NY 13685"
Jefferson,36045,bls_nontransport,"Smithville Volunteer Fire Company, Inc.","Adams, NY 13605"
Jefferson,36045,bls_nontransport,"The Great Bend Fire Department, Inc.","Great Bend, NY 13643"
Jefferson,36045,bls_nontransport,"Town of Watertown Volunteer Fire Department, Inc.","Watertown, NY 13601"
Jefferson,36045,bls_nontransport,"Watertown Fire Department, City of","Watertown, NY 13601"
Kings,36047,bls_nontransport,"Chasdei Devorah, Inc.","Brooklyn, NY 11204"
Livingston,36051,bls_nontransport,"Avon Fire Department, Village of","Avon, NY 14414"
Livingston,36051,bls_nontransport,Caledonia Joint Fire District,"Caledonia, NY 14423"
Livingston,36051,bls_nontransport,"Cuylerville Volunteer Fire Company, Inc.","Leicester, NY 14481"
Livingston,36051,bls_nontransport,"Lakeville Volunteer Fire Department, Inc.","Lakeville, NY 14480"
Livingston,36051,bls_nontransport,Livonia Hook & Ladder Co. No.1,"Livonia, NY 14487"
Livingston,36051,bls_nontransport,"Sparta Center Volunteer Fire Department, Inc.","Dansville, NY 14437"
Livingston,36051,bls_nontransport,Springwater Fire District,"Springwater, NY 14560"
Livingston,36051,bls_nontransport,SUNY at Geneseo,"Geneseo, NY 14454"
Livingston,36051,bls_nontransport,Town of Avon Fire District,"Avon, NY 14414"
Livingston,36051,bls_nontransport,"West Sparta Volunteer Fire Department Co. No. 1, Inc.","Dansville, NY 14437"
Livingston,36051,bls_nontransport,"York Fire Department, Inc.","York, NY 14592"
Madison,36053,bls_nontransport,"Bridgeport Fire Department, Inc.","Bridgeport, NY 13030"
Madison,36053,bls_nontransport,"Brookfield Fire Company, Inc.","Brookfield, NY 13314"
Madison,36053,bls_nontransport,"Canastota Fire Department, Village of","Canastota, NY 13032"
Madison,36053,bls_nontransport,"Cazenovia FD, Village of","Cazenovia, NY 13035"
Madison,36053,bls_nontransport,Chittenango Volunteer Fire Department,"Chittenango, NY 13037"
Madison,36053,bls_nontransport,Eaton Fire District,"Eaton, NY 13334"
Madison,36053,bls_nontransport,"Erieville Fire Department, Inc.","Erieville, NY 13061"
Madison,36053,bls_nontransport,Hamilton Fire Department Rescue,"Hamilton, NY 13346"
Madison,36053,bls_nontransport,Hubbardsville Fish & Game Club Fire Department,"Hubbardsville, NY 13355"
Madison,36053,bls_nontransport,Lincoln Fire District,"Canastota, NY 13032"
Madison,36053,bls_nontransport,"Morrisville Fire Company, Inc.","Morrisville, NY 13408"
Madison,36053,bls_nontransport,"Munnsville, Village of","Munnsville, NY 13409"
Madison,36053,bls_nontransport,"North Brookfield Volunteer Fire Department, Inc.","North Brookfield, NY 13418"
Madison,36053,bls_nontransport,"North Chittenango Volunteer Fire Company, Inc.","Chittenango, NY 13037"
Madison,36053,bls_nontransport,"Smithfield Fire Department, Inc.","Peterboro, NY 13134"
Madison,36053,bls_nontransport,"Wampsville Volunteer Fire Company, Inc.","Wampsville, NY 13163"
Madison,36053,bls_nontransport,West Webster Fire District,"Webster, NY 14580"
Monroe,36055,bls_nontransport,Brighton Fire District,"Rochester, NY 14610"
Monroe,36055,bls_nontransport,"Brockport Volunteer Firefighters Association, Inc.","Brockport, NY 14420"
Monroe,36055,bls_nontransport,"Bushnell's Basin Fire Association, Inc.","Pittsford, NY 14534"
Monroe,36055,bls_nontransport,"Chili Fire Department, Inc.","Rochester, NY 14624"
Monroe,36055,bls_nontransport,"Churchville Volunteer Fire Department, Inc.","Churchville, NY 14428"
Monroe,36055,bls_nontransport,"Clifton Fire Department, Inc.","Churchville, NY 14428"
Monroe,36055,bls_nontransport,"Egypt Fire Association, Inc.","Fairport, NY 14450"
Monroe,36055,bls_nontransport,"Fairport Fire Department, Inc.","Fairport, NY 14450"
Monroe,36055,bls_nontransport,Gates Fire District,"Rochester, NY 14624"
Monroe,36055,bls_nontransport,Greater Rochester International Airport Fire Department,"Rochester, NY 14624"
Monroe,36055,bls_nontransport,Hamlin Morton Walker Fire District,"Hamlin, NY 14464"
Monroe,36055,bls_nontransport,Henrietta Fire District,"West Henrietta, NY 14586"
Monroe,36055,bls_nontransport,Hilton-Parma Fire District,"Hilton, NY 14468"
Monroe,36055,bls_nontransport,"Honeoye Falls Fire Department, Inc.","Honeoye Falls, NY 14472"
Monroe,36055,bls_nontransport,Irondequoit Fire District,"Rochester, NY 14622"
Monroe,36055,bls_nontransport,Lakeshore Fire District,"Rochester, NY 14612"
Monroe,36055,bls_nontransport,Mendon Fire District,"Mendon, NY 14506"
Monroe,36055,bls_nontransport,Monroe County Sheriff's Office,"Rochester, NY 14614"
Monroe,36055,bls_nontransport,Mumford Fire District,"Mumford, NY 14511"
Monroe,36055,bls_nontransport,North East Joint Fire District,"Webster, NY 14580"
Monroe,36055,bls_nontransport,North Greece Fire District,"Rochester, NY 14612"
Monroe,36055,bls_nontransport,"Penfield Fire Company, Inc.","Penfield, NY 14526"
Monroe,36055,bls_nontransport,Pittsford Fire District,"Pittsford, NY 14534"
Monroe,36055,bls_nontransport,Point Pleasant Fire District,"North Rochester, NY 14622"
Monroe,36055,bls_nontransport,Ridge Road Fire District,"Rochester, NY 14626"
Monroe,36055,bls_nontransport,"Rochester, City of","Rochester, NY 14614"
Monroe,36055,bls_nontransport,"Scottsville Fire Department, Inc.","Scottsville, NY 14546"
Monroe,36055,bls_nontransport,"Spencerport Volunteer Fireman's Association, Inc.","Spencerport, NY 14559"
Monroe,36055,bls_nontransport,St. Paul Boulevard Fire District,"Rochester, NY 14617"
Monroe,36055,bls_nontransport,University of Rochester Medical Emer. Resp. Team,"Rochester, NY 14627"
Montgomery,36057,bls_nontransport,"Burtonsville Volunteer Fire Department, Inc.","Esperance, NY 12066"
Montgomery,36057,bls_nontransport,"Canajoharie Volunteer Fire Department, Inc.","Canajoharie, NY 13317"
Montgomery,36057,bls_nontransport,"Charleston Volunteer Fire Department, Inc.","Sprakers, NY 12166"
Montgomery,36057,bls_nontransport,Cranesville Volunteer Fire Department,"Amsterdam, NY 12010"
Montgomery,36057,bls_nontransport,"Florida Volunteer Fire Department FR Unit, Town of","Amsterdam, NY 12010"
Montgomery,36057,bls_nontransport,"Fort Plain Fire Department, Village of","Fort Plain, NY 13339"
Montgomery,36057,bls_nontransport,"Hagaman Volunteer Fire Department, Inc.","Hagaman, NY 12086"
Montgomery,36057,bls_nontransport,Mohawk Fire District,"Fonda, NY 12068"
Montgomery,36057,bls_nontransport,Montgomery County Sheriff,"Fultonville, NY 12072"
Montgomery,36057,bls_nontransport,"Rural Grove Volunteer Fire Company, Inc.","Sprakers, NY 12166"
Montgomery,36057,bls_nontransport,"South Minden Volunteer Fire Department, Inc.","Fort Plain, NY 13339"
Montgomery,36057,bls_nontransport,"Town of Glen Volunteer Fire Department, Inc.","Fultonville, NY 12072"
Montgomery,36057,bls_nontransport,"Tribes Hill Fire Department, Inc.","Tribes Hill, NY 12177"
Nassau,36059,bls_nontransport,"Albertson H & L & EH Company, Inc","Albertson, NY 11507"
Nassau,36059,bls_nontransport,"Alert Engine, Hook and Ladder Company # 1, Inc.","Great Neck, NY 11023"
Nassau,36059,bls_nontransport,Atlantic Steamer Fire Co. # 1,"Oyster Bay, NY 11771"
Nassau,36059,bls_nontransport,"East Williston Fire Department, Village of","East Williston, NY 11596"
Nassau,36059,bls_nontransport,"Floral Park Centre Fire Company, Inc.","Floral Park Centre, NY 11001"
Nassau,36059,bls_nontransport,"Hempstead Conservation & Waterways, Town of","Pt. Lookout, NY 11569"
Nassau,36059,bls_nontransport,"Oyster Bay Department of Public Safety, Town of","Syosset, NY 11791"
Nassau,36059,bls_nontransport,"Roslyn Highlands Hook & Ladder, Engine & Hose Co., The","Roslyn Heights, NY 11577"
New York,36061,bls_nontransport,Metro-North Railroad Fire Brigade,"New York, NY 10017"
Niagara,36063,bls_nontransport,"Adams Fire Company, Inc.","North Tonawanda, NY 14120"
Niagara,36063,bls_nontransport,"First Volunteer Fire Company of Bergholz, Inc.","Niagara Falls, NY 14304"
Niagara,36063,bls_nontransport,Frontier Volunteer Fire Company,"Niagara Falls, NY 14304"
Niagara,36063,bls_nontransport,Gasport Chemical Hose Co.,"Gasport, NY 14067"
Niagara,36063,bls_nontransport,"Hartland Fire Company, Inc.","Gasport, NY 14067"
Niagara,36063,bls_nontransport,Middleport Fire Company # 1,"Middleport, NY 14105"
Niagara,36063,bls_nontransport,Niagara Falls Air Reserve Station Fire Department,"Niagara Falls, NY 14304"
Niagara,36063,bls_nontransport,"Niagara Falls Fire Department, City of","Niagara Falls, NY 14302"
Niagara,36063,bls_nontransport,"Pekin Fire Company, Inc.","Sanborn, NY 14132"
Niagara,36063,bls_nontransport,"St. Johnsburg Fire Company, Inc.","North Tonawanda, NY 14120"
Niagara,36063,bls_nontransport,"Terrys Corners Volunteer Fire Company, Inc.","Gasport, NY 14067"
Niagara,36063,bls_nontransport,"Town of Niagara Active Hose Company, Inc.","Niagara Falls, NY 14305"
Oneida,36065,bls_nontransport,"Cassville Fire Department, Inc.","Cassville, NY 13318"
Oneida,36065,bls_nontransport,"Clark Mills Volunteer Fire Department, Inc.","Clark Mills, NY 13321"
Oneida,36065,bls_nontransport,Clayville Volunteer Fire Department,"Clayville, NY 13322"
Oneida,36065,bls_nontransport,"Clinton Fire Department, Village of","Clinton, NY 13323"
Oneida,36065,bls_nontransport,Deansboro Fire District,"Deansboro, NY 13328"
Oneida,36065,bls_nontransport,Durhamville Fire Department,"Durhamville, NY 13054"
Oneida,36065,bls_nontransport,Florence Volunteer Fire Department,"Camden, NY 13316"
Oneida,36065,bls_nontransport,"Forestport Fire Fighters, Inc.","Forestport, NY 13338"
Oneida,36065,bls_nontransport,Hamilton College Student Health Services Office,"Clinton, NY 13323"
Oneida,36065,bls_nontransport,"Lee Center Fire Department, Inc.","Lee Center, NY 13363"
Oneida,36065,bls_nontransport,"Leonardsville Volunteer Fire Company, Inc.","Leonardsville, NY 13364"
Oneida,36065,bls_nontransport,McConnellsville Fire Department,"McConnellsville, NY 13401"
Oneida,36065,bls_nontransport,"New London Volunteer Fire Department, Inc.","Rome, NY 13440"
Oneida,36065,bls_nontransport,"Oneida Castle Volunteer Fire Department, Inc.","Oneida, NY 13421"
Oneida,36065,bls_nontransport,"Oriskany Falls Volunteer Fire Department, Inc.","Oriskany Falls, NY 13425"
Oneida,36065,bls_nontransport,"Oriskany Fire Department, Village of","Oriskany, NY 13424"
Oneida,36065,bls_nontransport,"Otter Lake Fire Company, Inc.","Otter Lake, NY 13338"
Oneida,36065,bls_nontransport,"Paris Hill Volunteer Fire Company, Inc.","Savquoit, NY 13456"
Oneida,36065,bls_nontransport,Remsen Fire Department,"Remsen, NY 13438"
Oneida,36065,bls_nontransport,"Rome Fire Department, City of","Rome, NY 13440"
Oneida,36065,bls_nontransport,"Sauquoit Volunteer Fire Company, Inc","Sauquoit, NY 13456"
Oneida,36065,bls_nontransport,"Stanwix Heights Volunteer Fire Department, Inc.","Rome, NY 13440"
Oneida,36065,bls_nontransport,Sylvan Beach Fire District,"Sylvan Beach, NY 13157"
Oneida,36065,bls_nontransport,Trenton Joint Fire District,"Barneveld, NY 13304"
Oneida,36065,bls_nontransport,Utica College Emergency Medical Services,"Utica, NY 13502"
Oneida,36065,bls_nontransport,"Vernon Center Volunteer Fire Department, Inc.","Vernon Center, NY 13477"
Oneida,36065,bls_nontransport,"Verona Volunteer Fire Department, Inc.","Verona, NY 13478"
Oneida,36065,bls_nontransport,"Vienna Fire Department, Inc.","Blossvale, NY 13308"
Oneida,36065,bls_nontransport,Waterville Volunteer Fire Dept.,"Waterville, NY 13480"
Oneida,36065,bls_nontransport,"Westmoreland Volunteer Fire Department, Inc.","Westmoreland, NY 13490"
Oneida,36065,bls_nontransport,"Yorkville Fire Department, Village of","Yorkville, NY 13495"
Onondaga,36067,bls_nontransport,174th Attack Wing Fire and Emergency Services,"Syracuse, NY 13211"
Onondaga,36067,bls_nontransport,"Amber Fire Department, Inc.","Marietta, NY 13110"
Onondaga,36067,bls_nontransport,"Apulia Fire Company, Inc.","Apulia Station, NY 13020"
Onondaga,36067,bls_nontransport,"Baldwinsville Volunteer Fire Company, Inc.","Baldwinsville, NY 13027"
Onondaga,36067,bls_nontransport,Belgium Cold Spring Fire Department,"Baldwinsville, NY 13027"
Onondaga,36067,bls_nontransport,"Borodino Fire Department, Inc","Skaneateles, NY 13152"
Onondaga,36067,bls_nontransport,Brewerton Fire District,"Brewerton, NY 13029"
Onondaga,36067,bls_nontransport,"Camillus Volunteer Fire Department, Inc.","Camillus, NY 13031"
Onondaga,36067,bls_nontransport,Cicero Fire Department,"Cicero, NY 13039"
Onondaga,36067,bls_nontransport,"Clay Volunteer Fire Department, Inc.","Clay, NY 13041"
Onondaga,36067,bls_nontransport,"Delphi Falls Fire Company, Inc.","Manlius, NY 13104"
Onondaga,36067,bls_nontransport,"East Syracuse Fire Department, Inc.","East Syracuse, NY 13057"
Onondaga,36067,bls_nontransport,"Elbridge Volunteer Fire Company, Inc.","Elbridge, NY 13060"
Onondaga,36067,bls_nontransport,Fabius Fire Department,"Fabius, NY 13063"
Onondaga,36067,bls_nontransport,Hinsdale Fire District #1,"Mattydale, NY 13211"
Onondaga,36067,bls_nontransport,"Howlett Hill Fire Department, Inc.","Syracuse, NY 13215"
Onondaga,36067,bls_nontransport,"Kirkville Fire Company, Inc.","Kirkville, NY 13082"
Onondaga,36067,bls_nontransport,Lakeside Fire District,"Syracuse, NY 13209"
Onondaga,36067,bls_nontransport,Le Moyne College Emergency Medical Services,"Syracuse, NY 13214"
Onondaga,36067,bls_nontransport,"Liverpool Fire Department, Inc.","Liverpool, NY 13088"
Onondaga,36067,bls_nontransport,Lyncourt Fire District,"Syracuse, NY 13208"
Onondaga,36067,bls_nontransport,"Marcellus Volunteer Fire Department, Inc.","Marcellus, NY 13108"
Onondaga,36067,bls_nontransport,Micron Technology Inc.,"Syracuse, NY 13202"
Onondaga,36067,bls_nontransport,"Minoa Fire Department, Village of","Minoa, NY 13116"
Onondaga,36067,bls_nontransport,"Mottville Fire Company, Inc.","Mottville, NY 13119"
Onondaga,36067,bls_nontransport,"Moyers Corners Fire Department, Inc.","Liverpool, NY 13090"
Onondaga,36067,bls_nontransport,"Navarino Fire Department, Inc.","Syracuse, NY 13215"
Onondaga,36067,bls_nontransport,"Nedrow Volunteer Fire Department, Inc.","Nedrow, NY 13205"
Onondaga,36067,bls_nontransport,"North Syracuse, Village of","North Syracuse, NY 13212"
Onondaga,36067,bls_nontransport,North West Fire District,"Baldwinsville, NY 13027"
Onondaga,36067,bls_nontransport,"Onondaga Fire Company, Inc.","Syracuse, NY 13215"
Onondaga,36067,bls_nontransport,Onondaga Nation Volunteer Fire Department,"Nedrow, NY 13120"
Onondaga,36067,bls_nontransport,"Otisco Fire Department, Inc.","Tully, NY 13159"
Onondaga,36067,bls_nontransport,Plainville Fire District,"Plainville, NY 13137"
Onondaga,36067,bls_nontransport,"Protective Company #1 of the Fairmount Fire Department, Inc.","Syracuse, NY 13219"
Onondaga,36067,bls_nontransport,Seneca River Fire District,"Baldwinsville, NY 13027"
Onondaga,36067,bls_nontransport,"Sentinel Heights Volunteer Fire Dept., Inc.","Jamesville, NY 13078"
Onondaga,36067,bls_nontransport,Skaneateles Fire Department Rescue,"Skaneateles, NY 13152"
Onondaga,36067,bls_nontransport,"Solvay Fire Department, Inc.","Solvay, NY 13209"
Onondaga,36067,bls_nontransport,"South Bay Fire Department, Inc.","Cicero, NY 13039"
Onondaga,36067,bls_nontransport,"South Onondaga Fire Department, Inc.","Nedrow, NY 13120"
Onondaga,36067,bls_nontransport,"Southwood Volunteer Fire Department, Inc.","Jamesville, NY 13078"
Onondaga,36067,bls_nontransport,Spafford Fire Department,"Homer, NY 13077"
Onondaga,36067,bls_nontransport,"Taunton Fire Department, Inc.","Syracuse, NY 13219"
Onondaga,36067,bls_nontransport,Warners Fire District,"Warners, NY 13164"
Ontario,36069,bls_nontransport,"Bristol Volunteer Fire Department, Inc.","Canandaigua, NY 14424"
Ontario,36069,bls_nontransport,"Canandaigua Fire Department, City of","Canandaigua, NY 14424"
Ontario,36069,bls_nontransport,"Cheshire Volunteer Fire Department, Inc.","Canandaigua, NY 14424"
Ontario,36069,bls_nontransport,Clifton Springs Fire Department,"Clifton Springs, NY 14432"
Ontario,36069,bls_nontransport,"Crystal Beach Volunteer Fire Department, Inc.","Canandaigua, NY 14424"
Ontario,36069,bls_nontransport,"Farmington Volunteer Fire Association, Inc.","Farmington, NY 14425"
Ontario,36069,bls_nontransport,"Geneva Fire Department, City of","Geneva, NY 14456"
Ontario,36069,bls_nontransport,Hobart & William Smith Colleges EMS,"Geneva, NY 14456"
Ontario,36069,bls_nontransport,Hopewell Volunteer Fire Department,"Canandaigua, NY 14424"
Ontario,36069,bls_nontransport,"North Side Fire Company, Inc.","Geneva, NY 14456"
Ontario,36069,bls_nontransport,"Oaks Corners Volunteer Fire Co., Inc.","Oaks Corners, NY 14518"
Ontario,36069,bls_nontransport,"Victor Fire Department, Village of","Victor, NY 14564"
Ontario,36069,bls_nontransport,"West Lake Road Fire Association, Inc.","Geneva, NY 14456"
Ontario,36069,bls_nontransport,"White Springs Fire Association, Inc.","Geneva, NY 14456"
Orange,36071,bls_nontransport,Coldenham Fire District,"Walden, NY 12586"
Orange,36071,bls_nontransport,Cuddebackville Fire Department,"Cuddebackville, NY 12729"
Orange,36071,bls_nontransport,"Goshen Police Department, Village of","Goshen, NY 10924"
Orange,36071,bls_nontransport,"Huguenot Fire Company, Inc.","Huguenot, NY 12746"
Orange,36071,bls_nontransport,Maybrook Fire District,"Maybrook, NY 12543"
Orange,36071,bls_nontransport,"Middletown Fire Department, City of","Middletown, NY 10940"
Orange,36071,bls_nontransport,"Monroe Police Department, Village of","Monroe, NY 10950"
Orange,36071,bls_nontransport,Montgomery Fire District,"Montgomery, NY 12549"
Orange,36071,bls_nontransport,"Montgomery Police Department, Town of","Montgomery, NY 12549"
Orange,36071,bls_nontransport,"Mount Hope Fire Company, Inc.","Otisville, NY 10963"
Orange,36071,bls_nontransport,"Newburgh Fire Department, City of","Newburgh, NY 12550"
Orange,36071,bls_nontransport,Orange County Sheriffs Office,"Orange, NY 10924"
Orange,36071,bls_nontransport,"Otisville Volunteer Fire Company, Inc.","Otisville, NY 10963"
Orange,36071,bls_nontransport,Pocatello Fire District,"Middletown, NY 10940"
Orange,36071,bls_nontransport,"Slate Hill Fire District, Inc.","Slate Hill, NY 10973"
Orange,36071,bls_nontransport,South Blooming Grove Fire District,"Monroe, NY 10950"
Orange,36071,bls_nontransport,"Sparrowbush Engine Company, Inc.","Sparrowbush, NY 12780"
Orange,36071,bls_nontransport,"Storm King Fire Engine Co., No. 2","Cornwall-on-Hudson, NY 12520"
Orange,36071,bls_nontransport,Walden Fire Department,"Walden, NY 12586"
Orange,36071,bls_nontransport,Washingtonville Fire District,"Washingtonville, NY 10992"
Orange,36071,bls_nontransport,West Point Fire Department,"West Point, NY 10996"
Orleans,36073,bls_nontransport,"Albion Fire Department, Inc.","Albion, NY 14411"
Orleans,36073,bls_nontransport,"Barre Fire Company, Inc.","Albion, NY 14411"
Orleans,36073,bls_nontransport,"Clarendon Fire Company, Inc","Clarendon, NY 14429"
Orleans,36073,bls_nontransport,"East Shelby Volunteer Fire Company, Inc.","Medina, NY 14103"
Orleans,36073,bls_nontransport,"Kendall Fire Department, Inc.","PO Box 387, NY 14476"
Orleans,36073,bls_nontransport,Lyndonville Volunteer Fire Company Hose #1 & #2,"Lyndonville, NY 14098"
Orleans,36073,bls_nontransport,Murray Joint Fire District,"Orleans, NY 14470"
Orleans,36073,bls_nontransport,"Orleans Department of Emergency Management, County of","Albion, NY 14411"
Orleans,36073,bls_nontransport,Ridgeway Volunteer Fire Company,"Medina, NY 14103"
Orleans,36073,bls_nontransport,"Shelby Volunteer Fire Company, Inc.","Medina, NY 14103"
Orleans,36073,bls_nontransport,"Town of Carlton Fire Company No. 1, Inc.","Albion, NY 14411"
Oswego,36075,bls_nontransport,"Altmar Volunteer Fire Department, Inc","Altmar, NY 13302"
Oswego,36075,bls_nontransport,"Caughdenoy Volunteer Fire Department, Inc.","Central Square, NY 13036"
Oswego,36075,bls_nontransport,Central Square Fire Company No. One,"Central Square, NY 13036"
Oswego,36075,bls_nontransport,Cleveland Fire Department,"Cleveland, NY 13042"
Oswego,36075,bls_nontransport,"Cody Volunteer Fire Company, Inc.","Fulton, NY 13069"
Oswego,36075,bls_nontransport,Constantia Volunteer Fire Department,"Constantia, NY 13044"
Oswego,36075,bls_nontransport,"Enterprise Fire Company #1 of Phoenix NY, Inc.","Phoenix, NY 13135"
Oswego,36075,bls_nontransport,"Fire Company of Sandy Creek, Inc.","Sandy Creek, NY 13145"
Oswego,36075,bls_nontransport,"Fulton Fire Department, City of","Fulton, NY 13069"
Oswego,36075,bls_nontransport,"Granby Center Volunteer Fire Department, Inc.","Fulton, NY 13069"
Oswego,36075,bls_nontransport,"Hastings Fire Department, Inc.","Hastings, NY 13076"
Oswego,36075,bls_nontransport,"Lacona Volunteer Fire Company, Inc.","Lacona, NY 13083"
Oswego,36075,bls_nontransport,"Mexico Volunteer Fire Department, Inc.","Mexico, NY 13114"
Oswego,36075,bls_nontransport,"Minetto Volunteer Fire Corporation, Inc.","Minetto, NY 13115"
Oswego,36075,bls_nontransport,New Haven Volunteer Fire Corporation,"New Haven, NY 13121"
Oswego,36075,bls_nontransport,Novelis Corporation,"Oswego, NY 13126"
Oswego,36075,bls_nontransport,"Orwell Volunteer Fire Company, Inc.","Orwell, NY 13426"
Oswego,36075,bls_nontransport,"Palermo Volunteer Fire Corporation, Inc.","Fulton, NY 13069"
Oswego,36075,bls_nontransport,"Parish Volunteer Fire Company, Inc.","Parish, NY 13131"
Oswego,36075,bls_nontransport,"Pennellville Volunteer Fire Association, Inc.","Pennellville, NY 13132"
Oswego,36075,bls_nontransport,Pulaski Fire Company Inc,"Pulaski, NY 13142"
Oswego,36075,bls_nontransport,Redfield Volunteer Fire Department,"Redfield, NY 13437"
Oswego,36075,bls_nontransport,Richland Fire Department,"Richland, NY 13144"
Oswego,36075,bls_nontransport,Scriba Volunteer Fire Corporation,"Lycoming, NY 13093"
Oswego,36075,bls_nontransport,Volney Volunteer Fire Corporation,"Fulton, NY 13069"
Oswego,36075,bls_nontransport,"West Amboy Volunteer Fire Company, Inc.","West Monroe, NY 13167"
Oswego,36075,bls_nontransport,"West Monroe Volunteer Fire Department, Inc.","West Monroe, NY 13167"
Oswego,36075,bls_nontransport,"Williamstown Volunteer Fire Corporation, Inc.","Williamstown, NY 13493"
Otsego,36077,bls_nontransport,East Worcester Fire Department,"East Worcester, NY 12064"
Otsego,36077,bls_nontransport,Hartwick Fire Company #2,"Cooperstown, NY 13326"
Otsego,36077,bls_nontransport,"Middlefield Volunteer Fire Department, Inc.","Roseboom, NY 13450"
Otsego,36077,bls_nontransport,Oneonta State Emergency Squad,"Oneonta, NY 13820"
Otsego,36077,bls_nontransport,Pittsfield Fire District,"New Berlin, NY 13411"
Otsego,36077,bls_nontransport,"Schuyler Lake Volunteer Fire Department, Inc.","Schuyler Lake, NY 13457"
Otsego,36077,bls_nontransport,"Unadilla Forks Fire Corporation, Inc.","West Winfield, NY 13491"
Otsego,36077,bls_nontransport,Wells Bridge Fire District,"Wells Bridge, NY 13859"
Otsego,36077,bls_nontransport,"West Edmeston Fire Department, Inc.","West Edmeston, NY 13485"
Otsego,36077,bls_nontransport,"West Exeter Volunteer Fire Department, Inc.","West Exeter, NY 13487"
Otsego,36077,bls_nontransport,"West Oneonta Volunteer Fire Department, Inc.","West Oneonta, NY 13861"
Otsego,36077,bls_nontransport,"Westford Volunteer Fire Department, Inc.","Westford, NY 13488"
Putnam,36079,bls_nontransport,"Carmel Police Department, Town of","Mahopac, NY 10541"
Putnam,36079,bls_nontransport,"Kent Volunteer Fire Department, Inc.","Carmel, NY 10512"
Putnam,36079,bls_nontransport,Putnam County Sheriff's Department,"Carmel, NY 10512"
Putnam,36079,bls_nontransport,"Putnam Lake Fire Department, Inc.","Putnam Lake, NY 12563"
Queens,36081,bls_nontransport,NYPD Medical Unit,"New York, NY 11368"
Rensselaer,36083,bls_nontransport,Averill Park Fire Department,"Averill Park, NY 12018"
Rensselaer,36083,bls_nontransport,Best Luther Fire Department,"West Sand Lake, NY 12196"
Rensselaer,36083,bls_nontransport,"Brunswick Volunteer Fire Company No. 1, Inc.","Troy, NY 12180"
Rensselaer,36083,bls_nontransport,"Castleton Fire Company, Inc.","Castleton, NY 12033"
Rensselaer,36083,bls_nontransport,"Defreestville Fire Department, Inc.","Troy, NY 12180"
Rensselaer,36083,bls_nontransport,Eagle Mills Fire District No. 1,"Troy, NY 12180"
Rensselaer,36083,bls_nontransport,East Greenbush Fire District #3,"Rensselaer, NY 12144"
Rensselaer,36083,bls_nontransport,"East Schodack Fire Company, Inc.","East Schodack, NY 12063"
Rensselaer,36083,bls_nontransport,Hemstreet Park Fire Dist #4,"Mechanicville, NY 12118"
Rensselaer,36083,bls_nontransport,Hoags Corners Fire District,"E. Nassau, NY 12062"
Rensselaer,36083,bls_nontransport,"Hoosic Valley Volunteer Fire Company, Inc.","Schaghticoke, NY 12154"
Rensselaer,36083,bls_nontransport,Johnsonville Fire District,"Johnsonville, NY 12094"
Rensselaer,36083,bls_nontransport,Melrose Fire District,"Melrose, NY 12121"
Rensselaer,36083,bls_nontransport,"Mountain View Volunteer Fire Company, Inc","Troy, NY 12180"
Rensselaer,36083,bls_nontransport,Nassau Fire District #1,"Nassau, NY 12123"
Rensselaer,36083,bls_nontransport,Pleasantdale Volunteer Fire District # 5,"Troy, NY 12182"
Rensselaer,36083,bls_nontransport,"Poestenkill Fire Company, Inc.","Poestenkill, NY 12140"
Rensselaer,36083,bls_nontransport,"Rensselaer Bureau of Public Safety, County of","E. Greenbush, NY 12061"
Rensselaer,36083,bls_nontransport,Rensselaer County Sheriff's Department,"Troy, NY 12180"
Rensselaer,36083,bls_nontransport,"Rensselaer Fire Department, City of","Rensselaer, NY 12144"
Rensselaer,36083,bls_nontransport,"Schodack Valley Fire Company, Inc.","Castleton, NY 12033"
Rensselaer,36083,bls_nontransport,"South Schodack Volunteer Fire Company, Inc.","South Schodack, NY 12033"
Rensselaer,36083,bls_nontransport,Speigletown Fire District,"Troy, NY 12182"
Rensselaer,36083,bls_nontransport,"Tsatsawassa Protective Fire Company, Inc.","Brainard, NY 12024"
Rensselaer,36083,bls_nontransport,Valley Falls Fire Department,"Valley Falls, NY 12185"
Rensselaer,36083,bls_nontransport,Volunteer Fire Company of Center Brunswick,"Troy, NY 12180"
Rensselaer,36083,bls_nontransport,"West Sand Lake Volunteer Fire Company, Inc.","West Sand Lake, NY 12196"
Rensselaer,36083,bls_nontransport,"Wynantskill Fire Department, Inc.","Wyantskill, NY 12198"
Rockland,36087,bls_nontransport,Rockland County Sheriff's Department,"New City, NY 10956"
Rockland,36087,bls_nontransport,Tallman Fire District,"Tallman, NY 10982"
Saratoga,36091,bls_nontransport,Charlton Fire Department,"Charlton, NY 12019"
Saratoga,36091,bls_nontransport,F.B.Peck Hose Company,"Waterford, NY 12188"
Saratoga,36091,bls_nontransport,"Galway Volunteer Fire Company, Inc.","Galway, NY 12074"
Saratoga,36091,bls_nontransport,"Gansevoort Volunteer Fire Department, Inc.","Gansevoort, NY 12831"
Saratoga,36091,bls_nontransport,Global Foundries,"Malta, NY 12020"
Saratoga,36091,bls_nontransport,Greenfield Fire District,"Greenfield Center, NY 12833"
Saratoga,36091,bls_nontransport,Halfmoon - Waterford Fire District #1,"Waterford, NY 12188"
Saratoga,36091,bls_nontransport,Halfmoon Hillcrest Volunteer Fire Department,"Mechanicville, NY 12118"
Saratoga,36091,bls_nontransport,"Harmony Corners Volunteer Fire Department, Inc.","Ballston Spa, NY 12020"
Saratoga,36091,bls_nontransport,Jonesville Fire District,"Clifton Park, NY 12065"
Saratoga,36091,bls_nontransport,"Mechanicville Fire Department, City of","Mechanicville, NY 12118"
Saratoga,36091,bls_nontransport,Milton Fire District #1,"Rock City Falls, NY 12863"
Saratoga,36091,bls_nontransport,Rexford Fire District,"Rexford, NY 12148"
Saratoga,36091,bls_nontransport,Round Lake Fire Department,"Round Lake, NY 12151"
Saratoga,36091,bls_nontransport,Skidmore College Emergency Medical Service,"Saratoga Springs, NY 12866"
Saratoga,36091,bls_nontransport,Victory Fire Department Inc,"Victory Mills, NY 12884"
Saratoga,36091,bls_nontransport,"Vischer Ferry Volunteer Fire Company, Inc.","Rexford, NY 12148"
Saratoga,36091,bls_nontransport,West Charlton Volunteer Fire Department,"West Charlton, NY 12010"
Saratoga,36091,bls_nontransport,West Crescent Fire Department,"Clifton Park, NY 12065"
Schenectady,36093,bls_nontransport,"Alplaus Volunteer Fire Company #1, Inc.","Alplaus, NY 12008"
Schenectady,36093,bls_nontransport,Beukendaal Fire Department,"Glenville, NY 12302"
Schenectady,36093,bls_nontransport,"Delanson Fire Company, Inc.","Duanesburg, NY 12056"
Schenectady,36093,bls_nontransport,"Duanesburg Volunteer Fire Company, Inc.","Duanesburg, NY 12056"
Schenectady,36093,bls_nontransport,East Glenville Fire District #3,"Glenville, NY 12302"
Schenectady,36093,bls_nontransport,"Glenville Hill Volunteer Fire Company, Inc.","Scotia, NY 12302"
Schenectady,36093,bls_nontransport,Niskayuna Fire District # 2,"Schenectady, NY 12309"
Schenectady,36093,bls_nontransport,"Pine Grove Volunteer Fire Department, Inc.","Schenectady, NY 12306"
Schenectady,36093,bls_nontransport,"Plotterkill Volunteer Fire Company, Inc.","Schenectady, NY 12306"
Schenectady,36093,bls_nontransport,Quaker Street  Fire District,"Quaker Street, NY 12141"
Schenectady,36093,bls_nontransport,Rotterdam Fire District #1,"Rotterdam Junction, NY 12150"
Schenectady,36093,bls_nontransport,Rotterdam Fire District #4,"Pattersonville, NY 12137"
Schenectady,36093,bls_nontransport,"The Mariaville Volunteer Fire Department, Inc.","Pattersonville, NY 12137"
Schenectady,36093,bls_nontransport,"Thomas Corners Fire Department, Inc.","Glenville, NY 12302"
Schenectady,36093,bls_nontransport,Union College Emergency Medical Services,"Schenectady, NY 12308"
Schenectady,36093,bls_nontransport,"West Glenville Volunteer Fire Company, Inc.","Amsterdam, NY 12010"
Schoharie,36095,bls_nontransport,"Gallupville Volunteer Fire Department, Inc.","Schoharie, NY 12157"
Schoharie,36095,bls_nontransport,Schoharie Fire Department,"Schoharie, NY 12157"
Schoharie,36095,bls_nontransport,"Town of Broome Volunteer Fire Department, Inc.","Middleburgh, NY 12122"
Schoharie,36095,bls_nontransport,"West Fulton Fire Department, Inc.","West Fulton, NY 12194"
Schuyler,36097,bls_nontransport,"Beaver Dams Fire Department, Inc.","Beaver Dams, NY 14812"
Schuyler,36097,bls_nontransport,"Burdett Fire Company, Inc.","Burdett, NY 14818"
Schuyler,36097,bls_nontransport,"Mecklenburg Volunteer Fire Company, Inc.","Mecklenburg, NY 14863"
Schuyler,36097,bls_nontransport,"Monterey Volunteer Fire Company, Inc.","Beaver Dams, NY 14812"
Schuyler,36097,bls_nontransport,"Montour Falls Fire Department, Inc.","Montour Falls, NY 14865"
Schuyler,36097,bls_nontransport,"Odessa Fire Department, Village of","Odessa, NY 14869"
Schuyler,36097,bls_nontransport,Tyrone Volunteer Fire Department,"Tyrone, NY 14887"
Schuyler,36097,bls_nontransport,"Watkins Glen Fire Company, Inc.","Watkins Glen, NY 14891"
Seneca,36099,bls_nontransport,Border City Fire Department,"Geneva, NY 14456"
Seneca,36099,bls_nontransport,Bridgeport Fire District,"Seneca Falls, NY 13148"
Seneca,36099,bls_nontransport,"Canoga Volunteer Fire Department, Inc.","Seneca Falls, NY 13148"
Seneca,36099,bls_nontransport,"Interlaken Fire Department, Village of","Interlaken, NY 14847"
Seneca,36099,bls_nontransport,"Junius Volunteer Fire Department, Inc.","Clyde, NY 14433"
Seneca,36099,bls_nontransport,"Romulus Volunteer Fire Department, Inc.","Romulus, NY 14541"
Seneca,36099,bls_nontransport,"Varick Volunteer Fire Company, Inc.","Geneva, NY 14456"
St. Lawrence,36089,bls_nontransport,Brier Hill Fire Company Inc,"Brier Hill, NY 13614"
St. Lawrence,36089,bls_nontransport,Clarkson University Emergency Medical Services,"Potsdam, NY 13699"
St. Lawrence,36089,bls_nontransport,Degrasse Clare S. Russell Volunteer Fire Department,"Russell, NY 13684"
St. Lawrence,36089,bls_nontransport,Dekalb-Richville Fire District,"Richville, NY 13682"
St. Lawrence,36089,bls_nontransport,"Edwards Fire Department, Inc.","Edwards, NY 13635"
St. Lawrence,36089,bls_nontransport,"Fine Fire Department, Inc.","Fine, NY 13639"
St. Lawrence,36089,bls_nontransport,"Gouverneur Fire Company, Inc.","Gouverneur, NY 13642"
St. Lawrence,36089,bls_nontransport,"Helena Fire Department, Inc.","Helena, NY 13649"
St. Lawrence,36089,bls_nontransport,"Heuvelton Volunteer Fire Company, Inc.","Heuvelton, NY 13654"
St. Lawrence,36089,bls_nontransport,"Massena Fire Department, Village of","Massena, NY 13662"
St. Lawrence,36089,bls_nontransport,"Morley Volunteer Fire Company, Inc.","Canton, NY 13617"
St. Lawrence,36089,bls_nontransport,"North Lawrence Volunteer Fire Department, Inc.","North Lawrence, NY 12967"
St. Lawrence,36089,bls_nontransport,Ogdensburg Fire,"Ogdensburg, NY 13669"
St. Lawrence,36089,bls_nontransport,"Pierrepont Fire Corporation, Inc.","Canton, NY 13617"
St. Lawrence,36089,bls_nontransport,Potsdam College Campus Rescue Squad,"Potsdam, NY 13676"
St. Lawrence,36089,bls_nontransport,St. Lawrence University First Response Team,"Canton, NY 13617"
St. Lawrence,36089,bls_nontransport,SUNY Canton EMS,"Canton, NY 13617"
St. Lawrence,36089,bls_nontransport,"West Stockholm Volunteer Fire Department, Inc.","West Stockholm, NY 13696"
Steuben,36101,bls_nontransport,Arkport Joint Fire District,"Arkport, NY 14807"
Steuben,36101,bls_nontransport,"Bath Volunteer Fire Department, Inc.","Bath, NY 14810"
Steuben,36101,bls_nontransport,Caton Fire District # 1,"Corning, NY 14830"
Steuben,36101,bls_nontransport,Coopers Plains-Long Acres Fire Department,"Coopers Plains, NY 14827"
Steuben,36101,bls_nontransport,"Corning Fire Department, City of","Corning, NY 14830"
Steuben,36101,bls_nontransport,Corning Incorporated Emergency Services,"Painted Post, NY 14870"
Steuben,36101,bls_nontransport,Corning Joint Fire District,"Corning, NY 14830"
Steuben,36101,bls_nontransport,"E. B. Packard Hose Company, Inc., The","Campbell, NY 14821"
Steuben,36101,bls_nontransport,Forest View Gang Mills Fire District,"Painted Post, NY 14870"
Steuben,36101,bls_nontransport,Hammondsport Fire District,"Hammondsport, NY 14840"
Steuben,36101,bls_nontransport,"Hornby Volunteer Fire Company, Inc.","Beaver Dams, NY 14812"
Steuben,36101,bls_nontransport,"North Hornell Volunteer Fire Company, Inc.","North Hornell, NY 14843"
Steuben,36101,bls_nontransport,"Perkinsville Fearless Hook and Ladder Company No. 1, Inc., T","Perkinsville, NY 14529"
Steuben,36101,bls_nontransport,Savona Fire Department Rescue,"Savona, NY 14879"
Steuben,36101,bls_nontransport,Steuben County Sheriff's Office,"Bath, NY 14823"
Steuben,36101,bls_nontransport,"Thurston Fire Company, Inc.","Campbell, NY 14821"
Suffolk,36103,bls_nontransport,Bayport Fire Department,"Bayport, NY 11705"
Suffolk,36103,bls_nontransport,Bohemia Fire Department,"Bohemia, NY 11716"
Suffolk,36103,bls_nontransport,"Cherry Grove Fire Department, Inc.","Cherry Grove, NY 11782"
Suffolk,36103,bls_nontransport,Great River Fire Department,"Great River, NY 11739"
Suffolk,36103,bls_nontransport,Hauppauge Fire District Emergency Medical Service,"Hauppauge, NY 11788"
Suffolk,36103,bls_nontransport,Jamesport Fire District,"Jamesport, NY 11947"
Suffolk,36103,bls_nontransport,Metropolitan Transportation Authority Police Department,"Central Islip, NY 11722"
Suffolk,36103,bls_nontransport,"Quogue, Village of","Quogue, NY 11959"
Suffolk,36103,bls_nontransport,"Southampton Police Department, Village of","Southampton, NY 11968"
Suffolk,36103,bls_nontransport,Stony Brook University Enterprise Risk Management,"Stony Brook, NY 11794"
Sullivan,36105,bls_nontransport,"Bloomingburg Fire Company, Inc.","Bloominburg, NY 12721"
Sullivan,36105,bls_nontransport,"Forestburgh Fire Company #1, Inc.","Forestburgh, NY 12777"
Sullivan,36105,bls_nontransport,Monticello Joint Fire District,"Monticello, NY 12701"
Sullivan,36105,bls_nontransport,"Summitville Fire Company, No. 1","Summitville, NY 12781"
Sullivan,36105,bls_nontransport,"Westbrookville Volunteer Fire Company #1, Inc.","Westbrookville, NY 12785"
Sullivan,36105,bls_nontransport,"White Sulphur Springs Volunteer Fire Department, Inc.","White Sulfur Springs, NY 12787"
Tioga,36107,bls_nontransport,"Halsey Valley Volunteer Fire Company #2, Inc.","Spencer, NY 14883"
Tioga,36107,bls_nontransport,"Lockwood Volunteer Fire Company, Inc.","Lockwood, NY 14859"
Tioga,36107,bls_nontransport,Southside Fire Company First Responders,"South Owego, NY 13827"
Tioga,36107,bls_nontransport,"Weltonville Volunteer Fire Company, Inc.","Newark Valley, NY 13811"
Tompkins,36109,bls_nontransport,"Brooktondale Volunteer Fire Company, Inc.","Brooktondale, NY 14817"
Tompkins,36109,bls_nontransport,Cornell University EMS,"Ithaca, NY 14850"
Tompkins,36109,bls_nontransport,Danby Fire District,"Ithaca, NY 14850"
Tompkins,36109,bls_nontransport,Enfield Fire District,"Ithaca, NY 14850"
Tompkins,36109,bls_nontransport,"Etna Volunteer Fire Department, Inc.","Etna, NY 13062"
Tompkins,36109,bls_nontransport,"Ithaca Fire Department, City of","Ithaca, NY 14850"
Tompkins,36109,bls_nontransport,Lansing Fire Department,"Lansing, NY 14882"
Tompkins,36109,bls_nontransport,McLean Fire District,"McLean, NY 13102"
Tompkins,36109,bls_nontransport,"Neptune Hose Company No. 1 of Dryden, Inc","Dryden, NY 13053"
Tompkins,36109,bls_nontransport,"Newfield Fire Company, Inc","Newfield, NY 14867"
Tompkins,36109,bls_nontransport,Tompkins County Department of Emergency Response,"ithaca, NY 14850"
Tompkins,36109,bls_nontransport,"Varna Volunteer Fire Company, Inc.","Ithaca, NY 14850"
Tompkins,36109,bls_nontransport,"W. B. Strong Fire Company, Inc.","Freeville, NY 13068"
Tompkins,36109,bls_nontransport,West Danby Fire Department,"Spencer, NY 14883"
Ulster,36111,bls_nontransport,"Bloomington Fire Company, Inc.","Bloomington, NY 12411"
Ulster,36111,bls_nontransport,Centerville Fire District,"Saugerties, NY 12477"
Ulster,36111,bls_nontransport,Cragsmoor Fire Department,"Cragsmoor, NY 12420"
Ulster,36111,bls_nontransport,"East Kingston Volunteer Fire Company, Inc.","Kingston, NY 12401"
Ulster,36111,bls_nontransport,Esopus Fire Department,"Esopus, NY 12429"
Ulster,36111,bls_nontransport,Glasco Fire District,"Glasco, NY 12432"
Ulster,36111,bls_nontransport,Highland Fire District,"Highland, NY 12528"
Ulster,36111,bls_nontransport,"New Paltz Police Department, City of","New Paltz, NY 12561"
Ulster,36111,bls_nontransport,"Rosendale Police Department, Town of","Cottekill, NY 12419"
Ulster,36111,bls_nontransport,"Ruby Fire Department, Inc.","Ruby, NY 12475"
Ulster,36111,bls_nontransport,"Spring Lake Fire Department, Inc.","Kingston, NY 12401"
Ulster,36111,bls_nontransport,"Tillson Volunteer Fire Company, Inc.","Tillson, NY 12486"
Ulster,36111,bls_nontransport,Ulster County Sheriff's Office,"Kingston, NY 12401"
Ulster,36111,bls_nontransport,Ulster Hose Company Number 5,"Kingston, NY 12401"
Ulster,36111,bls_nontransport,Walker Valley Chemical Engine Company #1,"Walker Valley, NY 12588"
Ulster,36111,bls_nontransport,West Hurley Fire District #1,"West Hurley, NY 12491"
Warren,36113,bls_nontransport,"Bay Ridge  Fire Co., Inc.","Lake George, NY 12845"
Warren,36113,bls_nontransport,"Lake George Volunteer Fire Company, Inc.","Lake George, NY 12845"
Warren,36113,bls_nontransport,"North Queensbury Volunteer Fire Company, Inc.","Cleverdale, NY 12820"
Warren,36113,bls_nontransport,"Pottersville Volunteer Fire Department, Inc.","Pottersville, NY 12860"
Warren,36113,bls_nontransport,"Queensbury Central Volunteer Fire Company, Inc.","Queensbury, NY 12804"
Warren,36113,bls_nontransport,"South Queensbury Volunteer Fire Co., Inc.","Queensbury, NY 12804"
Washington,36115,bls_nontransport,"Cossayuna Volunteer Fire Department, Inc.","Cossayuna, NY 12823"
Washington,36115,bls_nontransport,"Easton Volunteer Fire Company, Inc.","Schaghticoke, NY 12154"
Washington,36115,bls_nontransport,"Fort Ann Volunteer Fire Company, Inc.","Fort Ann, NY 12827"
Washington,36115,bls_nontransport,"Greenwich Fire Department, Village of","Greenwich, NY 12834"
Washington,36115,bls_nontransport,"Hartford Volunteer Fire Co., Inc.","Hartford, NY 12838"
Washington,36115,bls_nontransport,"Hebron Volunteer Fire Fire Company, Inc.","West Hebron, NY 12865"
Washington,36115,bls_nontransport,"Middle Falls Fire Department, Inc.","Greenwich, NY 12848"
Washington,36115,bls_nontransport,"North Granville Hose Company, Inc.","North Granville, NY 12854"
Washington,36115,bls_nontransport,Putnam Fire Department,"Putnam Station, NY 12861"
Washington,36115,bls_nontransport,"Shushan Volunteer Fire Company, Inc","Shushan, NY 12873"
Washington,36115,bls_nontransport,"West Fort Ann Volunteer Fire Company, Inc.","Fort Ann, NY 12827"
Washington,36115,bls_nontransport,"Whitehall Volunteer Fire Company, Inc.","Whitehall, NY 12887"
Wayne,36117,bls_nontransport,Clyde / Galen Joint Fire District,"Clyde, NY 14433"
Wayne,36117,bls_nontransport,"Fairville Volunteer Fire Department, Inc","Newark, NY 14513"
Wayne,36117,bls_nontransport,Lyons Fire Department,"Lyons, NY 14489"
Wayne,36117,bls_nontransport,"Marbletown Volunteer Fire Department, Inc.","Newark, NY 14513"
Wayne,36117,bls_nontransport,North Rose Fire Department,"North Rose, NY 14516"
Wayne,36117,bls_nontransport,Sodus Center Fire Department,"Sodus Center, NY 14551"
Wayne,36117,bls_nontransport,Sodus Fire Department,"Sodus, NY 14511"
Westchester,36119,bls_nontransport,Banksville Fire Department,"Bedford, NY 10506"
Westchester,36119,bls_nontransport,"Bedford Police Department, Town of","Bedford Hills, NY 10507"
Westchester,36119,bls_nontransport,Croton Falls Fire District,"Croton Falls, NY 10519"
Westchester,36119,bls_nontransport,Eastchester Fire District,"Eastchester, NY 10709"
Westchester,36119,bls_nontransport,Fairview Fire District,"White Plains, NY 10607"
Westchester,36119,bls_nontransport,"Golden's Bridge Fire Department, Inc.","Golden's Bridge, NY 10526"
Westchester,36119,bls_nontransport,Greenville Fire District,"Scarsdale, NY 10583"
Westchester,36119,bls_nontransport,"Harrison Police Department, Town of","Harrison, NY 10528"
Westchester,36119,bls_nontransport,Hartsdale Fire District,"Hartsdale, NY 10530"
Westchester,36119,bls_nontransport,Lake Mohegan Fire District,"Mohegan Lake, NY 10547"
Westchester,36119,bls_nontransport,"Larchmont Fire Department, Village of","Larchmont, NY 10538"
Westchester,36119,bls_nontransport,"Mamaroneck Fire Department, Town of","Larchmont, NY 10538"
Westchester,36119,bls_nontransport,"Mount Vernon Fire Department, City of","Mount Vernon, NY 10550"
Westchester,36119,bls_nontransport,"New Rochelle Fire Department, City of","New Rochelle, NY 10801"
Westchester,36119,bls_nontransport,New York Medical College,"Valhalla, NY 10595"
Westchester,36119,bls_nontransport,"North Castle Police Department, Town of","Armonk, NY 10504"
Westchester,36119,bls_nontransport,North Castle South Fire District #1,"North White Plains, NY 10603"
Westchester,36119,bls_nontransport,NYS Division of Military and Naval Affairs,"Cortlandt Manor, NY 10567"
Westchester,36119,bls_nontransport,"Peekskill Fire Department, City of","Peekskill, NY 10566"
Westchester,36119,bls_nontransport,"Pelham Fire Department, Village of","Pelham, NY 10803"
Westchester,36119,bls_nontransport,Purchase College Emergency Medical Services,"Purchase, NY 10577"
Westchester,36119,bls_nontransport,"Westchester Dept of Emergency Services, County of","Valhalla, NY 10595"
Westchester,36119,bls_nontransport,"White Plains Department of Public Safety, City of","White Plains, NY 10601"
Westchester,36119,bls_nontransport,"Yonkers Fire Department, City of","Yonkers, NY 10701"
Westchester,36119,bls_nontransport,"Yonkers Police Department, City of","Yonkers, NY 10710"
Wyoming,36121,bls_nontransport,"Harris Corners Fire Department , Inc.","Strykersville, NY 14145"
Wyoming,36121,bls_nontransport,"Sheldon Fire Company, Inc.","Strykersville, NY 14145"
Wyoming,36121,bls_nontransport,"Wyoming Hook and Ladder Co., Inc.","Wyoming, NY 14591"
Yates,36123,bls_nontransport,"Bellona Volunteer Fire Company, Inc.","Bellona, NY 14415"
Yates,36123,bls_nontransport,"Benton Volunteer Fire Department, Inc.","Penn Yan, NY 14527"
Yates,36123,bls_nontransport,Branchport Keuka Park Fire Department,"Branchport, NY 14418"
Yates,36123,bls_nontransport,"Dresden Fire Department, Inc.","Dresden, NY 14441"
Yates,36123,bls_nontransport,Himrod Fire Department,"Himrod, NY 14842"
Yates,36123,bls_nontransport,"Middlesex Hose Company, Inc.","Middlesex, NY 14507"
Yates,36123,bls_nontransport,Penn Yan Fire Department,"Penn Yan, NY 14527"
Yates,36123,bls_nontransport,"Potter Volunteer Fire Department, Inc.","Middlesex, NY 14507"
Yates,36123,bls_nontransport,"Rushville Fire Department, Village of","Rushville, NY 14544"
