county,county_fips,agency_type,agency_name,street,city,match_status,match_type,matched_address,longitude,latitude,tiger_line_id,side,needs_manual_review,review_reason
Albany,36001,ambulance_als,"Air Methods LLC, wholly owned subsidiary Rocky Mtn Holdings LLC",6 Old School Road,"Selkirk, NY 12158",Match,Exact,"6 OLD SCHOOL RD, SELKIRK, NY, 12158",-73.835020012838,42.565097590338,18314975,L,False,
Albany,36001,ambulance_als,Albany County Sheriff's Department Advanced Life Support,PO Box 315,"Voorheesville, NY 12186",No_Match,,,,,,,True,PO Box address -- Census geocoder cannot resolve to a street point
Albany,36001,ambulance_als,Albany County Sheriff's Office EMS Unit,PO Box 315,"Voorheesville, NY 12186",No_Match,,,,,,,True,PO Box address -- Census geocoder cannot resolve to a street point
Albany,36001,ambulance_als,"Albany, City of",26 Broad Street,"Albany, NY 12202",Match,Exact,"26 BROAD ST, ALBANY, NY, 12202",-73.757759785512,42.641482570276,18319365,L,False,
Albany,36001,ambulance_als,"Albany-Schenectady-Greene Co. Ag. Societies, Inc.",PO Box 506,"Altamont, NY 12009",No_Match,,,,,,,True,PO Box address -- Census geocoder cannot resolve to a street point
Albany,36001,ambulance_als,"Bethlehem, Town of",PO Box 508,"Delmar, NY 12054",No_Match,,,,,,,True,PO Box address -- Census geocoder cannot resolve to a street point
Albany,36001,ambulance_als,"Colonie Emergency Medical Services, Town of",312 Wolf Road,"Latham, NY 12110",Match,Exact,"312 WOLF RD, LATHAM, NY, 12110",-73.792169992465,42.735153533306,18360119,L,False,
Albany,36001,ambulance_als,"Delmar Volunteer Ambulance Service, Inc.",PO Box 508,"Delmar, NY 12054",No_Match,,,,,,,True,PO Box address -- Census geocoder cannot resolve to a street point
Albany,36001,ambulance_als,"Five Quad Volunteer Ambulance Service, Inc.",1400 Washington Avenue,"Albany, NY 12222",Match,Exact,"1400 WASHINGTON AVE, ALBANY, NY, 12222",-73.826464265994,42.692073432594,643205839,L,False,
Albany,36001,ambulance_als,"Green Island, Village of",7 Clinton Street,"Green Island, NY 12183",Match,Exact,"7 CLINTON ST, GREEN ISLAND, NY, 12183",-73.693216748408,42.742134947776,18313771,L,False,
Albany,36001,ambulance_als,"Guilderland Emergency Medical Service, Town of",200 Centre Drive,"Guilderland, NY 12203",Match,Non_Exact,"200 CENTRE LN, ALBANY, NY, 12203",-73.862172271734,42.689001186305,18326736,L,False,
Albany,36001,ambulance_als,"Guilderland, Town of",200 Centre Drive,"Albany, NY 12203",Match,Non_Exact,"200 CENTRE LN, ALBANY, NY, 12203",-73.862172271734,42.689001186305,18326736,L,False,
Albany,36001,ambulance_als,"Helderberg Ambulance Squad, Inc.",PO Box 54,"East Berne, NY 12059",No_Match,,,,,,,True,PO Box address -- Census geocoder cannot resolve to a street point
Albany,36001,ambulance_als,"Knox, Town of",PO Box 56,"Knox, NY 12007",No_Match,,,,,,,True,PO Box address -- Census geocoder cannot resolve to a street point
Albany,36001,ambulance_als,New York State Office of Fire Prevention and Control,PO Box 351 Guilderland,"Guilderland, NY 12085",No_Match,,,,,,,True,PO Box address -- Census geocoder cannot resolve to a street point
Albany,36001,ambulance_als,New York State Police - Aviation Unit,739 Albany Shaker Road,"Latham, NY 12110",No_Match,,,,,,,True,No match found -- verify address manually
Albany,36001,ambulance_als,New York State Police - Special Operations Response Team,1220 Washington Avenue,"Albany, NY 12226",Match,Exact,"1220 WASHINGTON AVE, ALBANY, NY, 12226",-73.804728155737,42.680637879162,18344597,L,False,
Albany,36001,ambulance_als,"Onesquethaw Volunteer Fire Company, Inc.",PO Box E,"Clarksville, NY 12041",No_Match,,,,,,,True,PO Box address -- Census geocoder cannot resolve to a street point
Albany,36001,ambulance_als,"Ravena Rescue Squad, Inc.",P.O. Box 144,"Ravena, NY 12143",No_Match,,,,,,,True,PO Box address -- Census geocoder cannot resolve to a street point
Albany,36001,ambulance_als,"SABIC Innovative Plastics, US, LLC",1 Noryl Avenue,"Selkirk, NY 12158",No_Match,,,,,,,True,No match found -- verify address manually
Albany,36001,ambulance_als,SMG,51 South Pearl Street,"Albany, NY 12207",Match,Exact,"51 S PEARL ST, ALBANY, NY, 12207",-73.754461011898,42.646843362026,18341659,R,False,
Albany,36001,ambulance_als,Test CME Agency,875 Central Avenue,"Albany, NY 12203",Match,Non_Exact,"875 CENTRAL AVE, ALBANY, NY, 12206",-73.790610774356,42.680697236414,640452034,R,False,
Albany,36001,ambulance_als,Watervliet Arsenal Fire Department,1 Buffington Street,"Watervliet, NY 12189",Match,Exact,"1 BUFFINGTON ST, WATERVLIET, NY, 12189",-73.706966889638,42.721000426876,18326097,L,False,
Albany,36001,ambulance_als,"Watervliet, City of",116 13th Street,"Watervliet, NY 12189",Match,Exact,"116 13TH ST, WATERVLIET, NY, 12189",-73.702380575587,42.723126837992,18325835,L,False,
Allegany,36003,ambulance_als,"A.E. Crandall Hook and Ladder Co., Inc.",PO Box 582,"Alfred, NY 14802",No_Match,,,,,,,True,PO Box address -- Census geocoder cannot resolve to a street point
Allegany,36003,ambulance_als,"Almond, Village of",PO Box 18,"Almond, NY 14804",No_Match,,,,,,,True,PO Box address -- Census geocoder cannot resolve to a street point
Allegany,36003,ambulance_als,"Amity Rescue Squad, Inc.",PO Box 202,"Belmont, NY 14813",No_Match,,,,,,,True,PO Box address -- Census geocoder cannot resolve to a street point
Allegany,36003,ambulance_als,"Andover Volunteer Ambulance Corp, Inc.",PO Box 726,"Andover, NY 14806",No_Match,,,,,,,True,PO Box address -- Census geocoder cannot resolve to a street point
Allegany,36003,ambulance_als,"Belfast Fire Department, Inc.",PO Box 487,"Belfast, NY 14711",No_Match,,,,,,,True,PO Box address -- Census geocoder cannot resolve to a street point
Allegany,36003,ambulance_als,"Bolivar Fire Department, Inc.",460 Main Street,"Bolivar, NY 14715",Match,Exact,"460 MAIN ST, BOLIVAR, NY, 14715",-78.168256092222,42.063678082283,82600561,R,False,
Allegany,36003,ambulance_als,"Canaseraga Ambulance, Village of",PO Box 235,"Canaseraga, NY 14822",No_Match,,,,,,,True,PO Box address -- Census geocoder cannot resolve to a street point
Allegany,36003,ambulance_als,"Clarksville Ambulance Service, Town of",P.O. Box 64,"West Clarksville, NY 14786",No_Match,,,,,,,True,PO Box address -- Census geocoder cannot resolve to a street point
Allegany,36003,ambulance_als,"Cuba Ambulance Service, Town of",15 Water St.,"Cuba, NY 14727",Match,Exact,"15 WATER ST, CUBA, NY, 14727",-78.279868362479,42.218684787318,82597418,R,False,
Allegany,36003,ambulance_als,"Friendship Ambulance, Town of",4 East Main Street,"Friendship, NY 14739",Match,Exact,"4 E MAIN ST, FRIENDSHIP, NY, 14739",-78.133529863177,42.208108450157,82598249,L,False,
Allegany,36003,ambulance_als,"Houghton Volunteer Ambulance Service, Inc.",PO Box 7,"Houghton, NY 14744",No_Match,,,,,,,True,PO Box address -- Census geocoder cannot resolve to a street point
Allegany,36003,ambulance_als,"Independence Emergency Squad, Inc.",PO Box 309,"Whitesville, NY 14897",No_Match,,,,,,,True,PO Box address -- Census geocoder cannot resolve to a street point
Allegany,36003,ambulance_als,"Medical Transport Service, Inc.",PO Box 586,"Wellsville, NY 14895",No_Match,,,,,,,True,PO Box address -- Census geocoder cannot resolve to a street point
Allegany,36003,ambulance_als,Richburg Wirt Fire District Ambulance,PO Box 74,"Richburg, NY 14774",No_Match,,,,,,,True,PO Box address -- Census geocoder cannot resolve to a street point
Allegany,36003,ambulance_als,Rushford Fire District,PO Box 67,"Rushford, NY 14777",No_Match,,,,,,,True,PO Box address -- Census geocoder cannot resolve to a street point
Allegany,36003,ambulance_als,"Wellsville Volunteer Ambulance Corps, Inc",PO Box 206,"Wellsville, NY 14895",No_Match,,,,,,,True,PO Box address -- Census geocoder cannot resolve to a street point
Allegany,36003,ambulance_als,"Wm. P. Brooks Hose Company, Number One, of Fillmore, NY",PO Box 238,"Fillmore, NY 14735",No_Match,,,,,,,True,PO Box address -- Census geocoder cannot resolve to a street point
Bronx,36005,ambulance_als,Citywide Mobile Response Corp.,1624 Stillwell Ave,"Bronx, NY 10461",Match,Exact,"1624 STILLWELL AVE, BRONX, NY, 10461",-73.841037445598,40.855177116299,80305659,R,False,
Bronx,36005,ambulance_als,Fordham University EMS,441 East Fordham Road,"Bronx, NY 10458",Match,Exact,"441 E FORDHAM RD, BRONX, NY, 10458",-73.88785510423,40.860056156945,80298989,L,False,
Bronx,36005,ambulance_als,"Lifeline Ambulance Service, Inc.",2593 West 13th St,"Brooklyn, NY 11223",Match,Exact,"2593 W 13TH ST, BROOKLYN, NY, 11223",-73.981947914884,40.584866446474,59090808,L,False,
Bronx,36005,ambulance_als,Medic East Corp,700 Havemeyer Avenue,"Bronx, NY 10473",Match,Exact,"700 HAVEMEYER AVE, BRONX, NY, 10473",-73.845400384461,40.821600933485,80306174,R,False,
Bronx,36005,ambulance_als,Montefiore Medical Center E.M.S.,111 East 210 Street,"Bronx, NY 10466",Match,Non_Exact,"111 E 210TH ST, BRONX, NY, 10467",-73.880738645183,40.87998315045,639349001,L,False,
Bronx,36005,ambulance_als,Rapid EMS LLC,1624 Stillwell Avenue,"Bronx, NY 10461",Match,Exact,"1624 STILLWELL AVE, BRONX, NY, 10461",-73.841037445598,40.855177116299,80305659,R,False,
Bronx,36005,ambulance_als,"Seniorcare Emergency Medical Services, Inc.",700 Havermeyer Avenue,"Bronx, NY 10473",Match,Non_Exact,"700 HAVEMEYER AVE, BRONX, NY, 10473",-73.845400384461,40.821600933485,80306174,R,False,
Bronx,36005,ambulance_als,"Throggs Neck Volunteer Ambulance Corps, Inc.",PO Box 302,"Bronx, NY 10465",No_Match,,,,,,,True,PO Box address -- Census geocoder cannot resolve to a street point
Broome,36007,ambulance_als,"Binghamton Bureau of Fire, City of",38 Hawley St,"Binghamton, NY 13901",No_Match,,,,,,,True,No match found -- verify address manually
Broome,36007,ambulance_als,Broome County Emergency Medical Services,153 VanWinkle Dr PubSafety,"Binghamton, NY 13905",Match,Non_Exact,"153 LT VANWINKLE DR, BINGHAMTON, NY, 13905",-75.91591748538,42.13306050578,639295713,L,False,
Broome,36007,ambulance_als,"Broome Volunteer Emergency Squad, Inc.",PO Box 599,"Binghamton, NY 13902",No_Match,,,,,,,True,PO Box address -- Census geocoder cannot resolve to a street point
Broome,36007,ambulance_als,"Broome Volunteer Emergency Squad, Inc.",PO BOX 599,"Binghamton, NY 13902",No_Match,,,,,,,True,PO Box address -- Census geocoder cannot resolve to a street point
Broome,36007,ambulance_als,"Chenango Ambulance Service, Inc",83 Chenango Bridge Road,"Binghamton, NY 13901",Match,Exact,"83 CHENANGO BRIDGE RD, BINGHAMTON, NY, 13901",-75.880675292499,42.169077647856,46341649,L,False,
Broome,36007,ambulance_als,"Colesville Volunteer Ambulance Service, Inc.",PO Box 62,"Harpursville, NY 13787",No_Match,,,,,,,True,PO Box address -- Census geocoder cannot resolve to a street point
Broome,36007,ambulance_als,"Harpur's Ferry Student Vol. Ambulance Service,Ltd.",P.O. Box 6000,"Binghamton, NY 13905",No_Match,,,,,,,True,PO Box address -- Census geocoder cannot resolve to a street point
Broome,36007,ambulance_als,"Maine Emergency Squad, Inc.",PO Box 194,"Main, NY 13802",No_Match,,,,,,,True,PO Box address -- Census geocoder cannot resolve to a street point
Broome,36007,ambulance_als,"Superior Ambulance Service, Inc.",46 Exchange Street,"Binghamton, NY 13901",Match,Exact,"46 EXCHANGE ST, BINGHAMTON, NY, 13901",-75.909368098145,42.096940511153,46342688,R,False,
Broome,36007,ambulance_als,"Union Volunteer Emergency Squad, Inc.",8 S. Avenue B,"Endwell, NY 13760",Match,Exact,"8 S AVE B, ENDWELL, NY, 13760",-76.021574966335,42.107463900427,46361070,R,False,
Broome,36007,ambulance_als,"Union Volunteer Emergency Squad, Inc.",8 South Avenue B,"Endwell, NY 13762",Match,Non_Exact,"8 S AVE B, ENDWELL, NY, 13760",-76.021574966335,42.107463900427,46361070,R,False,
Broome,36007,ambulance_als,United Health Service Hospitals Inc. EMS,33-57 Harrison St.,"Johnson City, NY 13790",Match,Exact,"33-57 HARRISON ST, JOHNSON CITY, NY, 13790",-75.959054065104,42.114510295474,46340135,L,False,
Broome,36007,ambulance_als,Vestal Volunteer Emergency Squad Inc.,340 Vestal Parkway East,"Vestal, NY 13850",Match,Exact,"340 VESTAL PKWY E, VESTAL, NY, 13850",-76.046492475411,42.087860424297,46360853,R,False,
Broome,36007,ambulance_als,"Vestal Volunteer Emergency Squad, Inc.",340 Vestal Parkway East,"Vestal, NY 13850",Match,Exact,"340 VESTAL PKWY E, VESTAL, NY, 13850",-76.046492475411,42.087860424297,46360853,R,False,
Broome,36007,ambulance_als,"Windsor Emergency Services, Inc.",PO Box 434,"Windsor, NY 13865",No_Match,,,,,,,True,PO Box address -- Census geocoder cannot resolve to a street point
Cattaraugus,36009,ambulance_als,"Allegany Rescue and EMS, Inc",PO Box 217,"Allegany, NY 14706",No_Match,,,,,,,True,PO Box address -- Census geocoder cannot resolve to a street point
Cattaraugus,36009,ambulance_als,"Avarint, Inc.",11701 Watson Road,"Springville, NY 14141",Match,Exact,"11701 WATSON RD, SPRINGVILLE, NY, 14141",-78.61995972519,42.499908758509,122016098,L,False,
Cattaraugus,36009,ambulance_als,Carrollton Joint Fire District,PO Box 26,"Limestone, NY 14753",No_Match,,,,,,,True,PO Box address -- Census geocoder cannot resolve to a street point
Cattaraugus,36009,ambulance_als,"Cattaraugus Area Ambulance Services, Inc.",PO Box 44,"Cattaraugus, NY 14719",No_Match,,,,,,,True,PO Box address -- Census geocoder cannot resolve to a street point
Cattaraugus,36009,ambulance_als,Cattaraugus County Sheriff's Office SRT,301 Court Street,"Little Valley, NY 14755",No_Match,,,,,,,True,No match found -- verify address manually
Cattaraugus,36009,ambulance_als,"Delevan Volunteer Fire Company, Inc.",PO Box 218,"Delevan, NY 14042",No_Match,,,,,,,True,PO Box address -- Census geocoder cannot resolve to a street point
Cattaraugus,36009,ambulance_als,East Otto Fire District,8990 Reed Hill Road,"East Otto, NY 14729",Match,Exact,"8990 REED HILL RD, EAST OTTO, NY, 14729",-78.754952601082,42.389379002708,122017412,R,False,
Cattaraugus,36009,ambulance_als,"Ellicottville/Great Valley Ambulance Service, Inc.",PO Box 74,"Ellicottville, NY 14731",No_Match,,,,,,,True,PO Box address -- Census geocoder cannot resolve to a street point
Cattaraugus,36009,ambulance_als,"Franklinville Volunteer Fire Company, Inc.",75 North Main Street,"Franklinville, NY 14737",Match,Exact,"75 N MAIN ST, FRANKLINVILLE, NY, 14737",-78.455862236064,42.342652071159,647319628,R,False,
Cattaraugus,36009,ambulance_als,Hinsdale Fire District,3832 Church Street,"Hinsdale, NY 14743",No_Match,,,,,,,True,No match found -- verify address manually
Cattaraugus,36009,ambulance_als,"Ischua Fire Department, Inc.",PO Box 24,"Ischua, NY 14746",No_Match,,,,,,,True,PO Box address -- Census geocoder cannot resolve to a street point
Cattaraugus,36009,ambulance_als,"Knapp Creek Volunteer EMS, Inc.",253 State Route 16 South,"Knapp Creek, NY 14760",Match,Non_Exact,"253 STATE RTE 16, KNAPP CREEK, NY, 14760",-78.504861011563,42.007146118996,122030364,R,False,
Cattaraugus,36009,ambulance_als,"Little Valley Volunteer Fire Department, Inc.",101 Third Street,"Little Valley, NY 14755",Match,Exact,"101 3RD ST, LITTLE VALLEY, NY, 14755",-78.795175174817,42.251016757783,122060789,R,False,
Cattaraugus,36009,ambulance_als,Machias Fire District,PO Box 315,"Machias, NY 14101",No_Match,,,,,,,True,PO Box address -- Census geocoder cannot resolve to a street point
Cattaraugus,36009,ambulance_als,"Olean Fire Department, City of",542 North Union Street,"Olean, NY 14760",Match,Exact,"542 N UNION ST, OLEAN, NY, 14760",-78.429876144181,42.086470537729,122031435,R,False,
Cattaraugus,36009,ambulance_als,Otto Fire District,PO Box 42,"Otto, NY 14766",No_Match,,,,,,,True,PO Box address -- Census geocoder cannot resolve to a street point
Cattaraugus,36009,ambulance_als,Portville Fire District,P.O. Box 740,"Portville, NY 14770",No_Match,,,,,,,True,PO Box address -- Census geocoder cannot resolve to a street point
Cattaraugus,36009,ambulance_als,Randolph Regional EMS Corporation,PO Box 122,"Randolph, NY 14772",No_Match,,,,,,,True,PO Box address -- Census geocoder cannot resolve to a street point
Cattaraugus,36009,ambulance_als,"Salamanca Ambulance Service, City of",225 Wildwood Ave,"Salamanca, NY 14779",Match,Exact,"225 WILDWOOD AVE, SALAMANCA, NY, 14779",-78.707482969089,42.156797131088,122037846,R,False,
Cattaraugus,36009,ambulance_als,Seneca EMS,12879 Route 438,"Irving, NY 14081",No_Match,,,,,,,True,No match found -- verify address manually
Cattaraugus,36009,ambulance_als,"South Dayton Volunteer Fire Company No. 1, Inc.",PO Box 88,"South Dayton, NY 14138",No_Match,,,,,,,True,PO Box address -- Census geocoder cannot resolve to a street point
Cattaraugus,36009,ambulance_als,"Trans Am Ambulance Services, Inc.",305 N 8th Street,"Olean, NY 14760",Match,Exact,"305 N 8TH ST, OLEAN, NY, 14760",-78.440029495094,42.081563340224,658104783,L,False,
Cattaraugus,36009,ambulance_als,"West Valley Volunteer Hose Co., Inc.",PO Box 49,"West Valley, NY 14171",No_Match,,,,,,,True,PO Box address -- Census geocoder cannot resolve to a street point
Cattaraugus,36009,ambulance_als,Westons Mills Fire District,PO Box 601,"Westons Mills, NY 14788",No_Match,,,,,,,True,PO Box address -- Census geocoder cannot resolve to a street point
Cattaraugus,36009,ambulance_als,Yorkshire Fire District,PO Box 145,"Yorkshire, NY 14173",No_Match,,,,,,,True,PO Box address -- Census geocoder cannot resolve to a street point
Cayuga,36011,ambulance_als,Auburn City Ambulance,23 Market Street,"Auburn, NY 13021",Match,Exact,"23 MARKET ST, AUBURN, NY, 13021",-76.565535866228,42.933296751018,640042842,R,False,
Cayuga,36011,ambulance_als,Aurora Ledyard Fire District,PO Box 171,"Aurora, NY 13026",No_Match,,,,,,,True,PO Box address -- Census geocoder cannot resolve to a street point
Cayuga,36011,ambulance_als,"Cato, Ira, Meridian, Victory Ambulance Corps, Inc.",2496 West Main St,"Cato, NY 13033",Match,Exact,"2496 W MAIN ST, CATO, NY, 13033",-76.575284605221,43.167816890753,33505611,R,False,
Cayuga,36011,ambulance_als,"Cayuga Fire Department, Village of",PO Box 315,"Cayuga, NY 13034",No_Match,,,,,,,True,PO Box address -- Census geocoder cannot resolve to a street point
Cayuga,36011,ambulance_als,"Fair Haven Ambulance, Village of",P.O. Box 614,"Fair Haven, NY 13064",No_Match,,,,,,,True,PO Box address -- Census geocoder cannot resolve to a street point
Cayuga,36011,ambulance_als,"Fleming Ambulance No. 1, Inc.",6063 West Lake Road,"Auburn, NY 13021",Match,Exact,"6063 W LAKE RD, AUBURN, NY, 13021",-76.551050175238,42.895628029677,33497483,L,False,
Cayuga,36011,ambulance_als,"Four Town First Aid Squad, Inc.",PO Box 28,"Moravia, NY 13118",No_Match,,,,,,,True,PO Box address -- Census geocoder cannot resolve to a street point
Cayuga,36011,ambulance_als,"Owasco Fire Department, Inc.",7174 Owasco Road,"Auburn, NY 13021",Match,Exact,"7174 OWASCO RD, AUBURN, NY, 13021",-76.545569340443,42.916717053215,33497283,R,False,
Cayuga,36011,ambulance_als,Port Byron Fire Department,PO Box 367,"Port Byron, NY 13140",No_Match,,,,,,,True,PO Box address -- Census geocoder cannot resolve to a street point
Cayuga,36011,ambulance_als,"Southern Cayuga Instant Aid, Inc.",PO Box 7,"Poplar Ridge, NY 13139",No_Match,,,,,,,True,PO Box address -- Census geocoder cannot resolve to a street point
Cayuga,36011,ambulance_als,Throop Fire District,7159 Beech Tree Road,"Auburn, NY 13021",Match,Exact,"7159 BEECH TREE RD, AUBURN, NY, 13021",-76.606363285898,42.963865308415,33527576,L,False,
Cayuga,36011,ambulance_als,"World Racing Group, Inc.",PO Box 240,"Weedsport, NY 13166",No_Match,,,,,,,True,PO Box address -- Census geocoder cannot resolve to a street point
Chautauqua,36013,ambulance_als,"Ashville Fire Department, Inc.",5338 Stow Rd.,"Ashville, NY 14710",Match,Exact,"5338 STOW RD, ASHVILLE, NY, 14710",-79.409633980498,42.153464278172,638847709,L,False,
Chautauqua,36013,ambulance_als,"Bemus Point Volunteer Fire Department, Village of",PO Box 306,"Bemus Point, NY 14712",No_Match,,,,,,,True,PO Box address -- Census geocoder cannot resolve to a street point
Chautauqua,36013,ambulance_als,"Brocton Fire Department, Village of",PO Box 547,"Brocton, NY 14716",No_Match,,,,,,,True,PO Box address -- Census geocoder cannot resolve to a street point
Chautauqua,36013,ambulance_als,"Busti Fire Department, Inc.",886 Mill Road,"Jamestown, NY 14701",Match,Exact,"886 MILL RD, JAMESTOWN, NY, 14701",-79.283249160634,42.037360185783,638880040,R,False,
Chautauqua,36013,ambulance_als,"Cassadaga Volunteer Fire Department, Inc.",PO Box 226,"Cassadaga, NY 14718",No_Match,,,,,,,True,PO Box address -- Census geocoder cannot resolve to a street point
Chautauqua,36013,ambulance_als,"Celoron Hose Company #1, Inc.",PO Box 328,"Celoron, NY 14720",No_Match,,,,,,,True,PO Box address -- Census geocoder cannot resolve to a street point
Chautauqua,36013,ambulance_als,Chautauqua County Ambulance Service,28 Maple Street,"Jamestown, NY 14701",Match,Exact,"28 MAPLE ST, JAMESTOWN, NY, 14701",-79.229405904923,42.092003544649,120753474,R,False,
Chautauqua,36013,ambulance_als,Chautauqua County EMS,2 Academy Street Suite A,"Mayville, NY 14757",Match,Non_Exact,"2 ACADEMY ST, MAYVILLE, NY, 14757",-79.506133151006,42.253370275914,120776322,L,False,
Chautauqua,36013,ambulance_als,Chautauqua Fire District #1,PO Box 1289,"Chautauqua, NY 14722",No_Match,,,,,,,True,PO Box address -- Census geocoder cannot resolve to a street point
Chautauqua,36013,ambulance_als,Cherry Creek Fire District,PO Box 186,"Cherry Creek, NY 14723",No_Match,,,,,,,True,PO Box address -- Census geocoder cannot resolve to a street point
Chautauqua,36013,ambulance_als,"Dunkirk Fire Department, City of",311 Eagle Street,"Dunkirk, NY 14048",Match,Exact,"311 EAGLE ST, DUNKIRK, NY, 14048",-79.33644341535,42.484329308244,120757354,L,False,
Chautauqua,36013,ambulance_als,"Ellery Center Volunteer Fire Company, Inc.",4400 Dutch Hollow Road,"Bemus Point, NY 14712",Match,Exact,"4400 DUTCH HOLLOW RD, BEMUS POINT, NY, 14712",-79.342715861805,42.17851869788,120781538,R,False,
Chautauqua,36013,ambulance_als,Ellington Fire District #1,P.O. Box 59,"Ellington, NY 14732",No_Match,,,,,,,True,PO Box address -- Census geocoder cannot resolve to a street point
Chautauqua,36013,ambulance_als,"Falconer Volunteer Fire Department, Village of",101 West Main Street,"Falconer, NY 14733",Match,Non_Exact,"101 E MAIN ST, FALCONER, NY, 14733",-79.195881256842,42.121008301757,120753908,L,False,
Chautauqua,36013,ambulance_als,"Findley Lake Volunteer Firemans Association, Inc.",PO Box 158,"Findley Lake, NY 14736",No_Match,,,,,,,True,PO Box address -- Census geocoder cannot resolve to a street point
Chautauqua,36013,ambulance_als,Fluvanna Fire District,PO Box 210,"Jamestown, NY 14701",No_Match,,,,,,,True,PO Box address -- Census geocoder cannot resolve to a street point
Chautauqua,36013,ambulance_als,"Forestville Fire Department, Inc.",PO Box 299,"Forestville, NY 14062",No_Match,,,,,,,True,PO Box address -- Census geocoder cannot resolve to a street point
Chautauqua,36013,ambulance_als,"Fredonia Fire Department, Village of",80 West Main Street,"Fredonia, NY 14063",Match,Exact,"80 W MAIN ST, FREDONIA, NY, 14063",-79.333097542826,42.438405125647,120758341,R,False,
Chautauqua,36013,ambulance_als,Frewsburg Fire District,PO Box 3,"Frewsburg, NY 14738",No_Match,,,,,,,True,PO Box address -- Census geocoder cannot resolve to a street point
Chautauqua,36013,ambulance_als,"Gerry Volunteer Fire Department, Inc.",PO Box 182,"Gerry, NY 14740",No_Match,,,,,,,True,PO Box address -- Census geocoder cannot resolve to a street point
Chautauqua,36013,ambulance_als,"Jamestown Fire Department, City of",200 Spring Street,"Jamestown, NY 14701",Match,Exact,"200 SPRING ST, JAMESTOWN, NY, 14701",-79.238603354628,42.095949601946,120752874,R,False,
Chautauqua,36013,ambulance_als,Kennedy Fire District,PO Box 62,"Kennedy, NY 14747",No_Match,,,,,,,True,PO Box address -- Census geocoder cannot resolve to a street point
Chautauqua,36013,ambulance_als,"Kiantone Independent Fire Department, Inc.",2318 Foote Avenue Extension,"Jamestown, NY 14701",No_Match,,,,,,,True,No match found -- verify address manually
Chautauqua,36013,ambulance_als,"Lakewood, Village of",37 JW Packard Boulevard,"Lakewood, NY 14750",Match,Non_Exact,"37 PACKARD WAY, LAKEWOOD, NY, 14750",-79.32697275562,42.104929359417,120751021,L,False,
Chautauqua,36013,ambulance_als,"Maple Springs Fire Company, Inc.",PO Box 100,"Bemus Point, NY 14712",No_Match,,,,,,,True,PO Box address -- Census geocoder cannot resolve to a street point
Chautauqua,36013,ambulance_als,"Mayville Fire Department, Village of",PO Box 188,"Mayville, NY 14757",No_Match,,,,,,,True,PO Box address -- Census geocoder cannot resolve to a street point
Chautauqua,36013,ambulance_als,Panama Fire District,PO Box 57,"Panama, NY 14767",No_Match,,,,,,,True,PO Box address -- Census geocoder cannot resolve to a street point
Chautauqua,36013,ambulance_als,"Portland Volunteer Fire Department, Inc.",PO Box 229,"Portland, NY 14769",No_Match,,,,,,,True,PO Box address -- Census geocoder cannot resolve to a street point
Chautauqua,36013,ambulance_als,Ripley Fire District,PO Box 47,"Ripley, NY 14775",No_Match,,,,,,,True,PO Box address -- Census geocoder cannot resolve to a street point
Chautauqua,36013,ambulance_als,"Silver Creek Emergency Squad, Village of",162 Central Avenue,"Silver Creek, NY 14136",Match,Exact,"162 CENTRAL AVE, SILVER CREEK, NY, 14136",-79.170416090348,42.545127220699,120755339,R,False,
Chautauqua,36013,ambulance_als,"Sinclairville Volunteer Fire Company No 1, Inc.",PO Box 403,"Sinclairville, NY 14782",No_Match,,,,,,,True,PO Box address -- Census geocoder cannot resolve to a street point
Chautauqua,36013,ambulance_als,"Stanley Hose Company, Inc., The",PO Box 574,"Sherman, NY 14781",No_Match,,,,,,,True,PO Box address -- Census geocoder cannot resolve to a street point
Chautauqua,36013,ambulance_als,"Stockton Volunteer Fire Company, Inc.",PO Box 12,"Stockton, NY 14784",No_Match,,,,,,,True,PO Box address -- Census geocoder cannot resolve to a street point
Chautauqua,36013,ambulance_als,W.C.A. Services Corporation,335 East 3rd Street,"Jamestown, NY 14701",Match,Exact,"335 E 3RD ST, JAMESTOWN, NY, 14701",-79.23583560971,42.09719799094,120786388,L,False,
Chautauqua,36013,ambulance_als,"Westfield Fire Department, Village of",23 Elm Street,"Westfield, NY 14787",Match,Exact,"23 ELM ST, WESTFIELD, NY, 14787",-79.576199090133,42.321796822789,120760943,R,False,
Chemung,36015,ambulance_als,"Erway Ambulance Service, Inc.",2030 College Ave,"Elmira Heights, NY 14903",Match,Exact,"2030 COLLEGE AVE, ELMIRA HEIGHTS, NY, 14903",-76.823262732809,42.120142933273,18533083,R,False,
Chenango,36017,ambulance_als,"Afton Hose Co. Emergency Squad, Inc.",15 Spring Street,"Afton, NY 13730",Match,Exact,"15 SPRING ST, AFTON, NY, 13730",-75.527146586647,42.228591213745,46429756,L,False,
Chenango,36017,ambulance_als,Bainbridge Fire District,22 West Main Street,"Bainbridge, NY 13733",Match,Exact,"22 W MAIN ST, BAINBRIDGE, NY, 13733",-75.480140887409,42.293972527114,46428588,L,False,
Chenango,36017,ambulance_als,Chenango County Office of Emergency Services,5862 County Road 32,"Norwich, NY 13815",Match,Exact,"5862 CO RD 32, NORWICH, NY, 13815",-75.506205261867,42.536144017486,46450729,R,False,
Chenango,36017,ambulance_als,"Columbus, Town of",4340 State Hwy 80,"Sherburne, NY 13460",Match,Exact,"4340 STATE RTE 80, SHERBURNE, NY, 13460",-75.371537168432,42.680949007162,46450691,L,False,
Chenango,36017,ambulance_als,"Coventry Emergency Squad, Inc.",P.O.Box 646,"Greene, NY 13778",No_Match,,,,,,,True,PO Box address -- Census geocoder cannot resolve to a street point
Chenango,36017,ambulance_als,"German, Town of",352 County Hwy 5,"McDonough, NY 13801",Match,Non_Exact,"352 CO RD 5, MC DONOUGH, NY, 13801",-75.847280450873,42.49468885355,46424549,R,False,
Chenango,36017,ambulance_als,"Greene Emergency Squad, Inc.",30 Birdsall Street,"Greene, NY 13778",Match,Exact,"30 BIRDSALL ST, GREENE, NY, 13778",-75.770630077266,42.33383920824,46426506,R,False,
Chenango,36017,ambulance_als,Guilford Fire District,PO Box 68,"Guilford, NY 13780",No_Match,,,,,,,True,PO Box address -- Census geocoder cannot resolve to a street point
Chenango,36017,ambulance_als,"New Berlin Ambulance Service, Town of",PO Box 845,"New Berlin, NY 13411",No_Match,,,,,,,True,PO Box address -- Census geocoder cannot resolve to a street point
Chenango,36017,ambulance_als,"New Berlin Ambulance Service, Village of",P.O. Box 280,"New Berlin, NY 13411",No_Match,,,,,,,True,PO Box address -- Census geocoder cannot resolve to a street point
Chenango,36017,ambulance_als,"Norwich Fire Department, City of",One City Plaza,"Norwich, NY 13815",No_Match,,,,,,,True,No match found -- verify address manually
Chenango,36017,ambulance_als,"Oxford Fire Department Emergency Squad, Village of",PO Box 172,"Oxford, NY 13830",No_Match,,,,,,,True,PO Box address -- Census geocoder cannot resolve to a street point
Chenango,36017,ambulance_als,"Sherburne, Village of",PO Box 924,"Sherburne, NY 13460",No_Match,,,,,,,True,PO Box address -- Census geocoder cannot resolve to a street point
Chenango,36017,ambulance_als,"Smyrna EMS, Town of",PO Box 21,"Smyrna, NY 13464",No_Match,,,,,,,True,PO Box address -- Census geocoder cannot resolve to a street point
Chenango,36017,ambulance_als,South New Berlin Fire District Rescue Squad,3519 State Highway 8 Box #2P,"South New Berlin, NY 13843",Match,Exact,"3519 STATE RTE 8, SOUTH NEW BERLIN, NY, 13843",-75.373591892821,42.544328582829,639220074,L,False,
Chenango,36017,ambulance_als,South Otselic Fire Department,PO Box 103,"South Otselic, NY 13155",No_Match,,,,,,,True,PO Box address -- Census geocoder cannot resolve to a street point
Clinton,36019,ambulance_als,Altona Fire District,PO Box 36,"Altona, NY 12910",No_Match,,,,,,,True,PO Box address -- Census geocoder cannot resolve to a street point
Clinton,36019,ambulance_als,Ausable Chesterfield Keeseville Joint Fire District,8 Pleasant Street,"Keeseville, NY 12944",Match,Exact,"8 PLEASANT ST, KEESEVILLE, NY, 12944",-73.47972933962,44.508208780718,136073783,L,False,
Clinton,36019,ambulance_als,"Champlain EMS, Inc.",1150 State Route 11,"Champlain, NY 12919",Match,Non_Exact,"1150 US HWY 11, CHAMPLAIN, NY, 12919",-73.499093584899,44.975960252701,638550037,R,False,
Clinton,36019,ambulance_als,"Chazy Volunteer Fire Department, Inc",PO Box 116,"Chazy, NY 12921",No_Match,,,,,,,True,PO Box address -- Census geocoder cannot resolve to a street point
Clinton,36019,ambulance_als,"Clinton, Town of",PO Box 165,"Churubusco, NY 12923",No_Match,,,,,,,True,PO Box address -- Census geocoder cannot resolve to a street point
Clinton,36019,ambulance_als,"Dannemora Fire Department, Village of",PO Box 123,"Dannemora, NY 12929",No_Match,,,,,,,True,PO Box address -- Census geocoder cannot resolve to a street point
Clinton,36019,ambulance_als,Ellenburg Center Volunteer Fire Department,PO Box 15,"Ellenburg Center, NY 12934",No_Match,,,,,,,True,PO Box address -- Census geocoder cannot resolve to a street point
Clinton,36019,ambulance_als,Ellenburg Depot Fire District 21,PO Box 152,"Ellenburg Depot, NY 12935",No_Match,,,,,,,True,PO Box address -- Census geocoder cannot resolve to a street point
Clinton,36019,ambulance_als,"Emergency Medical Transport of CVPH, Inc.",75 Beekman Street,"Plattsburgh, NY 12901",Match,Exact,"75 BEEKMAN ST, PLATTSBURGH, NY, 12901",-73.466718402565,44.700063137793,639388394,L,False,
Clinton,36019,ambulance_als,"Morrisonville Schuyler Falls Volunteer Ambulance Service, Inc.",21 Banker Road,"Morrisonville, NY 12962",Match,Exact,"21 BANKER RD, MORRISONVILLE, NY, 12962",-73.54857114363,44.699198693836,136090375,L,False,
Clinton,36019,ambulance_als,Peru Fire District,PO Box 635,"Peru, NY 12972",No_Match,,,,,,,True,PO Box address -- Census geocoder cannot resolve to a street point
Clinton,36019,ambulance_als,"Plattsburgh, City of",65 Cornelia Street,"Plattsburgh, NY 12901",Match,Exact,"65 CORNELIA ST, PLATTSBURGH, NY, 12901",-73.456462628823,44.699185658262,136069811,R,False,
Clinton,36019,ambulance_als,Rouses Point Fire Department,"P.O. Box 185, 139 Lake Street","Rouses Point, NY 12979",Match,Non_Exact,"139 LAKE ST, ROUSES POINT, NY, 12979",-73.364302682405,44.99156638282,136065205,R,False,
Clinton,36019,ambulance_als,Saranac Fire District,PO Box 130,"Saranac, NY 12981",No_Match,,,,,,,True,PO Box address -- Census geocoder cannot resolve to a street point
Clinton,36019,ambulance_als,West Chazy Fire District,PO Box 185,"West Chazy, NY 12992",No_Match,,,,,,,True,PO Box address -- Census geocoder cannot resolve to a street point
Columbia,36021,ambulance_als,"Chatham Rescue Squad, Inc.",PO Box 587,"Ghent, NY 12075",No_Match,,,,,,,True,PO Box address -- Census geocoder cannot resolve to a street point
Columbia,36021,ambulance_als,"Clausson Raught Community Rescue Squad, Inc.",PO Box 327,"Copake, NY 12516",No_Match,,,,,,,True,PO Box address -- Census geocoder cannot resolve to a street point
Columbia,36021,ambulance_als,Columbia County EMS,85 Industrial Tract,"Hudson, NY 12534",Match,Exact,"85 INDUSTRIAL TRACT, HUDSON, NY, 12534",-73.757553447007,42.24914393236,639379545,L,False,
Columbia,36021,ambulance_als,"Greenport Rescue Squad, Inc.",PO Box 275,"Hudson, NY 12534",No_Match,,,,,,,True,PO Box address -- Census geocoder cannot resolve to a street point
Columbia,36021,ambulance_als,Lebanon Valley Auto Racing Corporation,PO Box 9,"West Lebanon, NY 12195",No_Match,,,,,,,True,PO Box address -- Census geocoder cannot resolve to a street point
Columbia,36021,ambulance_als,"Valatie Volunteer Rescue Squad, Inc.",PO Box 242,"Valatie, NY 12184",No_Match,,,,,,,True,PO Box address -- Census geocoder cannot resolve to a street point
Cortland,36023,ambulance_als,Cincinnatus Fire District,PO Box 239,"Cincinnatus, NY 13040",No_Match,,,,,,,True,PO Box address -- Census geocoder cannot resolve to a street point
Cortland,36023,ambulance_als,"Marathon Area Volunteer Ambulance Corps, Inc.",PO Box 132,"Marathon, NY 13803",No_Match,,,,,,,True,PO Box address -- Census geocoder cannot resolve to a street point
Cortland,36023,ambulance_als,"TLC Emergency Medical Services, Inc.",638 Burnett Avenue,"Syracuse, NY 13203",Match,Non_Exact,"638 BURNET AVE, SYRACUSE, NY, 13203",-76.134383509825,43.052084083445,46604788,R,False,
Delaware,36025,ambulance_als,"Andes Fire Department, Inc.",PO Box 112,"Andes, NY 13731",No_Match,,,,,,,True,PO Box address -- Census geocoder cannot resolve to a street point
Delaware,36025,ambulance_als,Bloomville Fire Department Emergency Squad,243 Scotch Hill Rd,"Bloomville, NY 13739",Match,Exact,"243 SCOTCH HILL RD, BLOOMVILLE, NY, 13739",-74.812182081088,42.336215959856,41600875,L,False,
Delaware,36025,ambulance_als,Bovina Emergency Squad,PO Box 39,"Bovina Center, NY 13740",No_Match,,,,,,,True,PO Box address -- Census geocoder cannot resolve to a street point
Delaware,36025,ambulance_als,Delhi Fire Department Emergency Medical Services,PO Box 93,"Delhi, NY 13753",No_Match,,,,,,,True,PO Box address -- Census geocoder cannot resolve to a street point
Delaware,36025,ambulance_als,Downsville Fire District,PO Box 341,"Downsville, NY 13755",No_Match,,,,,,,True,PO Box address -- Census geocoder cannot resolve to a street point
Delaware,36025,ambulance_als,Emergency Squad #1 of the Sidney FD of Village of Sidney  Inc.,8 Patterson St,"Sidney, NY 13838",Match,Exact,"8 PATTERSON ST, SIDNEY, NY, 13838",-75.397551504616,42.313031120762,657573868,L,False,
Delaware,36025,ambulance_als,"Franklin Fire Department and Emergency Squad, Inc",PO Box 934,"Franklin, NY 13775",No_Match,,,,,,,True,PO Box address -- Census geocoder cannot resolve to a street point
Delaware,36025,ambulance_als,Grand Gorge Fire District,PO Box 301,"Grand Gorge, NY 12434",No_Match,,,,,,,True,PO Box address -- Census geocoder cannot resolve to a street point
Delaware,36025,ambulance_als,"Headwaters Emergency Medical Services, Inc.",65 Terry Road,"Stamford, NY 12167",Match,Exact,"65 TERRY RD, STAMFORD, NY, 12167",-74.635266535572,42.423103505598,657567043,R,False,
Delaware,36025,ambulance_als,"Hobart Fire Department Emergency Squad, Village of",PO Box 237,"Hobart, NY 13788",No_Match,,,,,,,True,PO Box address -- Census geocoder cannot resolve to a street point
Delaware,36025,ambulance_als,Margaretville Memorial Hospital Ambulance Squad,42084 State Highway 28,"Margaretville, NY 12455",Match,Exact,"42084 STATE RTE 28, MARGARETVILLE, NY, 12455",-74.64400460197,42.147713545837,657574004,L,False,
Delaware,36025,ambulance_als,Meridale Rural Fire District,PO Box 104,"Meridale, NY 13806",No_Match,,,,,,,True,PO Box address -- Census geocoder cannot resolve to a street point
Delaware,36025,ambulance_als,"New York Safety Track, LLC",PO Box 263,"Harpersfield, NY 13786",No_Match,,,,,,,True,PO Box address -- Census geocoder cannot resolve to a street point
Delaware,36025,ambulance_als,Roxbury Fire District,PO Box 514,"Roxbury, NY 12474",No_Match,,,,,,,True,PO Box address -- Census geocoder cannot resolve to a street point
Delaware,36025,ambulance_als,Stamford Joint Fire District,PO Box 274,"Stamford, NY 12167",No_Match,,,,,,,True,PO Box address -- Census geocoder cannot resolve to a street point
Delaware,36025,ambulance_als,"Town of Hancock Volunteer Ambulance Corps, Inc.",PO Box 733,"Hancock, NY 13783",No_Match,,,,,,,True,PO Box address -- Census geocoder cannot resolve to a street point
Delaware,36025,ambulance_als,"Treadwell Fire Department Emergency Squad, Inc.",275 Jackson Hill,"Treadwell, NY 13846",Match,Non_Exact,"275 JACKSON HILL RD, TREADWELL, NY, 13846",-75.046146181896,42.350492400263,41589834,L,False,
Delaware,36025,ambulance_als,"Trout Creek Volunteer Fire Company, Inc.",PO Box 72,"Trout Creek, NY 13847",No_Match,,,,,,,True,PO Box address -- Census geocoder cannot resolve to a street point
Delaware,36025,ambulance_als,"Walton Fire Department Emergency Squad, Village of",63 West Street,"Walton, NY 13856",Match,Exact,"63 WEST ST, WALTON, NY, 13856",-75.139026428848,42.174087518113,655419182,L,False,
Dutchess,36027,ambulance_als,"Amenia Fire Company #1, Inc.",PO Box 166,"Amenia, NY 12501",No_Match,,,,,,,True,PO Box address -- Census geocoder cannot resolve to a street point
Dutchess,36027,ambulance_als,Arlington Fire District,11 Burnett Boulevard,"Poughkeepsie, NY 12603",Match,Exact,"11 BURNETT BLVD, POUGHKEEPSIE, NY, 12603",-73.888376484209,41.696452227017,4204103,L,False,
Dutchess,36027,ambulance_als,Arlington Fire District,11 Burnett Blvd,"Poughkeepsie, NY 12603",Match,Exact,"11 BURNETT BLVD, POUGHKEEPSIE, NY, 12603",-73.888376484209,41.696452227017,4204103,L,False,
Dutchess,36027,ambulance_als,"Beacon Volunteer Ambulance Corps, Inc.",PO Box 54,"Beacon, NY 12508",No_Match,,,,,,,True,PO Box address -- Census geocoder cannot resolve to a street point
Dutchess,36027,ambulance_als,Beekman Fire District,PO Box 568,"Poughquag, NY 12570",No_Match,,,,,,,True,PO Box address -- Census geocoder cannot resolve to a street point
Dutchess,36027,ambulance_als,"Dover Ambulance Service, Town of",126 East Duncan Hill Road,"Dover Plains, NY 12522",Match,Exact,"126 E DUNCAN HILL RD, DOVER PLAINS, NY, 12522",-73.577594914611,41.697363594891,655897771,L,False,
Dutchess,36027,ambulance_als,East Clinton Fire District,PO Box 181,"Clinton Corners, NY 12514",No_Match,,,,,,,True,PO Box address -- Census geocoder cannot resolve to a street point
Dutchess,36027,ambulance_als,East Fishkill Fire District,2502 Rt 52,"Hopewell Junction, NY 12533",Tie,,,,,,,True,Multiple equally-likely address matches -- needs manual disambiguation
Dutchess,36027,ambulance_als,Fairview Fire District,258 Violet Avenue,"Poughkeepsie, NY 12601",Match,Exact,"258 VIOLET AVE, POUGHKEEPSIE, NY, 12601",-73.910431325563,41.729870476812,4226789,R,False,
Dutchess,36027,ambulance_als,La Grange Fire District EMS,504 Freedom Plains Road,"Poughkeepsie, NY 12603",Match,Exact,"504 FREEDOM PLAINS RD, POUGHKEEPSIE, NY, 12603",-73.852422787315,41.679051321332,4221262,R,False,
Dutchess,36027,ambulance_als,"Milan Volunteer Fire Department, Inc.",900 Route 199,"Milan, NY 12571",Match,Exact,"900 STATE RTE 199, MILAN, NY, 12571",-73.807918369,41.968967535889,619892502,R,False,
Dutchess,36027,ambulance_als,Millbrook Fire Dept. Rescue Squad,PO Box 609,"Millbrook, NY 12545",No_Match,,,,,,,True,PO Box address -- Census geocoder cannot resolve to a street point
Dutchess,36027,ambulance_als,"Northern Dutchess Paramedics, Inc.",PO Box 672,"Rhinebeck, NY 12572",No_Match,,,,,,,True,PO Box address -- Census geocoder cannot resolve to a street point
Dutchess,36027,ambulance_als,Pine Plains Hose Company Rescue Squad,PO BOX 100,"Pine Plains, NY 12567",No_Match,,,,,,,True,PO Box address -- Census geocoder cannot resolve to a street point
Dutchess,36027,ambulance_als,Pleasant Valley Fire District #1,PO Box 417,"Pleasant Valley, NY 12569",No_Match,,,,,,,True,PO Box address -- Census geocoder cannot resolve to a street point
Dutchess,36027,ambulance_als,"Red Hook Fire Company, Inc.",PO Box 100,"Red Hook, NY 12571",No_Match,,,,,,,True,PO Box address -- Census geocoder cannot resolve to a street point
Dutchess,36027,ambulance_als,"Rhinebeck Fire Department Rescue Squad, Village of",76 East Market Street,"Rhinebeck, NY 12572",Match,Exact,"76 E MARKET ST, RHINEBECK, NY, 12572",-73.909473787582,41.926988243202,635851946,L,False,
Dutchess,36027,ambulance_als,Rhinecliff Fire District Rescue Squad,PO Box 6,"Rhinecliff, NY 12574",No_Match,,,,,,,True,PO Box address -- Census geocoder cannot resolve to a street point
Dutchess,36027,ambulance_als,Roosevelt Fire District Rescue Squad,830 Violet ave,"Hyde Park, NY 12538",Match,Exact,"830 VIOLET AVE, HYDE PARK, NY, 12538",-73.908608994231,41.768294863225,4167222,R,False,
Dutchess,36027,ambulance_als,"Tivoli Fire Department, Village of",PO Box 486,"Tivoli, NY 12583",No_Match,,,,,,,True,PO Box address -- Census geocoder cannot resolve to a street point
Dutchess,36027,ambulance_als,Union Vale Fire District,PO Box 161,"Billings, NY 12510",No_Match,,,,,,,True,PO Box address -- Census geocoder cannot resolve to a street point
Dutchess,36027,ambulance_als,VA of Hudson Valley,41 Castle Point Road Bldg 8,"Wappingers Falls, NY 12590",Match,Exact,"41 CASTLE POINT RD, WAPPINGERS FALLS, NY, 12590",-73.962285932557,41.540453749027,617452285,R,False,
Dutchess,36027,ambulance_als,West Clinton Fire District,219 Hollow Road,"Staatsburg, NY 12580",Match,Exact,"219 HOLLOW RD, STAATSBURG, NY, 12580",-73.868236807127,41.848378578135,4165924,R,False,
Erie,36029,ambulance_als,"Alden EMS Department, Village of",13336 Broadway,"Alden, NY 14004",Match,Exact,"13336 BROADWAY, ALDEN, NY, 14004",-78.490862361119,42.900186783643,48324554,L,False,
Erie,36029,ambulance_als,"Alden EMS, Town of",3311 Wende Rd,"Alden, NY 14004",Match,Exact,"3311 WENDE RD, ALDEN, NY, 14004",-78.549927520982,42.938050546434,48313268,R,False,
Erie,36029,ambulance_als,"Angola, Village of",41 Commercial Street,"Angola, NY 14006",Match,Exact,"41 COMMERCIAL ST, ANGOLA, NY, 14006",-79.028713818039,42.637581839419,48292596,R,False,
Erie,36029,ambulance_als,"Armor Volunteer Fire Company, Inc.",PO Box 971,"Hamburg, NY 14075",No_Match,,,,,,,True,PO Box address -- Census geocoder cannot resolve to a street point
Erie,36029,ambulance_als,"Big Tree Emergency Medical Services, Inc.",4112 Big Tree Road,"Hamburg, NY 14075",Match,Exact,"4112 BIG TREE RD, HAMBURG, NY, 14075",-78.825054711704,42.77197132524,48309330,L,False,
Erie,36029,ambulance_als,"Blasdell Volunteer Fire Department, Village of",121 Miriam Avenue,"Blasdell, NY 14219",No_Match,,,,,,,True,No match found -- verify address manually
Erie,36029,ambulance_als,Blossom Volunteer Fire Company,1000 North Blossom Road,"Elma, NY 14059",Match,Exact,"1000 N BLOSSOM RD, ELMA, NY, 14059",-78.692429328655,42.853179607403,658223722,L,False,
Erie,36029,ambulance_als,"Boston Emergency Squad, Inc.",PO Box 92,"Boston, NY 14025",No_Match,,,,,,,True,PO Box address -- Census geocoder cannot resolve to a street point
Erie,36029,ambulance_als,"Clarence Center Volunteer Fire Company, Inc.",9415 Clarence Center Road,"Clarence Center, NY 14032",Match,Exact,"9415 CLARENCE CENTER RD, CLARENCE CENTER, NY, 14032",-78.638836577099,43.010434792571,48312410,R,False,
Erie,36029,ambulance_als,Clarence Fire District #1,P.O. Box 340,"Clarence, NY 14031",No_Match,,,,,,,True,PO Box address -- Census geocoder cannot resolve to a street point
Erie,36029,ambulance_als,Colden Fire District,PO Box 34,"Colden, NY 14033",No_Match,,,,,,,True,PO Box address -- Census geocoder cannot resolve to a street point
Erie,36029,ambulance_als,"East Amherst Fire Department, Inc.",9100 Transit Road,"East Amherst, NY 14051",Match,Exact,"9100 TRANSIT RD, EAST AMHERST, NY, 14051",-78.697028663088,43.016504775288,48329454,L,False,
Erie,36029,ambulance_als,"East Concord Fire Department, Inc",9413 Genesee Rd,"East Concord, NY 14055",Match,Exact,"9413 GENESEE RD, EAST CONCORD, NY, 14055",-78.644324859263,42.552094722545,48280908,L,False,
Erie,36029,ambulance_als,"East Seneca Volunteer Fire Company, Inc.",100 Lein Road,"West Seneca, NY 14224",Match,Exact,"100 LEIN RD, WEST SENECA, NY, 14224",-78.711975923507,42.837775031786,48345368,L,False,
Erie,36029,ambulance_als,"Eden Emergency Squad, Inc.",PO Box 111,"Eden, NY 14057",No_Match,,,,,,,True,PO Box address -- Census geocoder cannot resolve to a street point
Erie,36029,ambulance_als,"Elma Volunteer Fire Company, Inc.",PO Box 3,"Elma, NY 14059",No_Match,,,,,,,True,PO Box address -- Census geocoder cannot resolve to a street point
Erie,36029,ambulance_als,Erie County Emergency Services Division of EMS,3359 Broadway Street,"Cheektowaga, NY 14227",Match,Exact,"3359 BROADWAY ST, CHEEKTOWAGA, NY, 14227",-78.750761956004,42.903762223834,645417972,R,False,
Erie,36029,ambulance_als,"Erie EMS, County of",3359 Broadway,"Cheektowaga, NY 14227",Match,Exact,"3359 BROADWAY, CHEEKTOWAGA, NY, 14227",-78.750761956004,42.903762223834,645417972,R,False,
Erie,36029,ambulance_als,"Evans Center Volunteer Fire Company, Inc.",8298 Erie Road,"Angola, NY 14006",Match,Exact,"8298 ERIE RD, ANGOLA, NY, 14006",-79.034234434315,42.658954203465,637548964,R,False,
Erie,36029,ambulance_als,"Farnham Volunteer Fire Company, Inc.",526 Commercial Street,"Farnham, NY 14061",No_Match,,,,,,,True,No match found -- verify address manually
Erie,36029,ambulance_als,Gowanda Ambulance Service Corp.,PO Box 143,"Gowanda, NY 14070",No_Match,,,,,,,True,PO Box address -- Census geocoder cannot resolve to a street point
Erie,36029,ambulance_als,"Grand Island Fire Company, Inc.",2275 Baseline Road,"Grand Island, NY 14072",Match,Exact,"2275 BASELINE RD, GRAND ISLAND, NY, 14072",-78.965679938273,43.023369566659,645418519,R,False,
Erie,36029,ambulance_als,"Hamburg Volunteer Fire Department, Inc.",PO Box 82,"Hamburg, NY 14075",No_Match,,,,,,,True,PO Box address -- Census geocoder cannot resolve to a street point
Erie,36029,ambulance_als,"Hamburg, Town of",6100 South Park Ave,"Hamburg, NY 14075",Match,Exact,"6100 S PARK AVE, HAMBURG, NY, 14075",-78.825503080428,42.730321680315,48309771,L,False,
Erie,36029,ambulance_als,"Highland Hose Volunteer Fire Company, Inc.",P.O. Box 856,"Derby, NY 14047",No_Match,,,,,,,True,PO Box address -- Census geocoder cannot resolve to a street point
Erie,36029,ambulance_als,Holland Fire District #1,PO Box 143,"Holland, NY 14080",No_Match,,,,,,,True,PO Box address -- Census geocoder cannot resolve to a street point
Erie,36029,ambulance_als,"Jamison Road Volunteer Fire Company, Inc.",1071 Jamison Road,"Elma, NY 14059",Match,Exact,"1071 JAMISON RD, ELMA, NY, 14059",-78.622462903148,42.805093683691,638021186,L,False,
Erie,36029,ambulance_als,"Lake Erie Beach Volunteer Fire Company, Inc.",9483 Old Lake Shore Rd,"Angola, NY 14006",Match,Non_Exact,"9483 LAKE SHORE RD, ANGOLA, NY, 14006",-79.09084072407,42.626598898675,48341765,L,False,
Erie,36029,ambulance_als,"Lake Shore Volunteer Fire Company, Inc.",4591 Lake Shore Road,"Hamburg, NY 14075",Match,Exact,"4591 LAKE SHORE RD, HAMBURG, NY, 14075",-78.883897505947,42.75872343726,647634620,L,False,
Erie,36029,ambulance_als,Lake View Fire District,PO Box 345,"Lake View, NY 14085",No_Match,,,,,,,True,PO Box address -- Census geocoder cannot resolve to a street point
Erie,36029,ambulance_als,"Lancaster Volunteer Ambulance Corps, Inc.",PO Box 164,"Lancaster, NY 14086",No_Match,,,,,,,True,PO Box address -- Census geocoder cannot resolve to a street point
Erie,36029,ambulance_als,"LaSalle Ambulance, Inc.",481 William Gaiter Parkway,"Buffalo, NY 14215",Tie,,,,,,,True,Multiple equally-likely address matches -- needs manual disambiguation
Erie,36029,ambulance_als,"Marilla Fire Company, Inc.",PO Box 124,"Marilla, NY 14102",No_Match,,,,,,,True,PO Box address -- Census geocoder cannot resolve to a street point
Erie,36029,ambulance_als,Memorial Volunteer Fire Company of Chaffee-Sardinia,PO Box 203,"Chaffee, NY 14030",No_Match,,,,,,,True,PO Box address -- Census geocoder cannot resolve to a street point
Erie,36029,ambulance_als,"Mercy Flight, Inc.",100 Amherst Villa Rd.,"Buffalo, NY 14225",Match,Exact,"100 AMHERST VILLA RD, BUFFALO, NY, 14225",-78.722849255088,42.942851318432,48305753,L,False,
Erie,36029,ambulance_als,"Mercy Flight, Inc.",100 Amherst Villa Road,"Buffalo, NY 14225",Match,Exact,"100 AMHERST VILLA RD, BUFFALO, NY, 14225",-78.722849255088,42.942851318432,48305753,L,False,
Erie,36029,ambulance_als,"Mercy Flight, Inc.",100 Amherst Villa Rd,"Buffalo, NY 14225",Match,Exact,"100 AMHERST VILLA RD, BUFFALO, NY, 14225",-78.722849255088,42.942851318432,48305753,L,False,
Erie,36029,ambulance_als,"Newstead Volunteer Fire Company, Inc.",PO Box 386,"Akron, NY 14001",No_Match,,,,,,,True,PO Box address -- Census geocoder cannot resolve to a street point
Erie,36029,ambulance_als,"Newton Abbott Fire Company, Inc.",PO Box 2001,"Blasdell, NY 14219",No_Match,,,,,,,True,PO Box address -- Census geocoder cannot resolve to a street point
Erie,36029,ambulance_als,"North Amherst Fire Company, Inc.",2200 Tonawanda Creek Road,"Amherst, NY 14228",Match,Exact,"2200 TONAWANDA CREEK RD, AMHERST, NY, 14228",-78.77078600833,43.068074995782,48324109,L,False,
Erie,36029,ambulance_als,"North Collins Emergency Squad, Inc.",PO Box 477,"North Collins, NY 14111",No_Match,,,,,,,True,PO Box address -- Census geocoder cannot resolve to a street point
Erie,36029,ambulance_als,"Orchard Park Fire District EMS, Inc.",PO Box 488,"Orchard Park, NY 14127",No_Match,,,,,,,True,PO Box address -- Census geocoder cannot resolve to a street point
Erie,36029,ambulance_als,Reserve Hose Company #1 of the Town of West Seneca,2400 Berg Road,"West Seneca, NY 14218",No_Match,,,,,,,True,No match found -- verify address manually
Erie,36029,ambulance_als,"Scranton Volunteer Fire Company, Inc.",5395 Scranton Road,"Hamburg, NY 14075",Match,Exact,"5395 SCRANTON RD, HAMBURG, NY, 14075",-78.83194149067,42.7399906957,48309722,L,False,
Erie,36029,ambulance_als,South Line Fire District #10,1049 French Road,"Cheektowaga, NY 14227",Match,Exact,"1049 FRENCH RD, CHEEKTOWAGA, NY, 14227",-78.714040993421,42.867771478125,48307716,R,False,
Erie,36029,ambulance_als,South Line Fire District No. 10,1049 French Road,"Cheektowaga, NY 14227",Match,Exact,"1049 FRENCH RD, CHEEKTOWAGA, NY, 14227",-78.714040993421,42.867771478125,48307716,R,False,
Erie,36029,ambulance_als,"South Wales Volunteer Fire Company, Inc.",6406 Olean Road,"South Wales, NY 14139",Match,Exact,"6406 OLEAN RD, SOUTH WALES, NY, 14139",-78.577538185068,42.709367993458,647648350,L,False,
Erie,36029,ambulance_als,Spring Brook Fire District,PO Box 310,"Spring Brook, NY 14140",No_Match,,,,,,,True,PO Box address -- Census geocoder cannot resolve to a street point
Erie,36029,ambulance_als,"Springville Volunteer Fire Company, Inc.",PO Box 12,"Springville, NY 14141",No_Match,,,,,,,True,PO Box address -- Census geocoder cannot resolve to a street point
Erie,36029,ambulance_als,"Swormville Fire Company, Inc.",6971 Transit Road,"East Amherst, NY 14051",Match,Exact,"6971 TRANSIT RD, EAST AMHERST, NY, 14051",-78.69686015193,43.039145095112,48285626,R,False,
Erie,36029,ambulance_als,"Tonawanda Fire Department, City of",44 William Street,"Tonawanda, NY 14150",Match,Exact,"44 WILLIAM ST, TONAWANDA, NY, 14150",-78.876292813411,43.017266367381,48284261,R,False,
Erie,36029,ambulance_als,Town of Tonawanda,1835 Sheridan Drive,"Kenmore, NY 14223",Match,Exact,"1835 SHERIDAN DR, KENMORE, NY, 14223",-78.864720524258,42.980720398817,638101252,R,False,
Erie,36029,ambulance_als,Town of Tonawanda,1835 Sheridan Drive,"Tonawanda, NY 14223",Match,Exact,"1835 SHERIDAN DR, TONAWANDA, NY, 14223",-78.864720524258,42.980720398817,638101252,R,False,
Erie,36029,ambulance_als,"Town's Ambulance Service, Inc.",481 William Gaiter Parkway,"Buffalo, NY 14215",Tie,,,,,,,True,Multiple equally-likely address matches -- needs manual disambiguation
Erie,36029,ambulance_als,Twin City Ambulance Corporation,555 Commerce Drive,"Amherst, NY 14228",Match,Exact,"555 COMMERCE DR, AMHERST, NY, 14228",-78.802847034019,43.026787613983,48284960,L,False,
Erie,36029,ambulance_als,"Wales Center Volunteer Fire Company, Inc.",PO Box 124,"Wales Center, NY 14169",No_Match,,,,,,,True,PO Box address -- Census geocoder cannot resolve to a street point
Erie,36029,ambulance_als,"West Falls Volunteer Fire Company, Inc.",PO Box 140,"West Falls, NY 14170",No_Match,,,,,,,True,PO Box address -- Census geocoder cannot resolve to a street point
Erie,36029,ambulance_als,West Seneca Fire District #2,1845 Union Road,"West Seneca, NY 14224",Match,Non_Exact,"1845 UNION ST, WEST SENECA, NY, 14224",-78.754435109395,42.850393451678,48304783,R,False,
Erie,36029,ambulance_als,West Seneca Fire District #6,666 Main St,"West Seneca, NY 14224",Match,Exact,"666 MAIN ST, WEST SENECA, NY, 14224",-78.750530620577,42.834045663907,48304879,L,False,
Erie,36029,ambulance_als,Woodlawn Volunteer Fire Company,3281 Lakeshore Road,"Blasdell, NY 14219",Match,Exact,"3281 LAKE SHORE RD, BLASDELL, NY, 14219",-78.846772274558,42.796811190937,48308837,L,False,
Essex,36031,ambulance_als,Ausable Forks Volunteer Ambulance Service Corporation,PO Box 835,"Ausable Forks, NY 12912",No_Match,,,,,,,True,PO Box address -- Census geocoder cannot resolve to a street point
Essex,36031,ambulance_als,Elizabethtown Community Hospital Transport,PO Box 277,"Elizabethtown, NY 12932",No_Match,,,,,,,True,PO Box address -- Census geocoder cannot resolve to a street point
Essex,36031,ambulance_als,"Elizabethtown Lewis Emergency Squad, Inc.",PO Box 443,"Elizabethtown, NY 12932",No_Match,,,,,,,True,PO Box address -- Census geocoder cannot resolve to a street point
Essex,36031,ambulance_als,"Essex, County of",702 Stowersville Road,"Lewis, NY 12950",Match,Exact,"702 STOWERSVILLE RD, LEWIS, NY, 12950",-73.538208820369,44.282582322308,639374237,R,False,
Essex,36031,ambulance_als,"Keene Emergency Medical Services, Inc.",PO Box 136,"Keene, NY 12942",No_Match,,,,,,,True,PO Box address -- Census geocoder cannot resolve to a street point
Essex,36031,ambulance_als,Keene Valley Hose & Ladder Company,PO Box 699,"Keene Valley, NY 12943",No_Match,,,,,,,True,PO Box address -- Census geocoder cannot resolve to a street point
Essex,36031,ambulance_als,"Lake Placid Volunteer Ambulance Service, Inc.",PO Box 107,"Lake Placid, NY 12946",No_Match,,,,,,,True,PO Box address -- Census geocoder cannot resolve to a street point
Essex,36031,ambulance_als,"Schroon Lake Emergency Squad, Inc.",PO Box 774,"Schroon Lake, NY 12870",No_Match,,,,,,,True,PO Box address -- Census geocoder cannot resolve to a street point
Essex,36031,ambulance_als,Sylvamo,568 Shore Airport Rd,"Ticonderoga, NY 12883",No_Match,,,,,,,True,No match found -- verify address manually
Essex,36031,ambulance_als,"Ticonderoga Emergency Squad, Inc.",118 Champlain Avenue,"Ticonderoga, NY 12883",Match,Exact,"118 CHAMPLAIN AVE, TICONDEROGA, NY, 12883",-73.423707377352,43.84455847146,136281707,R,False,
Essex,36031,ambulance_als,"Town of Moriah Ambulance Squad, Inc.",PO Box 241,"Moriah, NY 12960",No_Match,,,,,,,True,PO Box address -- Census geocoder cannot resolve to a street point
Essex,36031,ambulance_als,"Town of Newcomb Volunteer Fire Department, Inc.,",PO Box 98,"Newcomb, NY 12852",No_Match,,,,,,,True,PO Box address -- Census geocoder cannot resolve to a street point
Essex,36031,ambulance_als,Westport Fire District,PO Box 375,"Westport, NY 12993",No_Match,,,,,,,True,PO Box address -- Census geocoder cannot resolve to a street point
Essex,36031,ambulance_als,"Willsboro-Essex EMS, Inc.",PO Box 55,"Essex, NY 12936",No_Match,,,,,,,True,PO Box address -- Census geocoder cannot resolve to a street point
Essex,36031,ambulance_als,"Wilmington Ambulance Service, Town of",P.O. Box 180,"Wilmington, NY 12997",No_Match,,,,,,,True,PO Box address -- Census geocoder cannot resolve to a street point
Franklin,36033,ambulance_als,Akwesasne Mohawk Ambulance,PO Box 912,"Akwesasne, NY 13655",No_Match,,,,,,,True,PO Box address -- Census geocoder cannot resolve to a street point
Franklin,36033,ambulance_als,"Bangor Volunteer Fire Department, Inc.",2265 State Route 11,"North Bangor, NY 12966",Match,Non_Exact,"2265 US HWY 11, NORTH BANGOR, NY, 12966",-74.419075049404,44.841055620339,173818011,L,False,
Franklin,36033,ambulance_als,Bombay Fire Corporation,PO Box 27,"Bombay, NY 12914",No_Match,,,,,,,True,PO Box address -- Census geocoder cannot resolve to a street point
Franklin,36033,ambulance_als,"Constable Volunteer Firemen, Inc.",PO Box 225,"Constable, NY 12926",No_Match,,,,,,,True,PO Box address -- Census geocoder cannot resolve to a street point
Franklin,36033,ambulance_als,"Foothills Ambulance Service, Inc.",5680 State Hwy 11,"Burke, NY 12917",Match,Non_Exact,"5680 US HWY 11, BURKE, NY, 12917",-74.141838067909,44.92159661932,173816343,R,False,
Franklin,36033,ambulance_als,"Fort Covington E.M.S., Inc.",PO Box 5,"Fort Covington, NY 12937",No_Match,,,,,,,True,PO Box address -- Census geocoder cannot resolve to a street point
Franklin,36033,ambulance_als,"Franklin First Response Agency, County of",55 Bare Hill Rd,"Malone, NY 12953",Match,Exact,"55 BARE HILL RD, MALONE, NY, 12953",-74.317629145759,44.868644594933,639375871,L,False,
Franklin,36033,ambulance_als,"Malone E.M.S., Inc.",PO Box 412,"Malone, NY 12953",No_Match,,,,,,,True,PO Box address -- Census geocoder cannot resolve to a street point
Franklin,36033,ambulance_als,"Moira EMS, Inc.",PO Box 193,"Moira, NY 12957",No_Match,,,,,,,True,PO Box address -- Census geocoder cannot resolve to a street point
Franklin,36033,ambulance_als,"North Country Life Flight, Inc.",PO Box 994,"Saranac Lake, NY 12983",No_Match,,,,,,,True,PO Box address -- Census geocoder cannot resolve to a street point
Franklin,36033,ambulance_als,"Owls Head Mountainview Volunteer Fire Company, Inc.",46 Ragged Lake Rd.,"Owls Head, NY 12969",Match,Exact,"46 RAGGED LAKE RD, OWLS HEAD, NY, 12969",-74.167082596625,44.732943572901,173821242,L,False,
Franklin,36033,ambulance_als,"Saranac Lake Volunteer Rescue Squad, Inc.",PO Box 431,"Saranac Lake, NY 12983",No_Match,,,,,,,True,PO Box address -- Census geocoder cannot resolve to a street point
Franklin,36033,ambulance_als,"St. Regis Falls Ambulance, Inc.",PO Box 186,"St. Regis Falls, NY 12980",No_Match,,,,,,,True,PO Box address -- Census geocoder cannot resolve to a street point
Franklin,36033,ambulance_als,Tupper Lake Volunteer Ambulance & Emergency Squad,PO Box 901,"Tupper Lake, NY 12986",No_Match,,,,,,,True,PO Box address -- Census geocoder cannot resolve to a street point
Franklin,36033,ambulance_als,"Westville Volunteer Firemen's Association, Inc.",3891 State Route 37,"Constable, NY 12926",Match,Exact,"3891 STATE RTE 37, CONSTABLE, NY, 12926",-74.393840819207,44.941825077782,657216557,R,False,
Fulton,36035,ambulance_als,Fulton County Emergency Management,2714 State Highway 29,"Johnstown, NY 12095",Match,Exact,"2714 STATE HWY 29, JOHNSTOWN, NY, 12095",-74.354051152169,43.015963186949,153654457,L,False,
Fulton,36035,ambulance_als,"Johnstown, City of",244 North Perry Street,"Johnstown, NY 12095",Match,Exact,"244 N PERRY ST, JOHNSTOWN, NY, 12095",-74.370370407824,43.014634004678,153637800,R,False,
Fulton,36035,ambulance_als,"Northampton Ambulance Service, Town of",PO Box 155,"Northville, NY 12134",No_Match,,,,,,,True,PO Box address -- Census geocoder cannot resolve to a street point
Genesee,36037,ambulance_als,"Bergen Fire Department, Inc.",10 Hunter Street,"Bergen, NY 14416",No_Match,,,,,,,True,No match found -- verify address manually
Genesee,36037,ambulance_als,"Bethany Volunteer Fire Company, Inc.",5253 Old Telephone Road,"East Bethany, NY 14054",Match,Exact,"5253 OLD TELEPHONE RD, EAST BETHANY, NY, 14054",-78.134802231837,42.904009554714,48140857,L,False,
Genesee,36037,ambulance_als,"Byron Fire Department No. 1, Inc.",PO Box 23610,"Byron, NY 14422",No_Match,,,,,,,True,PO Box address -- Census geocoder cannot resolve to a street point
Genesee,36037,ambulance_als,"Darien Emergency Medical Services, Inc.",PO Box 257,"Darien Center, NY 14040",No_Match,,,,,,,True,PO Box address -- Census geocoder cannot resolve to a street point
Genesee,36037,ambulance_als,"Leroy Ambulance Service, Inc.",PO Box 56,"LeRoy, NY 14482",No_Match,,,,,,,True,PO Box address -- Census geocoder cannot resolve to a street point
Genesee,36037,ambulance_als,"Six Flags Darien, LLC",PO Box 91,"Darien Center, NY 14040",No_Match,,,,,,,True,PO Box address -- Census geocoder cannot resolve to a street point
Greene,36039,ambulance_als,"Ashland, Town of",PO BOx 129,"Ashland, NY 12407",No_Match,,,,,,,True,PO Box address -- Census geocoder cannot resolve to a street point
Greene,36039,ambulance_als,"Cairo, Town of",PO Box 728,"Cairo, NY 12413",No_Match,,,,,,,True,PO Box address -- Census geocoder cannot resolve to a street point
Greene,36039,ambulance_als,"Catskill, Town of",439 Main Street,"Catskill, NY 12414",Match,Exact,"439 MAIN ST, CATSKILL, NY, 12414",-73.86634633445,42.221134346323,35672890,L,False,
Greene,36039,ambulance_als,"Coxsackie Ambulance Service, Town of",56 Bailey Street,"Coxsackie, NY 12051",Match,Exact,"56 BAILEY ST, COXSACKIE, NY, 12051",-73.819464474319,42.355447780463,35690193,R,False,
Greene,36039,ambulance_als,"Durham Ambulance, Inc.",PO Box 99,"East Durham, NY 12423",No_Match,,,,,,,True,PO Box address -- Census geocoder cannot resolve to a street point
Greene,36039,ambulance_als,"Greene County Emergency Medical Services, Inc.",P.O. Box 655,"Cairo, NY 12413",No_Match,,,,,,,True,PO Box address -- Census geocoder cannot resolve to a street point
Greene,36039,ambulance_als,"Greenville Rescue Squad, Inc.",PO Box 332,"Greenville, NY 12083",No_Match,,,,,,,True,PO Box address -- Census geocoder cannot resolve to a street point
Greene,36039,ambulance_als,"Hunter Area Ambulance Service, Town of",PO Box 70,"Tannersville, NY 12485",No_Match,,,,,,,True,PO Box address -- Census geocoder cannot resolve to a street point
Greene,36039,ambulance_als,"Lexington, Town of",PO Box 28,"Lexington, NY 12452",No_Match,,,,,,,True,PO Box address -- Census geocoder cannot resolve to a street point
Greene,36039,ambulance_als,Ski Windham Operating Corporation,PO Box 459,"Windham, NY 12496",No_Match,,,,,,,True,PO Box address -- Census geocoder cannot resolve to a street point
Greene,36039,ambulance_als,"Windham, Town of",PO Box 96,"Hensonville, NY 12439",No_Match,,,,,,,True,PO Box address -- Census geocoder cannot resolve to a street point
Hamilton,36041,ambulance_als,Indian Lake Fire District #2,PO Box 207,"Blue Mt. Lake, NY 12812",No_Match,,,,,,,True,PO Box address -- Census geocoder cannot resolve to a street point
Hamilton,36041,ambulance_als,"Indian Lake Volunteer Ambulance Corps, Inc.",PO Box 39,"Indian Lake, NY 12842",No_Match,,,,,,,True,PO Box address -- Census geocoder cannot resolve to a street point
Hamilton,36041,ambulance_als,"Inlet Volunteer Emergency Services, Inc.",PO Box 300,"Inlet, NY 13360",No_Match,,,,,,,True,PO Box address -- Census geocoder cannot resolve to a street point
Hamilton,36041,ambulance_als,"Long Lake Rescue Squad, Inc.",PO Box 415,"Long Lake, NY 12847",No_Match,,,,,,,True,PO Box address -- Census geocoder cannot resolve to a street point
Hamilton,36041,ambulance_als,"Raquette Lake Volunteer Ambulance Squad, Inc.",PO Box 125,"Raquette Lake, NY 13436",No_Match,,,,,,,True,PO Box address -- Census geocoder cannot resolve to a street point
Hamilton,36041,ambulance_als,"Speculator Volunteer Ambulance Corps, Inc.",PO Box 282,"Speculator, NY 12164",No_Match,,,,,,,True,PO Box address -- Census geocoder cannot resolve to a street point
Hamilton,36041,ambulance_als,"Wells Volunteer Ambulance Corps, Inc.",PO Box 550,"Wells, NY 12190",No_Match,,,,,,,True,PO Box address -- Census geocoder cannot resolve to a street point
Herkimer,36043,ambulance_als,Cedarville Ambulance Inc.,960 State Route 51,"Ilion, NY 13357",Match,Exact,"960 STATE RTE 51, ILION, NY, 13357",-75.113957521227,42.930884888776,153759675,R,False,
Herkimer,36043,ambulance_als,"Ilion Ambulance Department, Village of",1 Central Avenue,"Ilion, NY 13357",Match,Exact,"1 CENTRAL AVE, ILION, NY, 13357",-75.035463042136,43.015421176704,153741991,L,False,
Herkimer,36043,ambulance_als,Kuyahoora Volunteer Ambulance Corps. Inc.,PO Box 282,"Poland, NY 13431",No_Match,,,,,,,True,PO Box address -- Census geocoder cannot resolve to a street point
Herkimer,36043,ambulance_als,"Little Falls Ambulance, City of",659 East Main Street,"Little Falls, NY 13365",Match,Exact,"659 E MAIN ST, LITTLE FALLS, NY, 13365",-74.855384569237,43.044728912381,153720417,L,False,
Herkimer,36043,ambulance_als,"Mohawk Valley Ambulance Corps, Inc.",15 State Route 5S,"Mohawk, NY 13407",Match,Exact,"15 STATE RTE 5S, MOHAWK, NY, 13407",-74.995026500084,43.014427816948,633540281,R,False,
Herkimer,36043,ambulance_als,"Old Forge Volunteer Ambulance Corps., Inc.",PO Box 887,"Old Forge, NY 13420",No_Match,,,,,,,True,PO Box address -- Census geocoder cannot resolve to a street point
Herkimer,36043,ambulance_als,"West Winfield Fire Department, Village of",PO Box 308,"West Winfield, NY 13491",No_Match,,,,,,,True,PO Box address -- Census geocoder cannot resolve to a street point
Jefferson,36045,ambulance_als,Alexandria Bay Joint Fire District,110 Walton St,"Alexandria Bay, NY 13607",Match,Exact,"110 WALTON ST, ALEXANDRIA BAY, NY, 13607",-75.906524190457,44.337352801821,649965073,L,False,
Jefferson,36045,ambulance_als,"Black River Ambulance Squad, Inc.",PO Box 314,"Black River, NY 13612",No_Match,,,,,,,True,PO Box address -- Census geocoder cannot resolve to a street point
Jefferson,36045,ambulance_als,"Cape Vincent Ambulance Squad, Inc.",PO Box 835,"Cape Vincent, NY 13618",No_Match,,,,,,,True,PO Box address -- Census geocoder cannot resolve to a street point
Jefferson,36045,ambulance_als,"Carthage Area Rescue Squad, Inc.",PO Box 714,"Carthage, NY 13619",No_Match,,,,,,,True,PO Box address -- Census geocoder cannot resolve to a street point
Jefferson,36045,ambulance_als,"Evans Mills Volunteer Ambulance Squad, Inc.",PO Box 113,"Evans Mills, NY 13637",No_Match,,,,,,,True,PO Box address -- Census geocoder cannot resolve to a street point
Jefferson,36045,ambulance_als,Fort Drum Emergency Medical Services,11050 Mt. Belevedere Blvd,"Fort Drum, NY 13602",No_Match,,,,,,,True,No match found -- verify address manually
Jefferson,36045,ambulance_als,"Guilfoyle Ambulance Service, Inc.",PO Box 88,"Watertown, NY 13601",No_Match,,,,,,,True,PO Box address -- Census geocoder cannot resolve to a street point
Jefferson,36045,ambulance_als,"Henderson Fire Department, Inc.",PO Box 269,"Henderson, NY 13650",No_Match,,,,,,,True,PO Box address -- Census geocoder cannot resolve to a street point
Jefferson,36045,ambulance_als,"Indian River Ambulance Service, Inc.",6.5 Sand Street,"Philadelphia, NY 13673",Match,Non_Exact,"5 SAND ST, PHILADELPHIA, NY, 13673",-75.7072595246,44.154662198253,154282003,R,False,
Jefferson,36045,ambulance_als,"Natural Bridge Volunteer Ambulance, Inc.",P.O. Box 263,"Natural Bridge, NY 13665",No_Match,,,,,,,True,PO Box address -- Census geocoder cannot resolve to a street point
Jefferson,36045,ambulance_als,"South Jefferson Rescue Squad, Inc.",PO Box 126,"Adams, NY 13605",No_Match,,,,,,,True,PO Box address -- Census geocoder cannot resolve to a street point
Jefferson,36045,ambulance_als,"Thousand Islands Emergency Rescue Service, Inc.",PO Box 524,"Clayton, NY 13624",No_Match,,,,,,,True,PO Box address -- Census geocoder cannot resolve to a street point
Jefferson,36045,ambulance_als,"Town of Watertown Ambulance Service, Inc.",PO Box 170,"Watertown, NY 13601",No_Match,,,,,,,True,PO Box address -- Census geocoder cannot resolve to a street point
Jefferson,36045,ambulance_als,"Wellesley Island Volunteer Fire Company, Inc.",PO Box 250,"Wellesley Island, NY 13640",No_Match,,,,,,,True,PO Box address -- Census geocoder cannot resolve to a street point
Kings,36047,ambulance_als,"ALS Services, Inc.",1070 McDonald Ave,"Brooklyn, NY 11230",Match,Exact,"1070 MCDONALD AVE, BROOKLYN, NY, 11230",-73.976621473857,40.627426581219,59080801,R,False,
Kings,36047,ambulance_als,"Bedford-Stuyvesant Volunteer Ambulance Corps, Inc.",727 Greene Avenue,"Brooklyn, NY 11221",Match,Exact,"727 GREENE AVE, BROOKLYN, NY, 11221",-73.939327068165,40.689821913741,59079239,L,False,
Kings,36047,ambulance_als,"Bravo Volunteer Ambulance Service, Inc.",8507 Seventh Avenue,"Brooklyn, NY 11228",Match,Exact,"8507 7TH AVE, BROOKLYN, NY, 11228",-74.020865220459,40.619146579338,59087707,L,False,
Kings,36047,ambulance_als,Brooklyn College Emergency Medical Squad,2900 Bedford Avenue,"Brooklyn, NY 11210",Match,Exact,"2900 BEDFORD AVE, BROOKLYN, NY, 11210",-73.952792471361,40.632082841755,59081676,R,False,
Kings,36047,ambulance_als,Catskills Hatzalah Inc.,1070 McDonald Ave,"Brooklyn, NY 11230",Match,Exact,"1070 MCDONALD AVE, BROOKLYN, NY, 11230",-73.976621473857,40.627426581219,59080801,R,False,
Kings,36047,ambulance_als,"Chasdei Devorah, Inc.",1716 56th St,"Brooklyn, NY 11204",Match,Exact,"1716 56TH ST, BROOKLYN, NY, 11204",-73.986791342869,40.625349818628,59097968,R,False,
Kings,36047,ambulance_als,"Chevra Hatzalah, Inc.",1070 McDonald Ave,"Brooklyn, NY 11230",Match,Exact,"1070 MCDONALD AVE, BROOKLYN, NY, 11230",-73.976621473857,40.627426581219,59080801,R,False,
Kings,36047,ambulance_als,"Community Care EMS, LLC",2593 West 13th Street,"Brooklyn, NY 11218",Match,Non_Exact,"2593 W 13TH ST, BROOKLYN, NY, 11223",-73.981947914884,40.584866446474,59090808,L,False,
Kings,36047,ambulance_als,"Crest Transportation Services, Inc.",4420 Farragut Road,"Brooklyn, NY 11203",Match,Exact,"4420 FARRAGUT RD, BROOKLYN, NY, 11203",-73.934389262577,40.637056411015,59082095,R,False,
Kings,36047,ambulance_als,East Midwood Volunteer Ambulance Corps,1721 47th street #3,"Brooklyn, NY 11218",Match,Non_Exact,"1721 47TH ST, BROOKLYN, NY, 11204",-73.981392430118,40.630445722273,59080704,L,False,
Kings,36047,ambulance_als,Fire Department of New York (aka: FDNY),9 Metrotech Ctr 7th Fl Rm 7N23,"Brooklyn, NY 11201",Match,Exact,"9 METROTECH CENTER, BROOKLYN, NY, 11201",-73.985311276304,40.694415644423,59098945,R,False,
Kings,36047,ambulance_als,"Flatlands Vol. Ambulance and First Aid Corps, Inc.",4623 Avenue N,"Brooklyn, NY 11234",Match,Exact,"4623 AVENUE N, BROOKLYN, NY, 11234",-73.930507398823,40.618784686759,59092342,L,False,
Kings,36047,ambulance_als,"Gerrittsen Beach Fire Volunteers, Inc.",52 Seba Avenue,"Brooklyn, NY 11229",Match,Exact,"52 SEBA AVE, BROOKLYN, NY, 11229",-73.922161610832,40.588231506911,59093156,R,False,
Kings,36047,ambulance_als,"Instacare 1, LLC",2593 West 13th Street,"Brooklyn, NY 11218",Match,Non_Exact,"2593 W 13TH ST, BROOKLYN, NY, 11223",-73.981947914884,40.584866446474,59090808,L,False,
Kings,36047,ambulance_als,"Instacare 1, LLC",2593 West 13th Street,"Brooklyn, NY 11223",Match,Exact,"2593 W 13TH ST, BROOKLYN, NY, 11223",-73.981947914884,40.584866446474,59090808,L,False,
Kings,36047,ambulance_als,Maimonides Medical Center,4802 10th Avenue,"Brooklyn, NY 11219",No_Match,,,,,,,True,No match found -- verify address manually
Kings,36047,ambulance_als,New York City Police Department - Emergency Service Unit,Floyd Bennett Field,"Brooklyn, NY 11234",No_Match,,,,,,,True,No match found -- verify address manually
Kings,36047,ambulance_als,NYPD Aviation Unit,50 Aviation Road,"Brooklyn, NY 11234",Match,Exact,"50 AVIATION RD, BROOKLYN, NY, 11234",-73.887203910841,40.580352953165,648120262,L,False,
Kings,36047,ambulance_als,NYU Langone Hospitals,150 55th Street,"Brooklyn, NY 11220",Match,Exact,"150 55TH ST, BROOKLYN, NY, 11220",-74.020965100023,40.646899541107,59094072,R,False,
Kings,36047,ambulance_als,"Park Slope Volunteer Ambulance Corps, Inc.",PO Box 150210,"Brooklyn, NY 11215",No_Match,,,,,,,True,PO Box address -- Census geocoder cannot resolve to a street point
Kings,36047,ambulance_als,Wyckoff Heights Medical Center Ambulance Service,374 Stockholm Street,"Brooklyn, NY 11237",Match,Exact,"374 STOCKHOLM ST, BROOKLYN, NY, 11237",-73.917336015229,40.704913368642,59082474,R,False,
Lewis,36049,ambulance_als,"Beaver Falls Fire Department, Inc.",PO Box 456,"Beaver Falls, NY 13305",No_Match,,,,,,,True,PO Box address -- Census geocoder cannot resolve to a street point
Lewis,36049,ambulance_als,"Constableville Ambulance, Inc.",PO Box 438,"Constableville, NY 13325",No_Match,,,,,,,True,PO Box address -- Census geocoder cannot resolve to a street point
Lewis,36049,ambulance_als,"J.S. Koster Hose Company, Inc.",PO Box 652,"Port Leyden, NY 13433",No_Match,,,,,,,True,PO Box address -- Census geocoder cannot resolve to a street point
Lewis,36049,ambulance_als,"Lewis County Search and Rescue, Inc.",P.O. Box 247,"Lowville, NY 13367",No_Match,,,,,,,True,PO Box address -- Census geocoder cannot resolve to a street point
Lewis,36049,ambulance_als,"Lyons Falls Fire Department, Village of",PO Box 520,"Lyons Falls, NY 13368",No_Match,,,,,,,True,PO Box address -- Census geocoder cannot resolve to a street point
Lewis,36049,ambulance_als,"Osceola Ambulance Service, Town of",1426 Osceola Rd,"Camden, NY 13316",Match,Exact,"1426 OSCEOLA RD, CAMDEN, NY, 13316",-75.719250907295,43.499938933912,640617302,R,False,
Lewis,36049,ambulance_als,Turin Ambulance Inc.,4239 St Hwy 26,"Turin, NY 13473",Match,Exact,"4239 STATE RTE 26, TURIN, NY, 13473",-75.412005838905,43.629129641234,155034149,L,False,
Lewis,36049,ambulance_als,"West Leyden Volunteer Ambulance Company, Inc",P.O. Box 205,"West Leyden, NY 13489",No_Match,,,,,,,True,PO Box address -- Census geocoder cannot resolve to a street point
Livingston,36051,ambulance_als,"Dansville Emergency Medical Services Dept., Village of",18 Ossian Street,"Dansville, NY 14437",Match,Exact,"18 OSSIAN ST, DANSVILLE, NY, 14437",-77.697857791365,42.560492554464,14469022,L,False,
Livingston,36051,ambulance_als,"Geneseo Fire Department, Village of",119 Main Street,"Geneseo, NY 14454",Match,Exact,"119 MAIN ST, GENESEO, NY, 14454",-77.816977488861,42.795179982102,14461931,R,False,
Livingston,36051,ambulance_als,"Lima Volunteer Ambulance, Village of",PO Box 335,"Lima, NY 14485",No_Match,,,,,,,True,PO Box address -- Census geocoder cannot resolve to a street point
Livingston,36051,ambulance_als,"Livingston, County of",3360 Gypsy Lane,"Mount Morris, NY 14510",Match,Exact,"3360 GYPSY LN, MOUNT MORRIS, NY, 14510",-77.828918762801,42.73371605896,14474487,L,False,
Livingston,36051,ambulance_als,Mount Morris Town Ambulance,103 Main Street,"Mt. Morris, NY 14510",Match,Exact,"103 MAIN ST, MOUNT MORRIS, NY, 14510",-77.873334354764,42.724594360376,14464951,R,False,
Livingston,36051,ambulance_als,"Nunda Fire Company, Inc.",PO Box 652,"Nunda, NY 14517",No_Match,,,,,,,True,PO Box address -- Census geocoder cannot resolve to a street point
Livingston,36051,ambulance_als,Town of Livonia Ambulance District #1,P.O. Box 108,"Livonia, NY 14487",No_Match,,,,,,,True,PO Box address -- Census geocoder cannot resolve to a street point
Madison,36053,ambulance_als,"Cazenovia Area Volunteer Ambulance Corps, Inc.",106 Nelson Street,"Cazenovia, NY 13035",Match,Exact,"106 NELSON ST, CAZENOVIA, NY, 13035",-75.842587031828,42.926485648531,46524931,L,False,
Madison,36053,ambulance_als,"Georgetown Emergency Squad, Town of",PO Box 187,"Georgetown, NY 13072",No_Match,,,,,,,True,PO Box address -- Census geocoder cannot resolve to a street point
Madison,36053,ambulance_als,"Greater Lenox Ambulance Service, Inc.",PO Box 382,"Canastota, NY 13032",No_Match,,,,,,,True,PO Box address -- Census geocoder cannot resolve to a street point
Madison,36053,ambulance_als,"Madison Ambulance, Village of",P.O. Box 333,"Madison, NY 13402",No_Match,,,,,,,True,PO Box address -- Census geocoder cannot resolve to a street point
Madison,36053,ambulance_als,Madison County EMS,PO BOX 577,"Wampsville, NY 13163",No_Match,,,,,,,True,PO Box address -- Census geocoder cannot resolve to a street point
Madison,36053,ambulance_als,"Oneida Fire Department, City of",109 North Main Street,"Oneida, NY 13421",Match,Exact,"109 N MAIN ST, ONEIDA, NY, 13421",-75.652806232939,43.096486966424,46506469,L,False,
Madison,36053,ambulance_als,"Smithfield Eaton Volunteer Ambulance Corp, Inc.",PO Box 1030,"Morrisville, NY 13408",No_Match,,,,,,,True,PO Box address -- Census geocoder cannot resolve to a street point
Madison,36053,ambulance_als,"Vineall Ambulance, Inc.",PO Box 85,"Oneida, NY 13421",No_Match,,,,,,,True,PO Box address -- Census geocoder cannot resolve to a street point
Monroe,36055,ambulance_als,Barnard Fire District,3084 Dewey Avenue,"Rochester, NY 14616",Match,Exact,"3084 DEWEY AVE, ROCHESTER, NY, 14616",-77.64330175728,43.225640705803,14527509,R,False,
Monroe,36055,ambulance_als,"Beacon Transportation, Inc.",811 West Avenue,"Rochester, NY 14611",Match,Exact,"811 WEST AVE, ROCHESTER, NY, 14611",-77.659963135401,43.14989443428,14532766,L,False,
Monroe,36055,ambulance_als,"Brighton Volunteer Ambulance, Inc.",1551 South Winton Road,"Rochester, NY 14618",Match,Exact,"1551 S WINTON RD, ROCHESTER, NY, 14618",-77.571793473872,43.115389668433,14541486,R,False,
Monroe,36055,ambulance_als,"Brockport Volunteer Ambulance Corps, Inc.",3 Burroughs Terrace,"Brockport, NY 14420",Match,Exact,"3 BURROUGHS TER, BROCKPORT, NY, 14420",-77.936877422621,43.209490157278,14524179,R,False,
Monroe,36055,ambulance_als,"CHS Mobile Integrated Healthcare, Inc.",280 Calkins Road,"Rochester, NY 14623",Match,Exact,"280 CALKINS RD, ROCHESTER, NY, 14623",-77.632310613549,43.068317723705,14535200,L,False,
Monroe,36055,ambulance_als,"CHS Mobile Integrated Healthcare, Inc.",280 Calkins Road,"Rochester, NY 14623",Match,Exact,"280 CALKINS RD, ROCHESTER, NY, 14623",-77.632310613549,43.068317723705,14535200,L,False,
Monroe,36055,ambulance_als,"Gates Volunteer Ambulance Service, Inc.",1001 Elmgrove Road,"Rochester, NY 14624",Match,Exact,"1001 ELMGROVE RD, ROCHESTER, NY, 14624",-77.732435744023,43.146743434586,14575640,R,False,
Monroe,36055,ambulance_als,"Gates Volunteer Ambulance Service, Inc.",1001 Elmgrove Road,"Rochester, NY 14624",Match,Exact,"1001 ELMGROVE RD, ROCHESTER, NY, 14624",-77.732435744023,43.146743434586,14575640,R,False,
Monroe,36055,ambulance_als,"Honeoye Falls Ambulance, Village of",5 East Street,"Honeoye Falls, NY 14472",Match,Exact,"5 EAST ST, HONEOYE FALLS, NY, 14472",-77.590148647463,42.952340935301,14549060,R,False,
Monroe,36055,ambulance_als,"Irondequoit Ambulance, Inc.",2330 Norton Street,"Rochester, NY 14609",Match,Exact,"2330 NORTON ST, ROCHESTER, NY, 14609",-77.558868441459,43.188283922736,657455882,L,False,
Monroe,36055,ambulance_als,"Irondequoit Ambulance, Inc.",2330 Norton Street,"Rochester, NY 14609",Match,Exact,"2330 NORTON ST, ROCHESTER, NY, 14609",-77.558868441459,43.188283922736,657455882,L,False,
Monroe,36055,ambulance_als,"Monroe Medi-Trans, Inc.",1669 Lyell Avenue,"Rochester, NY 14606",Match,Exact,"1669 LYELL AVE, ROCHESTER, NY, 14606",-77.670927465292,43.164642552426,14530261,L,False,
Monroe,36055,ambulance_als,"Monroe Medi-Trans, Inc.",1669 Lyell Ave.,"Rochester, NY 14606",Match,Exact,"1669 LYELL AVE, ROCHESTER, NY, 14606",-77.670927465292,43.164642552426,14530261,L,False,
Monroe,36055,ambulance_als,"Monroe Medi-Trans, Inc.",1669 Lyell Avenue,"Rochester, NY 14606",Match,Exact,"1669 LYELL AVE, ROCHESTER, NY, 14606",-77.670927465292,43.164642552426,14530261,L,False,
Monroe,36055,ambulance_als,"National Ambulance & Oxygen Service, Inc.",811 West Avenue,"Rochester, NY 14611",Match,Exact,"811 WEST AVE, ROCHESTER, NY, 14611",-77.659963135401,43.14989443428,14532766,L,False,
Monroe,36055,ambulance_als,"National Ambulance & Oxygen Service, Inc.",811 West Avenue,"Rochester, NY 14611",Match,Exact,"811 WEST AVE, ROCHESTER, NY, 14611",-77.659963135401,43.14989443428,14532766,L,False,
Monroe,36055,ambulance_als,"Northeast Quadrant ALS, Inc.",PO Box 905,"Webster, NY 14580",No_Match,,,,,,,True,PO Box address -- Census geocoder cannot resolve to a street point
Monroe,36055,ambulance_als,"Perinton Volunteer Ambulance Corps, Inc.",1400 Turk Hill Road,"Fairport, NY 14450",Match,Exact,"1400 TURK HILL RD, FAIRPORT, NY, 14450",-77.432021837387,43.080951725848,648141899,L,False,
Monroe,36055,ambulance_als,"Pittsford Volunteer Ambulance Service, Inc.",40 Tobey Road,"Pittsford, NY 14534",Match,Exact,"40 TOBEY RD, PITTSFORD, NY, 14534",-77.537871218253,43.08365698985,657457138,L,False,
Monroe,36055,ambulance_als,"Pittsford Volunteer Ambulance Service, Inc.",40 Tobey Rd,"Pittsford, NY 14534",Match,Exact,"40 TOBEY RD, PITTSFORD, NY, 14534",-77.537871218253,43.08365698985,657457138,L,False,
Monroe,36055,ambulance_als,Rochester Institute of Technology Ambulance,117 Lomb Memorial Drive,"Rochester, NY 14623",Match,Exact,"117 LOMB MEMORIAL DR, ROCHESTER, NY, 14623",-77.675056013032,43.090714787723,14573025,R,False,
Monroe,36055,ambulance_als,Rush Fire District,1971 Rush-Mendon Road,"Rush, NY 14543",Match,Exact,"1971 RUSH MENDON RD, RUSH, NY, 14543",-77.642980939477,42.995768614139,14548830,R,False,
Monroe,36055,ambulance_als,Sea Breeze Fire District,4657 Culver Road,"Rochester, NY 14622",Match,Exact,"4657 CULVER RD, ROCHESTER, NY, 14622",-77.543609129488,43.234311055398,14536413,L,False,
Monroe,36055,ambulance_als,"The Penfield Volunteer Emergency Ambulance Service, Inc.",PO Box 220,"Penfield, NY 14526",No_Match,,,,,,,True,PO Box address -- Census geocoder cannot resolve to a street point
Monroe,36055,ambulance_als,"Webster Emergency Medical Service, Town of",PO Box 905,"Webster, NY 14580",No_Match,,,,,,,True,PO Box address -- Census geocoder cannot resolve to a street point
Montgomery,36057,ambulance_als,"Amsterdam, City of",10 Guy Park Ave Ext,"Amsterdam, NY 12010",Match,Non_Exact,"10 GUY PARK AVE, AMSTERDAM, NY, 12010",-74.192638375401,42.93972428266,18616473,L,False,
Montgomery,36057,ambulance_als,"Amsterdam, City of",PubSafBld 10 Guy Park Ave Ext,"Amsterdam, NY 12010",Match,Non_Exact,"10 GUY PARK AVE, AMSTERDAM, NY, 12010",-74.192638375401,42.93972428266,18616473,L,False,
Montgomery,36057,ambulance_als,Montgomery County EMS,PO Box 432,"Fultonville, NY 12072",No_Match,,,,,,,True,PO Box address -- Census geocoder cannot resolve to a street point
Montgomery,36057,ambulance_als,Priority Ambulance New York LLC,PO Box 878,"Amsterdam, NY 12010",No_Match,,,,,,,True,PO Box address -- Census geocoder cannot resolve to a street point
Montgomery,36057,ambulance_als,"St. Johnsville Volunteer Ambulance Corps, Inc.",PO Box 296,"St. Johnsville, NY 13452",No_Match,,,,,,,True,PO Box address -- Census geocoder cannot resolve to a street point
Nassau,36059,ambulance_als,"Alamo Ambulance Service, Inc.",15 Burke Lane,"Syosset, NY 11791",Match,Exact,"15 BURKE LN, SYOSSET, NY, 11791",-73.506838877696,40.810642475101,147640129,L,False,
Nassau,36059,ambulance_als,Atlantic Beach Fire District,PO Box 95,"Atlantic Beach, NY 11509",No_Match,,,,,,,True,PO Box address -- Census geocoder cannot resolve to a street point
Nassau,36059,ambulance_als,Baldwin Fire District,2386 Grand Avenue,"Baldwin, NY 11510",Match,Exact,"2386 GRAND AVE, BALDWIN, NY, 11510",-73.611563116714,40.652542916726,640606689,R,False,
Nassau,36059,ambulance_als,"Bayville Fire Company, Inc.",258 Bayville Avenue,"Bayville, NY 11709",Match,Exact,"258 BAYVILLE AVE, BAYVILLE, NY, 11709",-73.550430068587,40.907194214263,147655044,R,False,
Nassau,36059,ambulance_als,Bellmore Fire District,230 Pettit Avenue,"Bellmore, NY 11710",Match,Exact,"230 PETTIT AVE, BELLMORE, NY, 11710",-73.529401742616,40.669051537822,147637111,L,False,
Nassau,36059,ambulance_als,"Bellmore-Merrick E.M.S., Inc.",PO Box 8,"Bellmore, NY 11710",No_Match,,,,,,,True,PO Box address -- Census geocoder cannot resolve to a street point
Nassau,36059,ambulance_als,Bethpage Fire District,225 Broadway,"Bethpage, NY 11714",Match,Exact,"225 BROADWAY, BETHPAGE, NY, 11714",-73.479647364947,40.738738021766,147645866,L,False,
Nassau,36059,ambulance_als,"Carle Place Hook, Ladder & Hose Co. No. 1",PO Box 22,"Carle Place, NY 11514",No_Match,,,,,,,True,PO Box address -- Census geocoder cannot resolve to a street point
Nassau,36059,ambulance_als,East Meadow Fire District,197 East Meadow Avenue,"East Meadow, NY 11554",Match,Exact,"197 E MEADOW AVE, EAST MEADOW, NY, 11554",-73.563392233567,40.719240047355,147632385,L,False,
Nassau,36059,ambulance_als,"East Norwich Volunteer Fire Company No. 1, Inc.",900 Oyster Bay Road,"East Norwich, NY 11732",Match,Exact,"900 OYSTER BAY RD, EAST NORWICH, NY, 11732",-73.534966078462,40.846680352071,147624518,L,False,
Nassau,36059,ambulance_als,"East Rockaway Fire Department, Village of",PO Box 203,"East Rockaway, NY 11518",No_Match,,,,,,,True,PO Box address -- Census geocoder cannot resolve to a street point
Nassau,36059,ambulance_als,Elmont Fire District Ambulance,100 School Road,"Elmont, NY 11003",Match,Exact,"100 SCHOOL RD, ELMONT, NY, 11003",-73.708361217823,40.707642577471,147665406,R,False,
Nassau,36059,ambulance_als,"Farmingdale, Village of",361 Main Street,"Farmingdale, NY 11735",Match,Exact,"361 MAIN ST, FARMINGDALE, NY, 11735",-73.445527017194,40.731273526474,147650446,L,False,
Nassau,36059,ambulance_als,"Floral Park Volunteer Fire Department, Village of",1 Floral Boulevard,"Floral Park, NY 11001",Match,Exact,"1 FLORAL BLVD, FLORAL PARK, NY, 11001",-73.705438238043,40.723745247126,147833659,R,False,
Nassau,36059,ambulance_als,Franklin Square and Munson Fire District,833 Hempstead Turnpike,"Franklin Square, NY 11010",Match,Exact,"833 HEMPSTEAD TPKE, FRANKLIN SQUARE, NY, 11010",-73.670746653921,40.70690420727,147821597,L,False,
Nassau,36059,ambulance_als,"Freeport Fire Department, Village of",PO Box 290,"Freeport, NY 11520",No_Match,,,,,,,True,PO Box address -- Census geocoder cannot resolve to a street point
Nassau,36059,ambulance_als,"Friendship Engine and Hose Company, Inc.",2075 Meadowbrook Road,"Merrick, NY 11566",Match,Exact,"2075 MEADOWBROOK RD, MERRICK, NY, 11566",-73.565618208376,40.665238742019,147832572,L,False,
Nassau,36059,ambulance_als,Garden City Park Fire District,333 Marcus Ave,"New Hyde Park, NY 11040",Match,Exact,"333 MARCUS AVE, NEW HYDE PARK, NY, 11040",-73.672059630156,40.749908434506,638147944,L,False,
Nassau,36059,ambulance_als,"Glen Cove Volunteer EMS Corps, City of",8 Glen Cove Street- City Hall,"Glen Cove, NY 11542",Match,Non_Exact,"8 COVE ST, GLEN COVE, NY, 11542",-73.626618116588,40.863666908476,147658206,R,False,
Nassau,36059,ambulance_als,"Glenwood H&L-E&H Company, Inc.",PO Box 403,"Glenwood Landing, NY 11547",No_Match,,,,,,,True,PO Box address -- Census geocoder cannot resolve to a street point
Nassau,36059,ambulance_als,Hempstead Fire Department Rescue Squad No. 1,75 Clinton Street,"Hempstead, NY 11550",Match,Exact,"75 CLINTON ST, HEMPSTEAD, NY, 11550",-73.619383268291,40.708683385764,147627305,L,False,
Nassau,36059,ambulance_als,Hewlett Bay Fire District,25 Franklin Avenue,"Hewlett, NY 11557",Match,Exact,"25 FRANKLIN AVE, HEWLETT, NY, 11557",-73.701891636709,40.635971644332,147677850,R,False,
Nassau,36059,ambulance_als,Hicksville Fire District,20 East Marie Street,"Hicksville, NY 11801",Match,Exact,"20 E MARIE ST, HICKSVILLE, NY, 11801",-73.521980446883,40.767987891056,637935492,L,False,
Nassau,36059,ambulance_als,Inwood Fire District,188 Doughty Boulevard,"Inwood, NY 11096",Match,Exact,"188 DOUGHTY BLVD, INWOOD, NY, 11096",-73.746558838475,40.616581929762,147657106,R,False,
Nassau,36059,ambulance_als,"Island Park Vol Fire Department, Village of",127 Long Beach Road,"Island Park, NY 11558",No_Match,,,,,,,True,No match found -- verify address manually
Nassau,36059,ambulance_als,Jericho Fire Department,424 North Broadway,"Jericho, NY 11753",Match,Exact,"424 N BROADWAY, JERICHO, NY, 11753",-73.535853655062,40.788352960664,642871242,L,False,
Nassau,36059,ambulance_als,Lakeview Fire District,895 Woodfield Road,"West Hempstead, NY 11552",Match,Exact,"895 WOODFIELD RD, WEST HEMPSTEAD, NY, 11552",-73.653047944985,40.680021983236,147674752,L,False,
Nassau,36059,ambulance_als,"Lawrence Cedarhurst Rescue, Inc.",71 Washington Ave,"Lawrence, NY 11559",Match,Exact,"71 WASHINGTON AVE, LAWRENCE, NY, 11559",-73.726510926164,40.618773084832,147677968,L,False,
Nassau,36059,ambulance_als,Levittown Fire District,120 Gardiners Avenue,"Levittown, NY 11756",Match,Exact,"120 GARDINERS AVE, LEVITTOWN, NY, 11756",-73.514984914376,40.723962187626,147833862,R,False,
Nassau,36059,ambulance_als,Lido and Point Lookout Fire District,PO Box 44,"Point Lookout, NY 11569",No_Match,,,,,,,True,PO Box address -- Census geocoder cannot resolve to a street point
Nassau,36059,ambulance_als,Locust Valley Fire District,228 Buckram Road,"Locust Valley, NY 11560",Match,Exact,"228 BUCKRAM RD, LOCUST VALLEY, NY, 11560",-73.589556563593,40.878755475438,647180005,R,False,
Nassau,36059,ambulance_als,"Long Beach Fire Department, City of",1 West Chester Street,"Long Beach, NY 11561",Match,Exact,"1 W CHESTER ST, LONG BEACH, NY, 11561",-73.6659822003,40.589446739669,147682081,R,False,
Nassau,36059,ambulance_als,Long Island Jewish Medical Center,270-05 76th Avenue,"New Hyde Park, NY 11040",Match,Exact,"270-05 76TH AVE, NEW HYDE PARK, NY, 11040",-73.706882858069,40.753333877156,59724527,L,False,
Nassau,36059,ambulance_als,"Lynbrook FD Emergency Medical Co. #1, Inc.",160 Vincent Avenue,"Lynbrook, NY 11563",Match,Exact,"160 VINCENT AVE, LYNBROOK, NY, 11563",-73.667041094908,40.656585900976,147675283,R,False,
Nassau,36059,ambulance_als,Manhasset-Lakeville Fire District,170 East Shore Road,"Great Neck, NY 11023",Match,Exact,"170 E SHORE RD, GREAT NECK, NY, 11023",-73.711934221569,40.793017879345,147660109,R,False,
Nassau,36059,ambulance_als,Massapequa Fire District,1 Brooklyn Avenue,"Massapequa, NY 11758",Match,Exact,"1 BROOKLYN AVE, MASSAPEQUA, NY, 11758",-73.481439304375,40.676859592641,147649138,L,False,
Nassau,36059,ambulance_als,"Meadowmere Park Volunteer Fire Department, Inc.",14 Meyer Avenue,"Lawrence, NY 11559",Match,Exact,"14 MEYER AVE, LAWRENCE, NY, 11559",-73.743284764494,40.637089536349,147656679,L,False,
Nassau,36059,ambulance_als,Med-Trans Corporation,1000 New Highway Hangar 86A,"Farmingdale, NY 11735",No_Match,,,,,,,True,No match found -- verify address manually
Nassau,36059,ambulance_als,"Mineola Volunteer Ambulance Corps, Inc.",P.O. Box 587,"Mineola, NY 11501",No_Match,,,,,,,True,PO Box address -- Census geocoder cannot resolve to a street point
Nassau,36059,ambulance_als,Nassau County Police Department,1490 Franklin Avenue,"Mineola, NY 11501",Match,Exact,"1490 FRANKLIN AVE, MINEOLA, NY, 11501",-73.638119151589,40.735804070935,147672948,L,False,
Nassau,36059,ambulance_als,Nassau University Medical Center,2201 Hempstead Trnpke Box 87,"East Meadow, NY 11554",Match,Exact,"2201 HEMPSTEAD TPKE, EAST MEADOW, NY, 11554",-73.555688804991,40.725297323147,657116923,L,False,
Nassau,36059,ambulance_als,New Hyde Park Fire District,1555 Jericho Turnpike,"New Hyde Park, NY 11040",Match,Exact,"1555 JERICHO TPKE, NEW HYDE PARK, NY, 11040",-73.678216858632,40.734104645068,147666315,L,False,
Nassau,36059,ambulance_als,North Bellmore Fire District,1500 Newbridge Road,"North Bellmore, NY 11710",Match,Exact,"1500 NEWBRIDGE RD, NORTH BELLMORE, NY, 11710",-73.540175755141,40.684016547717,147636180,R,False,
Nassau,36059,ambulance_als,North Massapequa Fire District,960 Hicksville Road,"Seaford, NY 11783",No_Match,,,,,,,True,No match found -- verify address manually
Nassau,36059,ambulance_als,"North Merrick Fire Department, Inc.",2095 Camp Avenue,"North Merrick, NY 11566",Match,Exact,"2095 CAMP AVE, NORTH MERRICK, NY, 11566",-73.558284589429,40.676810542258,147635443,L,False,
Nassau,36059,ambulance_als,North Shore University Hospital Ambulance Service,15 Burke Lane,"Syosset, NY 11791",Match,Exact,"15 BURKE LN, SYOSSET, NY, 11791",-73.506838877696,40.810642475101,147640129,L,False,
Nassau,36059,ambulance_als,Oceanside Fire District,65 Foxhurst Road,"Oceanside, NY 11572",Match,Exact,"65 FOXHURST RD, OCEANSIDE, NY, 11572",-73.636282223659,40.645765843727,147681311,L,False,
Nassau,36059,ambulance_als,Oyster Bay Fire Co No 1 Inc,P.O. Box 448,"Oyster Bay, NY 11771",No_Match,,,,,,,True,PO Box address -- Census geocoder cannot resolve to a street point
Nassau,36059,ambulance_als,"Plainview Fire Department, Inc",885 Old Country Road,"Plainview, NY 11803",Match,Exact,"885 OLD COUNTRY RD, PLAINVIEW, NY, 11803",-73.477668982896,40.77448388706,147642769,R,False,
Nassau,36059,ambulance_als,"Port Washington Fire Department, Inc.",65 Harbor Road,"Port Washington, NY 11050",Match,Exact,"65 HARBOR RD, PORT WASHINGTON, NY, 11050",-73.696938382959,40.83989450281,147658858,L,False,
Nassau,36059,ambulance_als,"Rescue Hook & Ladder Co. #1, Roslyn, NY",155 Mineola Avenue,"Roslyn Heights, NY 11577",Match,Exact,"155 MINEOLA AVE, ROSLYN HEIGHTS, NY, 11577",-73.6500238064,40.787050727411,147827335,R,False,
Nassau,36059,ambulance_als,"Rockville Centre Fire Department, Village of",58 North Centre Avenue,"Rockville Centre, NY 11570",Match,Exact,"58 N CENTRE AVE, ROCKVILLE CENTRE, NY, 11570",-73.6497888395,40.659526016415,147693163,L,False,
Nassau,36059,ambulance_als,Roosevelt Fire District,PO Box 501,"Roosevelt, NY 11575",No_Match,,,,,,,True,PO Box address -- Census geocoder cannot resolve to a street point
Nassau,36059,ambulance_als,"Sea Cliff Fire Department, Village of",67 Roslyn Avenue,"Sea Cliff, NY 11579",Match,Exact,"67 ROSLYN AVE, SEA CLIFF, NY, 11579",-73.644785415075,40.848702408694,147661566,L,False,
Nassau,36059,ambulance_als,Seaford Fire District,2170 Southard Avenue,"Seaford, NY 11783",Match,Exact,"2170 SOUTHARD AVE, SEAFORD, NY, 11783",-73.488558752464,40.668149592717,147648859,R,False,
Nassau,36059,ambulance_als,South Farmingdale Fire District,819 Main St,"South Farmingdale, NY 11735",Match,Exact,"819 MAIN ST, SOUTH FARMINGDALE, NY, 11735",-73.438550503286,40.719066843309,147650730,L,False,
Nassau,36059,ambulance_als,"South Floral Park Fire Department, Village of",383 Roquette Ave,"South Floral Park, NY 11001",Match,Exact,"383 ROQUETTE AVE, SOUTH FLORAL PARK, NY, 11001",-73.700257347587,40.714256001597,147666621,R,False,
Nassau,36059,ambulance_als,South Hempstead Fire District,555 May Street,"South Hempstead, NY 11550",Match,Exact,"555 MAY ST, SOUTH HEMPSTEAD, NY, 11550",-73.619625657487,40.68381891466,147628963,L,False,
Nassau,36059,ambulance_als,Stewart Manor Fire Department,120 Covert  Avenue,"Stewart Manor, NY 11530",Match,Exact,"120 COVERT AVE, STEWART MANOR, NY, 11530",-73.688807085459,40.719434445576,147666977,L,False,
Nassau,36059,ambulance_als,Syosset Fire District,50 Cold Spring Road,"Syosset, NY 11791",Match,Exact,"50 COLD SPRING RD, SYOSSET, NY, 11791",-73.499700766295,40.826492374908,147640033,R,False,
Nassau,36059,ambulance_als,Uniondale Fire District,PO Box 248,"Uniondale, NY 11553",No_Match,,,,,,,True,PO Box address -- Census geocoder cannot resolve to a street point
Nassau,36059,ambulance_als,"Valley Stream Fire Department, Village of",123 S Central Ave,"Valley Stream, NY 11582",Match,Non_Exact,"123 S CENTRAL AVE, VALLEY STREAM, NY, 11580",-73.708526529638,40.663594725818,635437334,L,False,
Nassau,36059,ambulance_als,"Vigilant Engine and Hook and Ladder Co., Inc.",83 Cuttermill Road,"Great Neck, NY 11021",Match,Exact,"83 CUTTERMILL RD, GREAT NECK, NY, 11021",-73.731981125617,40.784941431603,147656384,R,False,
Nassau,36059,ambulance_als,Wantagh Fire District,2045 Wantagh Ave,"Wantagh, NY 11793",Match,Exact,"2045 WANTAGH AVE, WANTAGH, NY, 11793",-73.510521447261,40.670143429917,147647511,L,False,
Nassau,36059,ambulance_als,Wantagh Levittown Volunteer Ambulance Corp.,PO Box 94,"Levittown, NY 11756",No_Match,,,,,,,True,PO Box address -- Census geocoder cannot resolve to a street point
Nassau,36059,ambulance_als,West Hempstead Fire District,295 Hempstead Turnpike,"West Hempstead, NY 11552",Match,Exact,"295 HEMPSTEAD TPKE, WEST HEMPSTEAD, NY, 11552",-73.649949746382,40.704990437035,147673460,L,False,
Nassau,36059,ambulance_als,Westbury Fire District,160 Drexel Avenue,"Westbury, NY 11590",Match,Exact,"160 DREXEL AVE, WESTBURY, NY, 11590",-73.592103797391,40.757743865969,147623975,R,False,
Nassau,36059,ambulance_als,"Williston Park Fire Department, Village of",454 Willis Avenue,"Williston Park, NY 11596",Match,Exact,"454 WILLIS AVE, WILLISTON PARK, NY, 11596",-73.644772943449,40.755775255859,147834415,R,False,
Nassau,36059,ambulance_als,Woodmere Fire District,20 Irving Place,"Woodmere, NY 11598",Match,Exact,"20 IRVING PL, WOODMERE, NY, 11598",-73.708094905048,40.63081563314,640607160,R,False,
New York,36061,ambulance_als,"Ambulnz NY6, LLC",685 3rd Ave,"New York, NY 10017",Match,Exact,"685 3RD AVE, NEW YORK, NY, 10017",-73.973666162866,40.751725452378,59658708,R,False,
New York,36061,ambulance_als,"Central Park Medical Unit, Inc.",PO Box 440 Gracie Station,"New York, NY 10028",No_Match,,,,,,,True,PO Box address -- Census geocoder cannot resolve to a street point
New York,36061,ambulance_als,Columbia University Emergency Medical Service,1116 Amsterdam Wallach Ste.125,"New York, NY 10027",Match,Non_Exact,"1116 AMSTERDAM AVE, NEW YORK, NY, 10027",-73.961728575852,40.806007289411,59656863,L,False,
New York,36061,ambulance_als,GMR Event Services LLC,244 W 54th Street Suite 503,"New York City, NY 10019",Match,Exact,"244 W 54TH ST, NEW YORK, NY, 10019",-73.98291788355,40.764155435937,59655264,L,False,
New York,36061,ambulance_als,Lenox Hill Hospital,15 Burke Lane,"Syosset, NY 11791",Match,Exact,"15 BURKE LN, SYOSSET, NY, 11791",-73.506838877696,40.810642475101,147640129,L,False,
New York,36061,ambulance_als,Mount Sinai Hospital,1000 Tenth Avenue,"New York, NY 10019",Match,Exact,"1000 10TH AVE, NEW YORK, NY, 10019",-73.987771442474,40.770079506677,59655131,R,False,
New York,36061,ambulance_als,New York Presbyterian EMS,"525 E 68th Street, Room M-101","New York, NY 10021",Match,Non_Exact,"525 E 68TH ST, NEW YORK, NY, 10065",-73.955379234616,40.764254134268,59662711,L,False,
New York,36061,ambulance_als,New York-Presbyterian / Queens,525 East 68th Street,"Flushing, NY 10065",Match,Non_Exact,"525 E 68TH ST, NEW YORK, NY, 10065",-73.955379234616,40.764254134268,59662711,L,False,
New York,36061,ambulance_als,St. Luke's Roosevelt Hospital Center,1000 Tenth Avenue,"New York, NY 10016",Match,Non_Exact,"1000 10TH AVE, NEW YORK, NY, 10019",-73.987771442474,40.770079506677,59655131,R,False,
Niagara,36063,ambulance_als,"Barker Fire Department, Inc.",PO Box 274,"Barker, NY 14012",No_Match,,,,,,,True,PO Box address -- Census geocoder cannot resolve to a street point
Niagara,36063,ambulance_als,"Cambria Volunteer Fire Company, Inc.",4631 Cambria Wilson Road,"Lockport, NY 14094",Match,Exact,"4631 CAMBRIA WILSON RD, LOCKPORT, NY, 14094",-78.822311949141,43.188989502499,48695354,L,False,
Niagara,36063,ambulance_als,"Lewiston Fire Company No 2, Inc.",1705 Saunders Settlement Road,"Niagara Falls, NY 14304",Match,Exact,"1705 SAUNDERS SETTLEMENT RD, NIAGARA FALLS, NY, 14304",-78.964695608412,43.138753964001,652668871,L,False,
Niagara,36063,ambulance_als,"Lewiston Volunteer Fire Company, No 1",PO Box  748,"Lewiston, NY 14092",No_Match,,,,,,,True,PO Box address -- Census geocoder cannot resolve to a street point
Niagara,36063,ambulance_als,"Lockport Fire Department, City of",1 Locks Plaza,"Lockport, NY 14094",Match,Exact,"1 LOCKS PLZ, LOCKPORT, NY, 14094",-78.695492022518,43.169263945009,613379547,L,False,
Niagara,36063,ambulance_als,"Lockport, City of",1 Locks Plaza,"Lockport, NY 14094",Match,Exact,"1 LOCKS PLZ, LOCKPORT, NY, 14094",-78.695492022518,43.169263945009,613379547,L,False,
Niagara,36063,ambulance_als,"Miller Hose Company, Inc.",P.O. Box 99,"Newfane, NY 14108",No_Match,,,,,,,True,PO Box address -- Census geocoder cannot resolve to a street point
Niagara,36063,ambulance_als,Niagara County Sheriff's Office - Emergency Response Team,P.O. Box 496,"Lockport, NY 14095",No_Match,,,,,,,True,PO Box address -- Census geocoder cannot resolve to a street point
Niagara,36063,ambulance_als,"Niagara, County of",P.O. Box 496,"Lockport, NY 14094",No_Match,,,,,,,True,PO Box address -- Census geocoder cannot resolve to a street point
Niagara,36063,ambulance_als,"North Tonawanda Fire Department, City of",495 Zimmerman Street,"North Tonawanda, NY 14120",Match,Exact,"495 ZIMMERMAN ST, NORTH TONAWANDA, NY, 14120",-78.855812943124,43.044136072302,48689449,R,False,
Niagara,36063,ambulance_als,"Olcott Fire Company, Inc.",PO Box 243,"Olcott, NY 14126",No_Match,,,,,,,True,PO Box address -- Census geocoder cannot resolve to a street point
Niagara,36063,ambulance_als,Ransomville Fire Company No.1 of the Hamlet of Ransomville NY Inc.,PO Box 239,"Ransomville, NY 14131",No_Match,,,,,,,True,PO Box address -- Census geocoder cannot resolve to a street point
Niagara,36063,ambulance_als,"Rapids Volunteer Fire Company, Inc.",7195 Plank Road,"Lockport, NY 14094",Match,Exact,"7195 PLANK RD, LOCKPORT, NY, 14094",-78.788193590921,43.182605425964,48694606,L,False,
Niagara,36063,ambulance_als,"Shawnee Volunteer Fire Company, Inc.",3747 Lockport Road,"Sanborn, NY 14132",Match,Exact,"3747 LOCKPORT RD, SANBORN, NY, 14132",-78.840996760861,43.126709644802,48690421,L,False,
Niagara,36063,ambulance_als,"South Lockport Fire Company, Inc.",5666 South Transit Road,"Lockport, NY 14094",Match,Exact,"5666 S TRANSIT RD, LOCKPORT, NY, 14094",-78.696947509302,43.150569417955,48693989,R,False,
Niagara,36063,ambulance_als,"South Wilson Volunteer Fire Company, Inc.",4194 Chestnut Rd,"Wilson, NY 14172",Match,Exact,"4194 CHESTNUT RD, WILSON, NY, 14172",-78.815268098071,43.241890372894,48689866,R,False,
Niagara,36063,ambulance_als,"Tri Community Ambulance Service, Inc.",PO Box 241,"Sanborn, NY 14132",No_Match,,,,,,,True,PO Box address -- Census geocoder cannot resolve to a street point
Niagara,36063,ambulance_als,Tri Town Ambulance Service Inc,PO Box 393,"Gasport, NY 14067",No_Match,,,,,,,True,PO Box address -- Census geocoder cannot resolve to a street point
Niagara,36063,ambulance_als,"Upper Mountain Fire Company of Lewiston, NY, Inc.",839 Moyer Road,"Lewiston, NY 14092",Match,Exact,"839 MOYER RD, LEWISTON, NY, 14092",-79.015140430731,43.155791021449,48685455,L,False,
Niagara,36063,ambulance_als,"Wendelville Fire Company, Inc.",7340 Campbell Boulevard,"North Tonawanda, NY 14120",Match,Exact,"7340 CAMPBELL BLVD, NORTH TONAWANDA, NY, 14120",-78.771300660144,43.074353775808,48690767,R,False,
Niagara,36063,ambulance_als,"Wilson Fire Volunteer Co No 1, Inc.",PO Box 609,"Wilson, NY 14172",No_Match,,,,,,,True,PO Box address -- Census geocoder cannot resolve to a street point
Niagara,36063,ambulance_als,"Wolcottsville Volunteer Fire Company, Inc.",PO Box 189,"Akron, NY 14001",No_Match,,,,,,,True,PO Box address -- Census geocoder cannot resolve to a street point
Niagara,36063,ambulance_als,"Wrights Corners Fire Company, Inc.",4043 Lake Avenue,"Lockport, NY 14094",Match,Exact,"4043 LAKE AVE, LOCKPORT, NY, 14094",-78.676663544883,43.216488991313,48690333,L,False,
Niagara,36063,ambulance_als,"Youngstown Volunteer Fire Company, Inc.",Box 387,"Youngstown, NY 14174",No_Match,,,,,,,True,No match found -- verify address manually
Oneida,36065,ambulance_als,"AmCare Ambulance Service, Inc.",PO Box 996,"Rome, NY 13440",No_Match,,,,,,,True,PO Box address -- Census geocoder cannot resolve to a street point
Oneida,36065,ambulance_als,Boonville Ambulance Inc,P.O. Box 164,"Boonville, NY 13309",No_Match,,,,,,,True,PO Box address -- Census geocoder cannot resolve to a street point
Oneida,36065,ambulance_als,"Bridgewater Fire Company, Inc.",PO Box 365,"Bridgewater, NY 13313",No_Match,,,,,,,True,PO Box address -- Census geocoder cannot resolve to a street point
Oneida,36065,ambulance_als,"Camden Ambulance Service, Town of",PO Box 265,"Camden, NY 13316",No_Match,,,,,,,True,PO Box address -- Census geocoder cannot resolve to a street point
Oneida,36065,ambulance_als,"Camden Volunteer Fire Department, Village of",14 Church Street,"Camden, NY 13316",Match,Exact,"14 CHURCH ST, CAMDEN, NY, 13316",-75.745402568753,43.336104594017,171536090,L,False,
Oneida,36065,ambulance_als,"Central Oneida County Volunteer Ambulance Corps, Inc",7489 E. South Street,"Clinton, NY 13323",Match,Exact,"7489 E SOUTH ST, CLINTON, NY, 13323",-75.39028903338,43.093075572428,630964647,L,False,
Oneida,36065,ambulance_als,Deerfield Fire District #1,5476 Trenton Rd,"Deerfield, NY 13502",Match,Exact,"5476 TRENTON RD, DEERFIELD, NY, 13502",-75.211003513283,43.1284372768,171529698,R,False,
Oneida,36065,ambulance_als,"Edwards Ambulance, Inc.",PO Box 130,"Chadwicks, NY 13319",No_Match,,,,,,,True,PO Box address -- Census geocoder cannot resolve to a street point
Oneida,36065,ambulance_als,"Florence Ambulance Service, Town of",11987 Thompson Corners Rd,"Camden, NY 13316",Match,Non_Exact,"11987 THOMPSON CORNERS FLORENCE RD, CAMDEN, NY, 13316",-75.749635551479,43.43819871659,655289651,L,False,
Oneida,36065,ambulance_als,Floyd Fire District,8367 Old Floyd Road,"Rome, NY 13440",Match,Exact,"8367 OLD FLOYD RD, ROME, NY, 13440",-75.334394551698,43.219956109083,171525241,L,False,
Oneida,36065,ambulance_als,"Lake Delta Volunteer Fire Department, Inc.",PO Box 596,"Rome, NY 13440",No_Match,,,,,,,True,PO Box address -- Census geocoder cannot resolve to a street point
Oneida,36065,ambulance_als,Maynard Fire District,PO Box 377,"Marcy, NY 13403",No_Match,,,,,,,True,PO Box address -- Census geocoder cannot resolve to a street point
Oneida,36065,ambulance_als,"New Hartford Fire Department, Village of",PO Box 328,"New Hartford, NY 13413",No_Match,,,,,,,True,PO Box address -- Census geocoder cannot resolve to a street point
Oneida,36065,ambulance_als,"New York Mills, Village of",1 Maple Street,"New York Mills, NY 13417",Match,Exact,"1 MAPLE ST, NEW YORK MILLS, NY, 13417",-75.292844391468,43.10355113814,171527529,L,False,
Oneida,36065,ambulance_als,"North Bay Volunteer Fire Department, Inc.",PO Box 246,"North Bay, NY 13123",No_Match,,,,,,,True,PO Box address -- Census geocoder cannot resolve to a street point
Oneida,36065,ambulance_als,"Sherrill Fire Department, City of",373 Sherrill Road,"Sherrill, NY 13461",Match,Exact,"373 SHERRILL RD, SHERRILL, NY, 13461",-75.599425650865,43.071207658547,171542207,L,False,
Oneida,36065,ambulance_als,Stittville Volunteer Fire Department,9069 Main Street,"Stittville, NY 13469",Match,Exact,"9069 MAIN ST, STITTVILLE, NY, 13469",-75.286053073251,43.22282692564,171525402,L,False,
Oneida,36065,ambulance_als,"Taberg Volunteer Fire Company, Inc",PO Box 523,"Taberg, NY 13471",No_Match,,,,,,,True,PO Box address -- Census geocoder cannot resolve to a street point
Oneida,36065,ambulance_als,"Utica Ambulance Service, Inc.",410 Catherine Street,"Utica, NY 13501",Match,Exact,"410 CATHERINE ST, UTICA, NY, 13501",-75.223723158672,43.101859330872,171531433,R,False,
Oneida,36065,ambulance_als,"Utica Fire Department Ambulance, City of",1217 Park Avenue,"Utica, NY 13501",Match,Exact,"1217 PARK AVE, UTICA, NY, 13501",-75.240348813701,43.096135511016,171530837,L,False,
Oneida,36065,ambulance_als,"Volunteer Fire Company of Vernon, Inc.",PO Box 773,"Vernon, NY 13476",No_Match,,,,,,,True,PO Box address -- Census geocoder cannot resolve to a street point
Oneida,36065,ambulance_als,"Volunteer Fire Company of Western, Inc",PO Box 17,"Westernville, NY 13486",No_Match,,,,,,,True,PO Box address -- Census geocoder cannot resolve to a street point
Oneida,36065,ambulance_als,"Whitesboro Fire Department, Village of",171 Oriskany Blvd.,"Whitesboro, NY 13492",Match,Exact,"171 ORISKANY BLVD, WHITESBORO, NY, 13492",-75.295126625208,43.1226816285,171580800,L,False,
Oneida,36065,ambulance_als,"Willowvale Fire Company, Inc.",PO Box 69,"Chadwicks, NY 13319",No_Match,,,,,,,True,PO Box address -- Census geocoder cannot resolve to a street point
Oneida,36065,ambulance_als,"Woodgate Volunteer Fire Department, Inc.",PO Box 187,"Woodgate, NY 13494",No_Match,,,,,,,True,PO Box address -- Census geocoder cannot resolve to a street point
Onondaga,36067,ambulance_als,"Brewerton Volunteer Fire Department Ambulance, Inc.",PO Box 364,"Brewerton, NY 13029",No_Match,,,,,,,True,PO Box address -- Census geocoder cannot resolve to a street point
Onondaga,36067,ambulance_als,Dewitt Fire District,4500 East Genesee Street,"Dewitt, NY 13214",Match,Non_Exact,"4500 E GENESEE ST, DE WITT, NY, 13214",-76.066207446594,43.034869328202,46606463,R,False,
Onondaga,36067,ambulance_als,"East Area Volunteer Emergency Service, Inc.",PO Box 34,"East Syracuse, NY 13057",No_Match,,,,,,,True,PO Box address -- Census geocoder cannot resolve to a street point
Onondaga,36067,ambulance_als,"Eastern Paramedics, Inc.",101 Richmond Ave #1,"Syracuse, NY 13204",Match,Exact,"101 RICHMOND AVE, SYRACUSE, NY, 13204",-76.166292708729,43.049934252757,46570006,L,False,
Onondaga,36067,ambulance_als,"Fayetteville, Village of",425 East Genesee Street,"Fayetteville, NY 13066",Match,Exact,"425 E GENESEE ST, FAYETTEVILLE, NY, 13066",-76.005852116337,43.029796530236,46623483,L,False,
Onondaga,36067,ambulance_als,"Greater Baldwinsville Ambulance Corps, Inc.",PO Box 744,"Baldwinsville, NY 13027",No_Match,,,,,,,True,PO Box address -- Census geocoder cannot resolve to a street point
Onondaga,36067,ambulance_als,Jamesville Fire District,6661 East Seneca Turnpike,"Jamesville, NY 13078",Match,Exact,"6661 E SENECA TPKE, JAMESVILLE, NY, 13078",-76.060807674848,42.990577142403,639382042,L,False,
Onondaga,36067,ambulance_als,"LaFayette Ambulance Department, Inc.",PO BOX 329,"LaFayette, NY 13084",No_Match,,,,,,,True,PO Box address -- Census geocoder cannot resolve to a street point
Onondaga,36067,ambulance_als,"Manlius Ambulance / EMS Service, Village of",8200 Cazenovia Road,"Manlius, NY 13104",Match,Exact,"8200 CAZENOVIA RD, MANLIUS, NY, 13104",-75.958735705933,42.993162087472,46579063,R,False,
Onondaga,36067,ambulance_als,"Marcellus Ambulance Volunteer Emergency Services, Inc.",PO Box 203,"Marcellus, NY 13108",No_Match,,,,,,,True,PO Box address -- Census geocoder cannot resolve to a street point
Onondaga,36067,ambulance_als,"Mattydale Fire Department, Inc.",173 East Molloy Rd,"Mattydale, NY 13211",Match,Exact,"173 E MOLLOY RD, MATTYDALE, NY, 13211",-76.142525586511,43.097956326566,46568829,L,False,
Onondaga,36067,ambulance_als,"Minoa Ambulance, Village of",240 North Main Street,"Minoa, NY 13116",Match,Exact,"240 N MAIN ST, MINOA, NY, 13116",-76.000721293061,43.076823134893,46583814,R,False,
Onondaga,36067,ambulance_als,"North Area Volunteer Ambulance Corps, Inc.",PO Box 215,"North Syracuse, NY 13212",No_Match,,,,,,,True,PO Box address -- Census geocoder cannot resolve to a street point
Onondaga,36067,ambulance_als,"Northern Onondaga Volunteer Ambulance, Inc.",4425 Buckley Rd,"Liverpool, NY 13090",Match,Exact,"4425 BUCKLEY RD, LIVERPOOL, NY, 13090",-76.208883024109,43.141211161669,46601170,L,False,
Onondaga,36067,ambulance_als,"Old Erie Emergency Services, Inc.",1 North Hamilton Street,"Jordan, NY 13080",Match,Exact,"1 N HAMILTON ST, JORDAN, NY, 13080",-76.477248444248,43.067510434448,46559060,L,False,
Onondaga,36067,ambulance_als,"Pompey Hill Volunteer Fire Dept, Inc.",PO Box 268,"Pompey, NY 13138",No_Match,,,,,,,True,PO Box address -- Census geocoder cannot resolve to a street point
Onondaga,36067,ambulance_als,"Skaneateles Ambulance Vol. Emergency Service, Inc.",77 Fennell Street,"Skaneateles, NY 13152",Match,Exact,"77 FENNELL ST, SKANEATELES, NY, 13152",-76.435161627144,42.95130107649,612668666,L,False,
Onondaga,36067,ambulance_als,"Syracuse Fire Department, City of",1153 W. fayette Street 6th Fl,"Syracuse, NY 13202",Match,Non_Exact,"1153 W FAYETTE ST, SYRACUSE, NY, 13204",-76.17333527201,43.046285179062,46622706,L,False,
Onondaga,36067,ambulance_als,Syracuse University - Carrier Dome Health Squad,900 Irving Avenue,"Syracuse, NY 13244",Match,Non_Exact,"900 IRVING AVE, SYRACUSE, NY, 13210",-76.138266978944,43.03854306739,46571503,R,False,
Onondaga,36067,ambulance_als,Syracuse University Ambulance,100 Collage Place - Suite 006,"Syracuse, NY 13244",No_Match,,,,,,,True,No match found -- verify address manually
Onondaga,36067,ambulance_als,"TLC Medical Transportation Services, Inc.",638 Burnett Avenue,"Syracuse, NY 13203",Match,Non_Exact,"638 BURNET AVE, SYRACUSE, NY, 13203",-76.134383509825,43.052084083445,46604788,R,False,
Onondaga,36067,ambulance_als,"Tully Ambulance, Town of",1 Railroad Street,"Tully, NY 13159",Match,Exact,"1 RAILROAD ST, TULLY, NY, 13159",-76.106121648708,42.798825659521,46557309,R,False,
Onondaga,36067,ambulance_als,"Western Area Volunteer Emergency Service, Inc.",PO Box 156,"Camillus, NY 13031",No_Match,,,,,,,True,PO Box address -- Census geocoder cannot resolve to a street point
Ontario,36069,ambulance_als,"Canandaigua Emergency Squad, Inc.",233 North Pearl Street,"Canandaigua, NY 14424",Match,Exact,"233 N PEARL ST, CANANDAIGUA, NY, 14424",-77.294991819453,42.892377545736,13471758,R,False,
Ontario,36069,ambulance_als,"Canandaigua Emergency Squad, Inc.",233 North Pearl Street,"Canandaigua, NY 14424",Match,Exact,"233 N PEARL ST, CANANDAIGUA, NY, 14424",-77.294991819453,42.892377545736,13471758,R,False,
Ontario,36069,ambulance_als,Canandaigua Veterans Administration Medical Center FD,400 Fort Hill Bldg 16,"Canandaigua, NY 14425",Match,Non_Exact,"400 FORT HILL AVE, CANANDAIGUA, NY, 14424",-77.270408025873,42.900984226594,605723362,L,False,
Ontario,36069,ambulance_als,"Citizens Hose Company of Shortsville, Inc.",PO Box 306,"Shortsville, NY 14548",No_Match,,,,,,,True,PO Box address -- Census geocoder cannot resolve to a street point
Ontario,36069,ambulance_als,"Finger Lakes Ambulance EMS, Inc.",14 Crane Street,"Clifton Springs, NY 14432",Match,Exact,"14 CRANE ST, CLIFTON SPRINGS, NY, 14432",-77.13815130523,42.962567491475,13472889,L,False,
Ontario,36069,ambulance_als,"Finger Lakes Racing Association, Inc.",PO Box 25250,"Farmington, NY 14425",No_Match,,,,,,,True,PO Box address -- Census geocoder cannot resolve to a street point
Ontario,36069,ambulance_als,Fishers Fire District,380 High Street,"Victor, NY 14564",Match,Exact,"380 HIGH ST, VICTOR, NY, 14564",-77.43267243336,43.020814456197,635782129,L,False,
Ontario,36069,ambulance_als,Mercy Flight Central Inc.,2420 Brickyard Road,"Canandaigua, NY 14424",Match,Exact,"2420 BRICKYARD RD, CANANDAIGUA, NY, 14424",-77.319555846062,42.913056421943,605773331,L,False,
Ontario,36069,ambulance_als,"Phelps Ambulance, Inc",PO Box 81,"Phelps, NY 14532",No_Match,,,,,,,True,PO Box address -- Census geocoder cannot resolve to a street point
Ontario,36069,ambulance_als,"Port Gibson Volunteer Fire Department, Inc.",PO Box 145,"Port Gibson, NY 14537",No_Match,,,,,,,True,PO Box address -- Census geocoder cannot resolve to a street point
Ontario,36069,ambulance_als,"Richmond Fire Department #1, Inc.",PO Box 469,"Honeoye, NY 14471",No_Match,,,,,,,True,PO Box address -- Census geocoder cannot resolve to a street point
Ontario,36069,ambulance_als,"Stanley Hall Gorham Ambulance Corps, Inc.",PO Box 57,"Hall, NY 14463",No_Match,,,,,,,True,PO Box address -- Census geocoder cannot resolve to a street point
Ontario,36069,ambulance_als,"Victor Farmington Volunteer Ambulance Corps, Inc.",1321 East Victor Road,"Victor, NY 14564",Match,Exact,"1321 E VICTOR RD, VICTOR, NY, 14564",-77.383213363345,42.971512485073,13485418,L,False,
Orange,36071,ambulance_als,"Ambulnz NY2, LLC",263 NY-17K,"Newburgh, NY 12550",Match,Exact,"263 STATE RTE 17K, NEWBURGH, NY, 12550",-74.117519656474,41.524151149539,124410853,L,False,
Orange,36071,ambulance_als,"Blooming Grove Volunteer Ambulance Corps, Inc.",7 North Street,"Washingtonville, NY 10992",Match,Exact,"7 NORTH ST, WASHINGTONVILLE, NY, 10992",-74.165545697756,41.428539690998,124394041,R,False,
Orange,36071,ambulance_als,"Goshen EMS Corps, Inc.",PO Box 695,"Goshen, NY 10924",No_Match,,,,,,,True,PO Box address -- Census geocoder cannot resolve to a street point
Orange,36071,ambulance_als,"Goshen Volunteer Ambulance Corps, Inc.",PO Box 695,"Goshen, NY 10924",No_Match,,,,,,,True,PO Box address -- Census geocoder cannot resolve to a street point
Orange,36071,ambulance_als,"Greenville Township Volunteer Ambulance Corps, Inc.",1495 Greenville Tpk,"Port Jervis, NY 12771",Match,Exact,"1495 GREENVILLE TPKE, PORT JERVIS, NY, 12771",-74.60044999064,41.364689427077,124429641,R,False,
Orange,36071,ambulance_als,"Greenwood Lake Ambulance, Inc.",PO Box 223,"Greenwood Lake, NY 10925",No_Match,,,,,,,True,PO Box address -- Census geocoder cannot resolve to a street point
Orange,36071,ambulance_als,"Highlands Ambulance, Town of",PO Box 35,"Highland Falls, NY 10928",No_Match,,,,,,,True,PO Box address -- Census geocoder cannot resolve to a street point
Orange,36071,ambulance_als,"Kiryas Joel Volunteer EMS, Inc.",63 Forest Road,"Monroe, NY 10950",Match,Exact,"63 FOREST RD, MONROE, NY, 10950",-74.169263040402,41.341958178119,124404749,L,False,
Orange,36071,ambulance_als,"Lenape Volunteer Ambulance Corp, Inc.",PO Box 641,"Unionville, NY 10988",No_Match,,,,,,,True,PO Box address -- Census geocoder cannot resolve to a street point
Orange,36071,ambulance_als,Monroe Community Ambulance  Inc.,PO Box 841,"Monroe, NY 10950",No_Match,,,,,,,True,PO Box address -- Census geocoder cannot resolve to a street point
Orange,36071,ambulance_als,"Mount Hope EMS, Town of",1706 State Route 211,"Otisville, NY 10963",Match,Exact,"1706 STATE RTE 211, OTISVILLE, NY, 10963",-74.52807200299,41.471784923211,124387002,R,False,
Orange,36071,ambulance_als,"New Windsor Volunteer Ambulance Corps, Inc.",P.O. Box 4334,"New Windsor, NY 12553",No_Match,,,,,,,True,PO Box address -- Census geocoder cannot resolve to a street point
Orange,36071,ambulance_als,"Pine Bush Area Volunteer Ambulance Corps, Inc.",PO Box 407,"Pine Bush, NY 12566",No_Match,,,,,,,True,PO Box address -- Census geocoder cannot resolve to a street point
Orange,36071,ambulance_als,"Pine Island Volunteer Ambulance Corps, Inc.",PO Box 264,"Pine Island, NY 10969",No_Match,,,,,,,True,PO Box address -- Census geocoder cannot resolve to a street point
Orange,36071,ambulance_als,"Port Jervis Volunteer Ambulance Corps, Inc.",PO Box 133,"Port Jervis, NY 12771",No_Match,,,,,,,True,PO Box address -- Census geocoder cannot resolve to a street point
Orange,36071,ambulance_als,"South Blooming Grove, Village of",PO Box 295,"Blooming Grove, NY 10914",No_Match,,,,,,,True,PO Box address -- Census geocoder cannot resolve to a street point
Orange,36071,ambulance_als,"Town of Newburgh Emergency Medical Services, Inc.",97 South Plank Road,"Newburgh, NY 12550",Match,Exact,"97 S PLANK RD, NEWBURGH, NY, 12550",-74.053309783473,41.519546880661,124411768,L,False,
Orange,36071,ambulance_als,"Town of Wallkill Volunteer Ambulance Corps, Inc.",22 Maltese Drive,"Middletown, NY 10941",Match,Non_Exact,"22 MALTESE DR, MIDDLETOWN, NY, 10940",-74.390141627617,41.456918004622,124435410,L,False,
Orange,36071,ambulance_als,"Tuxedo Volunteer Ambulance Corps, Inc.",PO Box 726,"Tuxedo, NY 10987",No_Match,,,,,,,True,PO Box address -- Census geocoder cannot resolve to a street point
Orange,36071,ambulance_als,Walden Ambulance Corp.,PO Box 25,"Walden, NY 12586",No_Match,,,,,,,True,PO Box address -- Census geocoder cannot resolve to a street point
Orange,36071,ambulance_als,Warwick Community Ambulance Service Inc.,PO Box 315,"Warwick, NY 10990",No_Match,,,,,,,True,PO Box address -- Census geocoder cannot resolve to a street point
Orange,36071,ambulance_als,"Wawayanda, Town of",80 Ridgebury Hill Rd,"Slate Hill, NY 10973",Match,Exact,"80 RIDGEBURY HILL RD, SLATE HILL, NY, 10973",-74.455052313816,41.389213135861,124390296,R,False,
Orange,36071,ambulance_als,"Woodbury Community Ambulance, Inc.",PO Box 561,"Central Valley, NY 10917",No_Match,,,,,,,True,PO Box address -- Census geocoder cannot resolve to a street point
Orleans,36073,ambulance_als,"Medina Fire Department, Village of",600 Main Street,"Medina, NY 14103",Match,Exact,"600 MAIN ST, MEDINA, NY, 14103",-78.386964021816,43.219066679776,48804030,L,False,
Oswego,36075,ambulance_als,"Donald McFee Memorial Ambulance Service, Inc.",PO Box 115,"Mexico, NY 13114",No_Match,,,,,,,True,PO Box address -- Census geocoder cannot resolve to a street point
Oswego,36075,ambulance_als,"Hannibal Fire Company, Inc.",PO Box 252,"Hannibal, NY 13074",No_Match,,,,,,,True,PO Box address -- Census geocoder cannot resolve to a street point
Oswego,36075,ambulance_als,"Northern Oswego County Ambulance, Inc.",21 Delano Street,"Pulaski, NY 13142",Match,Exact,"21 DELANO ST, PULASKI, NY, 13142",-76.119916531662,43.570080415098,57802133,R,False,
Oswego,36075,ambulance_als,"Oswego County Ambulance & Hearse Service, Inc.",404 Ontario Street,"Fulton, NY 13069",Match,Exact,"404 ONTARIO ST, FULTON, NY, 13069",-76.413594172115,43.328559633077,57819213,R,False,
Oswego,36075,ambulance_als,"Oswego Fire Department, City of",35 East Cayuga Street,"Oswego, NY 13126",Match,Exact,"35 E CAYUGA ST, OSWEGO, NY, 13126",-76.505943971403,43.459660620758,57802975,L,False,
Oswego,36075,ambulance_als,Oswego Town Fire District,640 County Rte 20,"Oswego, NY 13126",Match,Exact,"640 CO RTE 20, OSWEGO, NY, 13126",-76.562040204222,43.413468087939,57822451,L,False,
Oswego,36075,ambulance_als,"Student Association Vol. Ambulance Corps of Oswego, Inc.",131 Marano Campus Ctr,"Oswego, NY 13126",No_Match,,,,,,,True,No match found -- verify address manually
Otsego,36077,ambulance_als,"Cooperstown Fire Department Emergency Squad, Village of",PO Box 322,"Cooperstown, NY 13326",No_Match,,,,,,,True,PO Box address -- Census geocoder cannot resolve to a street point
Otsego,36077,ambulance_als,"Eagle Fire Engine & Hose Co Nos 1, 2, 3 Gilbertsville NY, Inc.",PO Box 181,"Gilbertsville, NY 13776",No_Match,,,,,,,True,PO Box address -- Census geocoder cannot resolve to a street point
Otsego,36077,ambulance_als,Edmeston Fire District,PO Box 111,"Edmeston, NY 13335",No_Match,,,,,,,True,PO Box address -- Census geocoder cannot resolve to a street point
Otsego,36077,ambulance_als,"Fly Creek Volunteer Fire Company, Inc",P.O. Box 218,"Fly Creek, NY 13337",No_Match,,,,,,,True,PO Box address -- Census geocoder cannot resolve to a street point
Otsego,36077,ambulance_als,"Garrattsville Fire Company, Inc.",4413 State Highway 51,"Garrattsville, NY 13342",Match,Exact,"4413 STATE RTE 51, GARRATTSVILLE, NY, 13342",-75.173556028089,42.64655755699,125906929,L,False,
Otsego,36077,ambulance_als,"Hartwick Fire Department Emergency Squad, Town of",PO Box 208,"Hartwick, NY 13348",No_Match,,,,,,,True,PO Box address -- Census geocoder cannot resolve to a street point
Otsego,36077,ambulance_als,Laurens Fire District,PO Box 43,"Laurens, NY 13796",No_Match,,,,,,,True,PO Box address -- Census geocoder cannot resolve to a street point
Otsego,36077,ambulance_als,"Milford Fire Department Emergency Squad, Village of",PO Box 359,"Milford, NY 13807",No_Match,,,,,,,True,PO Box address -- Census geocoder cannot resolve to a street point
Otsego,36077,ambulance_als,Morris Fire District,PO Box 452,"Morris, NY 13808",No_Match,,,,,,,True,PO Box address -- Census geocoder cannot resolve to a street point
Otsego,36077,ambulance_als,"Oneonta, City of",81 Main Street,"Oneonta, NY 13820",Match,Exact,"81 MAIN ST, ONEONTA, NY, 13820",-75.063960168462,42.451122059878,125925265,L,False,
Otsego,36077,ambulance_als,Otego Fire District,P.O. Box 79,"Otego, NY 13825",No_Match,,,,,,,True,PO Box address -- Census geocoder cannot resolve to a street point
Otsego,36077,ambulance_als,Otsego County Emergency Medical Service,140 County Highway 33W,"Cooperstown, NY 13326",Match,Exact,"140 CO RD 33W, COOPERSTOWN, NY, 13326",-74.933383098009,42.596377153242,125914050,R,False,
Otsego,36077,ambulance_als,"Richfield Springs, Village of",PO Box 1456,"Richfield Springs, NY 13439",No_Match,,,,,,,True,PO Box address -- Census geocoder cannot resolve to a street point
Otsego,36077,ambulance_als,"Richfield, Town of",18 East James Street,"Richfield Springs, NY 13439",Match,Exact,"18 E JAMES ST, RICHFIELD SPRINGS, NY, 13439",-74.984186454034,42.851889985731,657363430,L,False,
Otsego,36077,ambulance_als,Schenevus Maryland Emergency Squad,PO Box 87,"Schenevus, NY 12155",No_Match,,,,,,,True,PO Box address -- Census geocoder cannot resolve to a street point
Otsego,36077,ambulance_als,"Springfield Fire Department, Inc.",PO Box 358,"Springfield Center, NY 13468",No_Match,,,,,,,True,PO Box address -- Census geocoder cannot resolve to a street point
Otsego,36077,ambulance_als,"Unadilla Fire Department Emergency Squad, Village of",PO Box 579,"Unadilla, NY 13849",No_Match,,,,,,,True,PO Box address -- Census geocoder cannot resolve to a street point
Otsego,36077,ambulance_als,Worcester Fire District,PO Box 191,"Worcester, NY 12197",No_Match,,,,,,,True,PO Box address -- Census geocoder cannot resolve to a street point
Putnam,36079,ambulance_als,"Brewster Southeast EMS, Inc.",501 North Main St.,"Brewster, NY 10509",Match,Exact,"501 N MAIN ST, BREWSTER, NY, 10509",-73.619222545679,41.399439649368,139682429,L,False,
Putnam,36079,ambulance_als,Carmel Volunteer Ambulance Corps,PO Box 508,"Carmel, NY 10512",No_Match,,,,,,,True,PO Box address -- Census geocoder cannot resolve to a street point
Putnam,36079,ambulance_als,"Garrison Volunteer Ambulance Corp, Inc.",PO Box 121,"Garrison, NY 10524",No_Match,,,,,,,True,PO Box address -- Census geocoder cannot resolve to a street point
Putnam,36079,ambulance_als,"Kent EMS, Town of",25 Sybil's Crossing,"Kent Lakes, NY 10512",Match,Exact,"25 SYBILS CROSSING, KENT LAKES, NY, 10512",-73.670716505342,41.478576063099,645380366,R,False,
Putnam,36079,ambulance_als,"Lake Carmel Emergency Medical Services, Inc.",851 Route 52,"Carmel, NY 10512",Match,Exact,"851 STATE RTE 52, CARMEL, NY, 10512",-73.672189472404,41.478102849858,657925780,L,False,
Putnam,36079,ambulance_als,"Mahopac Falls Volunteer Fire Department, Inc.",P.O. Box 190,"Mahopac Falls, NY 10542",No_Match,,,,,,,True,PO Box address -- Census geocoder cannot resolve to a street point
Putnam,36079,ambulance_als,"Mahopac Volunteer Fire Department, Inc.",PO Box 267,"Mahopac, NY 10541",No_Match,,,,,,,True,PO Box address -- Census geocoder cannot resolve to a street point
Putnam,36079,ambulance_als,"Patterson EMS, Town of",PO Box 470,"Patterson, NY 12563",No_Match,,,,,,,True,PO Box address -- Census geocoder cannot resolve to a street point
Putnam,36079,ambulance_als,"Patterson Fire Department #1, Inc.",PO Box 334,"Patterson, NY 12563",No_Match,,,,,,,True,PO Box address -- Census geocoder cannot resolve to a street point
Putnam,36079,ambulance_als,"Philipstown Volunteer Ambulance Corps, Inc.",14 Cedar Street,"Cold Spring, NY 10516",Match,Exact,"14 CEDAR ST, COLD SPRING, NY, 10516",-73.952568876387,41.423609330834,634580818,R,False,
Putnam,36079,ambulance_als,"Putnam Valley Volunteer Ambulance Corps, Inc.",PO Box 141,"Putnam Valley, NY 10579",No_Match,,,,,,,True,PO Box address -- Census geocoder cannot resolve to a street point
Queens,36081,ambulance_als,"Ambulnz NY, LLC","685 3rd Avenue, 9th Floor,","New York, NY 10017",Match,Exact,"685 3RD AVE, NEW YORK, NY, 10017",-73.973666162866,40.751725452378,59658708,R,False,
Queens,36081,ambulance_als,"Ambulnz NY3, LLC","685 3rd Avenue, 9th Floor","New York, NY 10017",Match,Exact,"685 3RD AVE, NEW YORK, NY, 10017",-73.973666162866,40.751725452378,59658708,R,False,
Queens,36081,ambulance_als,"Bay Community Volunteer Ambulance Corps, Inc.",PO Box 610540,"Bayside, NY 11361",No_Match,,,,,,,True,PO Box address -- Census geocoder cannot resolve to a street point
Queens,36081,ambulance_als,"Broad Channel Volunteers, Inc.",15 Noel Road,"Broad Channel, NY 11693",Match,Exact,"15 NOEL RD, BROAD CHANNEL, NY, 11693",-73.819120406697,40.607863596922,59722121,L,False,
Queens,36081,ambulance_als,"Chesed of the Rockaways and Nassau County, Inc",621 Beach 9th Street,"Far Rockaway, NY 11691",Match,Exact,"6-21 BEACH 9TH ST, FAR ROCKAWAY, NY, 11691",-73.745364775733,40.601405006072,59723361,L,False,
Queens,36081,ambulance_als,"Flushing Community Volunteer Ambulance Corps, Inc.",PO Box 580339,"Flushing, NY 11358",No_Match,,,,,,,True,PO Box address -- Census geocoder cannot resolve to a street point
Queens,36081,ambulance_als,Flushing Hospital Medical Center,45 Ave at Parsons Boulevard,"Flushing, NY 11355",Tie,,,,,,,True,Multiple equally-likely address matches -- needs manual disambiguation
Queens,36081,ambulance_als,"Forest Hills Volunteer Ambulance Corps, Inc.",P.O. Box 750617,"Forest Hills, NY 11375",No_Match,,,,,,,True,PO Box address -- Census geocoder cannot resolve to a street point
Queens,36081,ambulance_als,"Glen Oaks Volunteer Ambulance Corps, Inc.",257-02 Union Turnpike,"Floral Park, NY 11004",Match,Exact,"257-02 UNION TPKE, FLORAL PARK, NY, 11004",-73.714250726164,40.745749128843,59724476,R,False,
Queens,36081,ambulance_als,"Hatzolah Emergency Air Response Team, Inc.",120-10 QUEENS BLVD,"KEW GARDENS, NY 11415",Match,Exact,"120-10 QUEENS BLVD, KEW GARDENS, NY, 11415",-73.829789767528,40.71373054002,641023253,R,False,
Queens,36081,ambulance_als,"Jamaica Estates-Holliswood-South Bayside VAC, Inc.",PO Box 640181,"Bayside, NY 11364",No_Match,,,,,,,True,PO Box address -- Census geocoder cannot resolve to a street point
Queens,36081,ambulance_als,"Jamaica Hospital Ambulance Department, The",8900 Van Wyck Expressway,"Jamaica, NY 11418",Match,Exact,"89-00 VAN WYCK EXPY, JAMAICA, NY, 11418",-73.816350697511,40.701327473153,59735280,R,False,
Queens,36081,ambulance_als,"Lindenwood Community Volunteer Ambulance Corps, Inc.",PO Box 170191,"Ozone Park, NY 11417",No_Match,,,,,,,True,PO Box address -- Census geocoder cannot resolve to a street point
Queens,36081,ambulance_als,"Little Neck-Douglaston Community Ambulance Corps, Inc.",P.O. Box 630033,"Little Neck, NY 11363",No_Match,,,,,,,True,PO Box address -- Census geocoder cannot resolve to a street point
Queens,36081,ambulance_als,"MediSys Ambulance Service, Inc.",8900 Van Wyck Expressway,"Jamaica, NY 11418",Match,Exact,"89-00 VAN WYCK EXPY, JAMAICA, NY, 11418",-73.816350697511,40.701327473153,59735280,R,False,
Queens,36081,ambulance_als,"New York Racing Association, Inc.",110-00 Rockaway Blvd,"South Ozone Park, NY 11417",No_Match,,,,,,,True,No match found -- verify address manually
Queens,36081,ambulance_als,"North Shore Ambulance and Oxygen Service, Inc.",14-20 128th Street,"College Point, NY 11356",Match,Exact,"14-20 128TH ST, COLLEGE POINT, NY, 11356",-73.840392371602,40.784904440731,59699784,R,False,
Queens,36081,ambulance_als,NYC Police Relief Fund-EMS,38-13 Northern Boulevard,"Long Island City, NY 11101",Match,Exact,"38-13 NORTHERN BLVD, LONG ISLAND CITY, NY, 11101",-73.92544406787,40.752236002603,59698082,L,False,
Queens,36081,ambulance_als,Queens Village / Hollis / Bellerose Volunteer Ambulance,PO Box 260392,"Bellerose, NY 11426",No_Match,,,,,,,True,PO Box address -- Census geocoder cannot resolve to a street point
Queens,36081,ambulance_als,"Ridgewood Volunteer Ambulance Corps, Inc.",503 Onderdonk Avenue,"Ridgewood, NY 11385",Match,Exact,"503 ONDERDONK AVE, RIDGEWOOD, NY, 11385",-73.911079665523,40.706339215769,59693262,L,False,
Queens,36081,ambulance_als,Rockaway Point Volunteer Emergency Services Inc,204-26 Rockaway Point Blvd,"Rockaway Point, NY 11697",Match,Exact,"204-26 ROCKAWAY POINT BLVD, ROCKAWAY POINT, NY, 11697",-73.922248082504,40.560444583457,59698534,L,False,
Queens,36081,ambulance_als,"Roxbury Volunteer Emergency Services, Inc.",42 State Road,"Rockaway Point, NY 11697",Match,Exact,"42 STATE RD, ROCKAWAY POINT, NY, 11697",-73.889818161735,40.56568361141,59698852,R,False,
Queens,36081,ambulance_als,"West Hamilton Beach Volunteers, Inc.",PO Box 177,"Howard Beach, NY 11414",No_Match,,,,,,,True,PO Box address -- Census geocoder cannot resolve to a street point
Queens,36081,ambulance_als,Whitestone Community Volunteer Ambulance Service,PO Box 570064,"Whitestone, NY 11357",No_Match,,,,,,,True,PO Box address -- Census geocoder cannot resolve to a street point
Rensselaer,36083,ambulance_als,"Berlin, Town of",PO Box 307,"Berlin, NY 12022",No_Match,,,,,,,True,PO Box address -- Census geocoder cannot resolve to a street point
Rensselaer,36083,ambulance_als,"Brunswick EMS, Town of",336 Town Office Road,"Troy, NY 12180",Match,Exact,"336 TOWN OFFICE RD, TROY, NY, 12180",-73.610638695395,42.755768300066,635571694,R,False,
Rensselaer,36083,ambulance_als,"Castleton Volunteer Ambulance Service, Inc.",1700 Brookview Road,"Castleton, NY 12033",Match,Exact,"1700 BROOKVIEW RD, CASTLETON, NY, 12033",-73.736906584225,42.531802860904,35756721,L,False,
Rensselaer,36083,ambulance_als,"Grafton Rescue Squad, Inc.",PO Box 2,"Grafton, NY 12082",No_Match,,,,,,,True,PO Box address -- Census geocoder cannot resolve to a street point
Rensselaer,36083,ambulance_als,"Hoags Corners Volunteer Ambulance Assoc, Inc.",PO Box 90,"East Nassau, NY 12062",No_Match,,,,,,,True,PO Box address -- Census geocoder cannot resolve to a street point
Rensselaer,36083,ambulance_als,"Hoosic Valley Rescue Squad, Inc.",1448 NY Route 40,"Schaghticoke, NY 12154",Match,Exact,"1448 STATE RTE 40, SCHAGHTICOKE, NY, 12154",-73.601261149476,42.882552449682,35719976,R,False,
Rensselaer,36083,ambulance_als,"Hoosick Regional EMS, Inc.",PO Box 16,"Hoosick Falls, NY 12090",No_Match,,,,,,,True,PO Box address -- Census geocoder cannot resolve to a street point
Rensselaer,36083,ambulance_als,Nassau Ambulance Inc.,P.O. Box 757,"Nassau, NY 12123",No_Match,,,,,,,True,PO Box address -- Census geocoder cannot resolve to a street point
Rensselaer,36083,ambulance_als,"North Greenbush Ambulance Association, Inc.",PO Box 99,"Wynantskill, NY 12198",No_Match,,,,,,,True,PO Box address -- Census geocoder cannot resolve to a street point
Rensselaer,36083,ambulance_als,"Petersburgh Rescue Ambulance Squad, Inc.",PO Box 164,"Petersburg, NY 12138",No_Match,,,,,,,True,PO Box address -- Census geocoder cannot resolve to a street point
Rensselaer,36083,ambulance_als,"Pittstown Volunteer Emergency Corps, Inc.",60 Parker School Road,"Johnsonville, NY 12094",Match,Exact,"60 PARKER SCHOOL RD, JOHNSONVILLE, NY, 12094",-73.483808379283,42.827792404304,35743193,R,False,
Rensselaer,36083,ambulance_als,"Poestenkill, Town of",PO Box 210,"Poestenkill, NY 12140",No_Match,,,,,,,True,PO Box address -- Census geocoder cannot resolve to a street point
Rensselaer,36083,ambulance_als,Rensselaer Polytechnic Institute Ambulance,110 8th Street 3702,"Troy, NY 12180",Match,Non_Exact,"110 8TH ST, TROY, NY, 12180",-73.68388321023,42.731454559891,639392576,R,False,
Rensselaer,36083,ambulance_als,"Sand Lake Ambulance, Inc.",PO Box 222,"West Sand Lake, NY 12196",No_Match,,,,,,,True,PO Box address -- Census geocoder cannot resolve to a street point
Rensselaer,36083,ambulance_als,Stephentown Fire District #1,PO Box 208,"Stephentown, NY 12168",No_Match,,,,,,,True,PO Box address -- Census geocoder cannot resolve to a street point
Rensselaer,36083,ambulance_als,"Troy, City of",2175 Sixth Avenue,"Troy, NY 12180",Match,Exact,"2175 6TH AVE, TROY, NY, 12180",-73.685075549831,42.734911273046,35728889,R,False,
Rensselaer,36083,ambulance_als,"WF Bruen Emergency Squad, Inc.",1116 Red Mill Road,"Rensselaer, NY 12144",Match,Exact,"1116 RED MILL RD, RENSSELAER, NY, 12144",-73.7107330281,42.620402919773,35765883,L,False,
Richmond,36085,ambulance_als,"North Shore Rescue Squad #1, Inc.",PO Box 140702,"Staten Island, NY 10314",No_Match,,,,,,,True,PO Box address -- Census geocoder cannot resolve to a street point
Richmond,36085,ambulance_als,"Priority One Ambulance, Inc.",19 Granite Avenue,"Staten Island, NY 10312",Match,Non_Exact,"19 GRANITE AVE, STATEN ISLAND, NY, 10303",-74.147064202712,40.637138908771,59877432,L,False,
Richmond,36085,ambulance_als,"Richmond County Ambulance Service, Inc.",1355 Castleton Avenue,"Staten Island, NY 10310",Match,Exact,"1355 CASTLETON AVE, STATEN ISLAND, NY, 10310",-74.127327084437,40.633811213526,59877920,R,False,
Richmond,36085,ambulance_als,Richmond Medical Center,355 Bard Avenue,"Staten Island, NY 10310",Match,Exact,"355 BARD AVE, STATEN ISLAND, NY, 10310",-74.106531979012,40.635049908843,59878309,L,False,
Richmond,36085,ambulance_als,Staten Island University Hospital,S/A,"Staten Island, NY 10314",No_Match,,,,,,,True,No match found -- verify address manually
Richmond,36085,ambulance_als,"Vol. Heart Resus. Unit & Amb. Corps of Staten Island, Inc.",PO Box 060252,"Staten Island, NY 10306",No_Match,,,,,,,True,PO Box address -- Census geocoder cannot resolve to a street point
Rockland,36087,ambulance_als,"Chevra Hatzoloh of Rockland County, Inc.",19 Grove Street,"Monsey, NY 10952",Match,Exact,"19 GROVE ST, MONSEY, NY, 10952",-74.070435410618,41.110991937818,124627458,L,False,
Rockland,36087,ambulance_als,"Congers Valley Cottage Vol. Ambulance Corps, Inc.",PO Box 164,"Congers, NY 10920",No_Match,,,,,,,True,PO Box address -- Census geocoder cannot resolve to a street point
Rockland,36087,ambulance_als,"Haverstraw Ambulance Corps, Inc.",160 North Route 9W,"Haverstraw, NY 10927",No_Match,,,,,,,True,No match found -- verify address manually
Rockland,36087,ambulance_als,"Nanuet Community Ambulance Corps, Inc.",PO Box 152,"Nanuet, NY 10954",No_Match,,,,,,,True,PO Box address -- Census geocoder cannot resolve to a street point
Rockland,36087,ambulance_als,New City Volunteer Ambulance Corps/ Rescue Squad Inc.,PO Box 33,"New City, NY 10956",No_Match,,,,,,,True,PO Box address -- Census geocoder cannot resolve to a street point
Rockland,36087,ambulance_als,"New Square Ambulance Service, Village of",37 Reagan Road,"New Square, NY 10977",No_Match,,,,,,,True,No match found -- verify address manually
Rockland,36087,ambulance_als,"Nyack Community Ambulance Corps, Inc.",251 North Midland Avenue,"Nyack, NY 10960",Match,Exact,"251 N MIDLAND AVE, NYACK, NY, 10960",-73.923907125401,41.098575723112,647909938,R,False,
Rockland,36087,ambulance_als,Pearl River Alumni Ambulance Corp.,PO Box 1046,"Pearl River, NY 10965",No_Match,,,,,,,True,PO Box address -- Census geocoder cannot resolve to a street point
Rockland,36087,ambulance_als,"Piermont Fire Department Ambulance, Village of",554 Piermont Avenue,"Piermont, NY 10968",Match,Exact,"554 PIERMONT AVE, PIERMONT, NY, 10968",-73.917157973254,41.042452167089,124606843,L,False,
Rockland,36087,ambulance_als,"Rockland Mobile Care, Inc.",540 Chestnut Ridge Road,"Chestnut Ridge, NY 10977",Match,Exact,"540 CHESTNUT RIDGE RD, CHESTNUT RIDGE, NY, 10977",-74.047783608765,41.097011458651,124620087,L,False,
Rockland,36087,ambulance_als,"Rockland Paramedic Services, Inc.","17 Squadron Blvd., Suite 410","New City, NY 10956",Match,Exact,"17 SQUADRON BLVD, NEW CITY, NY, 10956",-73.984885841163,41.1572764577,124627605,R,False,
Rockland,36087,ambulance_als,"South Orangetown Ambulance Corps, Inc.",70 Independence Avenue,"Tappan, NY 10983",Match,Exact,"70 INDEPENDENCE AVE, TAPPAN, NY, 10983",-73.954614440063,41.035564206626,124618065,R,False,
Rockland,36087,ambulance_als,"Spring Hill Community Ambulance Corps, Inc.",48 Brick Church Road,"Spring Valley, NY 10977",Match,Exact,"48 BRICK CHURCH RD, SPRING VALLEY, NY, 10977",-74.056351460775,41.142856732072,124593088,R,False,
Rockland,36087,ambulance_als,"Stony Point Ambulance Corps, Inc.",47 South Liberty Drive,"Stony Point, NY 10980",Match,Exact,"47 S LIBERTY DR, STONY POINT, NY, 10980",-73.985354651368,41.225044044707,657636229,R,False,
Rockland,36087,ambulance_als,"William Paul Faist Volunteer Ambulance Corps, Inc.",3 Red Schoolhouse Road,"Chestnut Ridge, NY 10977",Match,Exact,"3 RED SCHOOLHOUSE RD, CHESTNUT RIDGE, NY, 10977",-74.056241743539,41.084054988333,124594489,L,False,
Saratoga,36091,ambulance_als,"Ballston Lake Emergency Squad, Inc.",PO Box 1005,"Ballston Lake, NY 12019",No_Match,,,,,,,True,PO Box address -- Census geocoder cannot resolve to a street point
Saratoga,36091,ambulance_als,"Clifton Park-Halfmoon Emergency Corps, Inc.",15 Crossing Blvd,"Clifton Park, NY 12065",Match,Exact,"15 CROSSING BLVD, CLIFTON PARK, NY, 12065",-73.771475001544,42.854558598197,18805582,R,False,
Saratoga,36091,ambulance_als,Community Emergency Corps,519 Geyser Rd,"Ballston Spa, NY 12020",Match,Exact,"519 GEYSER RD, BALLSTON SPA, NY, 12020",-73.853350458513,43.04469286773,655998242,R,False,
Saratoga,36091,ambulance_als,"Corinth Ambulance Service, Town of",600 Palmer Avenue,"Corinth, NY 12822",Match,Exact,"600 PALMER AVE, CORINTH, NY, 12822",-73.815308000562,43.246498052062,18761987,L,False,
Saratoga,36091,ambulance_als,"Day, Town of",1650 North Shore Road,"Hadley, NY 12853",Match,Non_Exact,"1650 N SHORE RD, HADLEY, NY, 12835",-74.018523901644,43.303614812657,18812517,R,False,
Saratoga,36091,ambulance_als,"Galway Ambulance Corps, Inc",2175 Galway Road,"Galway, NY 12074",Match,Exact,"2175 GALWAY RD, GALWAY, NY, 12074",-74.020831534658,43.019182921498,642841716,L,False,
Saratoga,36091,ambulance_als,"Greenfield Ambulance Service,Town of",7 Wilton Road,"Greenfield Center, NY 12833",Match,Exact,"7 WILTON RD, GREENFIELD CENTER, NY, 12833",-73.846092380073,43.128326867468,18762203,L,False,
Saratoga,36091,ambulance_als,"Malta Ambulance Corps, Inc.",PO Box 2470,"Malta, NY 12020",No_Match,,,,,,,True,PO Box address -- Census geocoder cannot resolve to a street point
Saratoga,36091,ambulance_als,"Momentive Performance Materials USA, Inc.",260 Hudson River Road,"Waterford, NY 12188",Match,Exact,"260 HUDSON RIVER RD, WATERFORD, NY, 12188",-73.665441903673,42.817368377315,18814414,L,False,
Saratoga,36091,ambulance_als,"Moreau Emergency Squad, Inc.",1583 Route 9,"Moreau, NY 12828",Match,Non_Exact,"1583 US HWY 9, FORT EDWARD, NY, 12828",-73.656234204996,43.261037515984,18778657,L,False,
Saratoga,36091,ambulance_als,"Providence, Town of",7187 Barkersville Rd,"Middle Grove, NY 12850",No_Match,,,,,,,True,No match found -- verify address manually
Saratoga,36091,ambulance_als,Saratoga Harness Racing Inc.,PO Box 356,"Saratoga Springs, NY 12866",No_Match,,,,,,,True,PO Box address -- Census geocoder cannot resolve to a street point
Saratoga,36091,ambulance_als,"Saratoga Springs, City of",60 Lake Avenue,"Saratoga Springs, NY 12866",Match,Exact,"60 LAKE AVE, SARATOGA SPRINGS, NY, 12866",-73.780876041164,43.082682923149,18813201,R,False,
Saratoga,36091,ambulance_als,"The Edinburg Emergency Squad, Inc",PO Box 904,"Northville, NY 12134",No_Match,,,,,,,True,PO Box address -- Census geocoder cannot resolve to a street point
Saratoga,36091,ambulance_als,"Waterford Rescue Squad, Inc.",PO Box 249,"Waterford, NY 12188",No_Match,,,,,,,True,PO Box address -- Census geocoder cannot resolve to a street point
Saratoga,36091,ambulance_als,"Wilton Emergency Squad, Inc.",1 Harran Lane,"Saratoga Springs, NY 12866",Match,Exact,"1 HARRAN LN, SARATOGA SPRINGS, NY, 12866",-73.734835100923,43.124794929775,18769117,R,False,
Schenectady,36093,ambulance_als,"Duanesburg Volunteer Ambulance Corps, Inc.",PO Box 130,"Delanson, NY 12053",No_Match,,,,,,,True,PO Box address -- Census geocoder cannot resolve to a street point
Schenectady,36093,ambulance_als,Knolls Atomic Power Lab Ambulance,PO Box 1072,"Schenectady, NY 12301",No_Match,,,,,,,True,PO Box address -- Census geocoder cannot resolve to a street point
Schenectady,36093,ambulance_als,Niskayuna Fire District #1,1079 Balltown Road,"Niskayuna, NY 12309",Match,Exact,"1079 BALLTOWN RD, NISKAYUNA, NY, 12309",-73.893185277787,42.803204217885,18029833,L,False,
Schenectady,36093,ambulance_als,"Parkland Ambulance Service, Inc",357 Kings Road,"Schenectady, NY 12304",Match,Exact,"357 KINGS RD, SCHENECTADY, NY, 12304",-73.912312302489,42.7752888705,18034532,R,False,
Schenectady,36093,ambulance_als,"Parkland Ambulance Service, Inc",357 Kings Road,"Schenectady, NY 12304",Match,Exact,"357 KINGS RD, SCHENECTADY, NY, 12304",-73.912312302489,42.7752888705,18034532,R,False,
Schenectady,36093,ambulance_als,"Parkland Ambulance Service, Inc.",357 Kings Road,"Schenectady, NY 12304",Match,Exact,"357 KINGS RD, SCHENECTADY, NY, 12304",-73.912312302489,42.7752888705,18034532,R,False,
Schenectady,36093,ambulance_als,"Rotterdam Emergency Medical Services, Inc.",2007 Cardiff Road,"Schenectady, NY 12303",Match,Exact,"2007 CARDIFF RD, SCHENECTADY, NY, 12303",-73.933667831034,42.779748979085,18028180,L,False,
Schenectady,36093,ambulance_als,"Schenectady Ambulance Service, Inc.",357 Kings Road,"Schenectady, NY 12304",Match,Exact,"357 KINGS RD, SCHENECTADY, NY, 12304",-73.912312302489,42.7752888705,18034532,R,False,
Schenectady,36093,ambulance_als,"Schenectady EMS, County of",2007 Cardiff Rd,"Schenectady, NY 12303",Match,Exact,"2007 CARDIFF RD, SCHENECTADY, NY, 12303",-73.933667831034,42.779748979085,18028180,L,False,
Schenectady,36093,ambulance_als,"Schenectady, City of",360 Veeder Avenue,"Schenectady, NY 12305",Match,Exact,"360 VEEDER AVE, SCHENECTADY, NY, 12305",-73.940673041266,42.809326954463,18025836,R,False,
Schenectady,36093,ambulance_als,"Scotia Fire Department, Village of",148 Mohawk Avenue,"Scotia, NY 12302",Match,Exact,"148 MOHAWK AVE, SCOTIA, NY, 12302",-73.962904392305,42.825915525138,18025164,R,False,
Schoharie,36095,ambulance_als,Carlisle Fire Department,PO Box 135,"Carlisle, NY 12031",No_Match,,,,,,,True,PO Box address -- Census geocoder cannot resolve to a street point
Schoharie,36095,ambulance_als,Central Bridge Fire District,PO Box 220,"Central Bridge, NY 12035",No_Match,,,,,,,True,PO Box address -- Census geocoder cannot resolve to a street point
Schoharie,36095,ambulance_als,"Cobleskill, Village of",PO Box 451,"Cobleskill, NY 12043",No_Match,,,,,,,True,PO Box address -- Census geocoder cannot resolve to a street point
Schoharie,36095,ambulance_als,"Conesville Rescue Squad, Inc.",1292 State Route 990 V,"Conesville, NY 12076",Match,Non_Exact,"1292 STATE RTE 990V, GILBOA, NY, 12076",-74.381041961322,42.383882901072,638535121,R,False,
Schoharie,36095,ambulance_als,"Esperance Volunteer FD Rescue Squad, Village of",115 Church Street,"Esperance, NY 12066",Match,Exact,"115 CHURCH ST, ESPERANCE, NY, 12066",-74.26053435141,42.761714716059,18906727,L,False,
Schoharie,36095,ambulance_als,Jefferson Fire District,PO Box 33,"Jefferson, NY 12093",No_Match,,,,,,,True,PO Box address -- Census geocoder cannot resolve to a street point
Schoharie,36095,ambulance_als,"Middleburgh Emergency Volunteer Ambulance Corps, Inc.",PO Box 817,"Middleburgh, NY 12122",No_Match,,,,,,,True,PO Box address -- Census geocoder cannot resolve to a street point
Schoharie,36095,ambulance_als,"Richmondville Volunteer Emergency Squad, Inc.",Box 11,"Richmondville, NY 12149",No_Match,,,,,,,True,No match found -- verify address manually
Schoharie,36095,ambulance_als,Schoharie County Emergency Medical Services,2783 NY 7,"Cobleskill, NY 12043",No_Match,,,,,,,True,No match found -- verify address manually
Schoharie,36095,ambulance_als,"Scho-Wright Ambulance Service, Inc.",PO Box 325,"Schoharie, NY 12157",No_Match,,,,,,,True,PO Box address -- Census geocoder cannot resolve to a street point
Schoharie,36095,ambulance_als,Sharon Springs Joint Fire District,PO Box 154,"Sharon Springs, NY 13459",No_Match,,,,,,,True,PO Box address -- Census geocoder cannot resolve to a street point
Schoharie,36095,ambulance_als,Summit Fire District Rescue Squad,PO Box 296,"Summit, NY 12175",No_Match,,,,,,,True,PO Box address -- Census geocoder cannot resolve to a street point
Schuyler,36097,ambulance_als,Cayuga Health Transport LLC,220 Steuben St,"Montour Falls, NY 14865",Match,Exact,"220 STEUBEN ST, MONTOUR FALLS, NY, 14865",-76.859168985312,42.351467466826,18198008,L,False,
Schuyler,36097,ambulance_als,"Hector, Town of",5097 State Rte 227,"Burdett, NY 14818",Match,Exact,"5097 STATE RTE 227, BURDETT, NY, 14818",-76.776165168252,42.463469717424,18191500,L,False,
Schuyler,36097,ambulance_als,"Schuyler County Volunteer Ambulance Association, Inc.",PO Box 2,"Watkins Glen, NY 14891",No_Match,,,,,,,True,PO Box address -- Census geocoder cannot resolve to a street point
Schuyler,36097,ambulance_als,"Valois Logan Hector Volunteer Fire Co, Inc.",PO Box 46,"Hector, NY 14841",No_Match,,,,,,,True,PO Box address -- Census geocoder cannot resolve to a street point
Seneca,36099,ambulance_als,"Covert, Town of",PO Box 265,"Interlaken, NY 14847",No_Match,,,,,,,True,PO Box address -- Census geocoder cannot resolve to a street point
Seneca,36099,ambulance_als,"North Seneca Ambulance, Inc.",1645 North Road,"Waterloo, NY 13165",Match,Exact,"1645 NORTH RD, WATERLOO, NY, 13165",-76.854970171838,42.913685308179,14664125,R,False,
Seneca,36099,ambulance_als,"South Seneca Community Volunteer Ambulance Corps, Inc.",2011 Route 96A,"Ovid, NY 14521",No_Match,,,,,,,True,No match found -- verify address manually
St. Lawrence,36089,ambulance_als,"Canton Rescue Squad, Inc",77 Riverside Drive,"Canton, NY 13617",Match,Exact,"77 RIVERSIDE DR, CANTON, NY, 13617",-75.176661848612,44.602600405808,155182176,L,False,
St. Lawrence,36089,ambulance_als,Colton Fire Department Corp.,P.O. Box 229,"Colton, NY 13625",No_Match,,,,,,,True,PO Box address -- Census geocoder cannot resolve to a street point
St. Lawrence,36089,ambulance_als,"Cranberry Lake Volunteer Fire Department, Inc.",PO Box 549,"Cranberry Lake, NY 12927",No_Match,,,,,,,True,PO Box address -- Census geocoder cannot resolve to a street point
St. Lawrence,36089,ambulance_als,"Gouverneur Rescue Squad, Inc.",PO Box 164,"Gouverneur, NY 13642",No_Match,,,,,,,True,PO Box address -- Census geocoder cannot resolve to a street point
St. Lawrence,36089,ambulance_als,Hammond Fire District,PO Box 202,"Hammond, NY 13646",No_Match,,,,,,,True,PO Box address -- Census geocoder cannot resolve to a street point
St. Lawrence,36089,ambulance_als,"Hermon Volunteer Fire Department, Inc.",PO Box 177,"Hermon, NY 13652",No_Match,,,,,,,True,PO Box address -- Census geocoder cannot resolve to a street point
St. Lawrence,36089,ambulance_als,"Lisbon Volunteer Fire Corporation, Inc.",PO Box 160,"Lisbon, NY 13658",No_Match,,,,,,,True,PO Box address -- Census geocoder cannot resolve to a street point
St. Lawrence,36089,ambulance_als,"Madrid Rescue Squad, Inc.",PO Box 129,"Madrid, NY 13660",No_Match,,,,,,,True,PO Box address -- Census geocoder cannot resolve to a street point
St. Lawrence,36089,ambulance_als,"Massena Volunteer Emergency Unit, Inc.",PO Box 5314,"Massena, NY 13662",No_Match,,,,,,,True,PO Box address -- Census geocoder cannot resolve to a street point
St. Lawrence,36089,ambulance_als,"Morristown Volunteer Fire Company, Inc.",PO Box 4,"Morristown, NY 13664",No_Match,,,,,,,True,PO Box address -- Census geocoder cannot resolve to a street point
St. Lawrence,36089,ambulance_als,"Norfolk Volunteer Rescue Squad, Inc.",PO Box 519,"Norfolk, NY 13667",No_Match,,,,,,,True,PO Box address -- Census geocoder cannot resolve to a street point
St. Lawrence,36089,ambulance_als,"Ogdensburg Volunteer Rescue Squad, Inc.",PO Box 172,"Ogdensburg, NY 13669",No_Match,,,,,,,True,PO Box address -- Census geocoder cannot resolve to a street point
St. Lawrence,36089,ambulance_als,"Parishville Volunteer Fire Company, Inc., The",PO Box 264,"Parishville, NY 13672",No_Match,,,,,,,True,PO Box address -- Census geocoder cannot resolve to a street point
St. Lawrence,36089,ambulance_als,"Phillgrey, Inc.",202 North Main Street,"Massena, NY 13662",Match,Exact,"202 N MAIN ST, MASSENA, NY, 13662",-74.899176991183,44.942056578503,155155176,L,False,
St. Lawrence,36089,ambulance_als,"Potsdam Volunteer Rescue Squad, Inc.",PO Box 700,"Potsdam, NY 13676",No_Match,,,,,,,True,PO Box address -- Census geocoder cannot resolve to a street point
St. Lawrence,36089,ambulance_als,"Rensselaer Falls Volunteer Rescue Squad, Inc.",PO Box 164,"Rensselaer Falls, NY 13680",No_Match,,,,,,,True,PO Box address -- Census geocoder cannot resolve to a street point
St. Lawrence,36089,ambulance_als,"Star Lake Volunteer Fire Department, Inc.",PO Box 22,"Star Lake, NY 13690",No_Match,,,,,,,True,PO Box address -- Census geocoder cannot resolve to a street point
St. Lawrence,36089,ambulance_als,"Tri-Town Volunteer Rescue Squad, Inc.",PO Box 238,"Brasher Falls, NY 13613",No_Match,,,,,,,True,PO Box address -- Census geocoder cannot resolve to a street point
St. Lawrence,36089,ambulance_als,"Waddington Rescue Squad, Inc.",PO Box 331,"Waddington, NY 13694",No_Match,,,,,,,True,PO Box address -- Census geocoder cannot resolve to a street point
St. Lawrence,36089,ambulance_als,"West Potsdam Volunteer Fire Company, Inc.",801 County Route 34,"Potsdam, NY 13676",Match,Exact,"801 CO RD 34, POTSDAM, NY, 13676",-75.091778301552,44.687000213834,155179598,L,False,
Steuben,36101,ambulance_als,"Addison Volunteer Fire Department, Inc.",1 Tuscarora Street,"Addison, NY 14801",Match,Exact,"1 TUSCARORA ST, ADDISON, NY, 14801",-77.234430011026,42.105083644452,14721760,L,False,
Steuben,36101,ambulance_als,Avoca Fire District,PO Box 447,"Avoca, NY 14809",No_Match,,,,,,,True,PO Box address -- Census geocoder cannot resolve to a street point
Steuben,36101,ambulance_als,"Bradford Emergency Medical Services, Inc.",7603 County Route 30,"Bradford, NY 14815",No_Match,,,,,,,True,No match found -- verify address manually
Steuben,36101,ambulance_als,"Canisteo Volunteer Fire Department, Village of",14 South Main Street,"Canisteo, NY 14823",Match,Exact,"14 S MAIN ST, CANISTEO, NY, 14823",-77.604462598948,42.269417859764,14711601,L,False,
Steuben,36101,ambulance_als,"Cohocton Ambulance, Town of",PO Bix 144,"Cohocton, NY 14826",No_Match,,,,,,,True,No match found -- verify address manually
Steuben,36101,ambulance_als,"Corning Ambulance Service, Inc.",PO Box 1017,"Corning, NY 14830",No_Match,,,,,,,True,PO Box address -- Census geocoder cannot resolve to a street point
Steuben,36101,ambulance_als,"Corning Ambulance Service, Inc.",PO Box 1017,"Corning, NY 14830",No_Match,,,,,,,True,PO Box address -- Census geocoder cannot resolve to a street point
Steuben,36101,ambulance_als,Finger Lakes Health Care Veterans Administration Fire Department,76 Veterans Avenue Bldg 14,"Bath, NY 14810",No_Match,,,,,,,True,No match found -- verify address manually
Steuben,36101,ambulance_als,"Fremont Volunteer Fire Department #1, Inc.",PO Box 462,"Arkport, NY 14807",No_Match,,,,,,,True,PO Box address -- Census geocoder cannot resolve to a street point
Steuben,36101,ambulance_als,"Greenwood Volunteer Fire Company No. 1, Inc.",PO Box 977,"Greenwood, NY 14839",No_Match,,,,,,,True,PO Box address -- Census geocoder cannot resolve to a street point
Steuben,36101,ambulance_als,"Hornell Fire Department Ambulance, City of",110 Broadway,"Hornell, NY 14843",Match,Exact,"110 BROADWAY, HORNELL, NY, 14843",-77.661235591444,42.32482304785,14757721,L,False,
Steuben,36101,ambulance_als,Jasper Fire District,PO Box 118,"Jasper, NY 14855",No_Match,,,,,,,True,PO Box address -- Census geocoder cannot resolve to a street point
Steuben,36101,ambulance_als,Prattsburgh Fire District Ambulance Corps,P.O. Box 232,"Prattsburgh, NY 14873",No_Match,,,,,,,True,PO Box address -- Census geocoder cannot resolve to a street point
Steuben,36101,ambulance_als,Pulteney Fire District,PO Box 56,"Pulteney, NY 14874",No_Match,,,,,,,True,PO Box address -- Census geocoder cannot resolve to a street point
Steuben,36101,ambulance_als,Springwater-Wayland Emergency Medical Services,PO Box 625,"Wayland, NY 14572",No_Match,,,,,,,True,PO Box address -- Census geocoder cannot resolve to a street point
Steuben,36101,ambulance_als,"Steuben, County of",3 East Pulteney Square,"Bath, NY 14810",Match,Non_Exact,"3 PULTENEY SQ E, BATH, NY, 14810",-77.317661764203,42.332535242059,14712607,R,False,
Steuben,36101,ambulance_als,"Tuscarora Ambulance, Town of",1096 Gill Road,"Addison, NY 14801",Match,Exact,"1096 GILL RD, ADDISON, NY, 14801",-77.271319260261,42.055233706669,14721378,R,False,
Steuben,36101,ambulance_als,Volunteer Ambulance Corps of Bath NY Inc.,110 East Steuben Street,"Bath, NY 14810",Match,Exact,"110 E STEUBEN ST, BATH, NY, 14810",-77.314676073959,42.333266364268,14712703,L,False,
Steuben,36101,ambulance_als,Wayne Fire District,PO Box 91,"Wayne, NY 14893",No_Match,,,,,,,True,PO Box address -- Census geocoder cannot resolve to a street point
Steuben,36101,ambulance_als,Woodhull Fire District,PO Box 303,"Woodhull, NY 14898",No_Match,,,,,,,True,PO Box address -- Census geocoder cannot resolve to a street point
Suffolk,36103,ambulance_als,Amagansett Fire District,P.O. Box 50,"Amagansett, NY 11930",No_Match,,,,,,,True,PO Box address -- Census geocoder cannot resolve to a street point
Suffolk,36103,ambulance_als,"Ambulance Committee of the Moriches, Inc.",PO Box 295,"East Moriches, NY 11940",No_Match,,,,,,,True,PO Box address -- Census geocoder cannot resolve to a street point
Suffolk,36103,ambulance_als,"American Medical Response of New York, LLC",299 Feldman Court,"Bayshore, NY 11716",No_Match,,,,,,,True,No match found -- verify address manually
Suffolk,36103,ambulance_als,"Amityville Fire Department, Village of",PO Box 725,"Amityville, NY 11701",No_Match,,,,,,,True,PO Box address -- Census geocoder cannot resolve to a street point
Suffolk,36103,ambulance_als,"Babylon Fire Department, Village of",153 West Main Street,"Babylon, NY 11702",Match,Exact,"153 W MAIN ST, BABYLON, NY, 11702",-73.325842040372,40.695881572421,113978515,R,False,
Suffolk,36103,ambulance_als,"Bay Shore-Brightwaters Rescue Ambulance, Inc.",911 Aletta Place,"Bayshore, NY 11706",Match,Exact,"911 ALETTA PL, BAY SHORE, NY, 11706",-73.243059254784,40.726539397499,113996537,L,False,
Suffolk,36103,ambulance_als,"Brentwood Legion Ambulance Service, Inc.",PO Box 506,"Brentwood, NY 11717",No_Match,,,,,,,True,PO Box address -- Census geocoder cannot resolve to a street point
Suffolk,36103,ambulance_als,Bridgehampton Fire District,PO Box 958,"Bridgehampton, NY 11932",No_Match,,,,,,,True,PO Box address -- Census geocoder cannot resolve to a street point
Suffolk,36103,ambulance_als,"Brookhaven Ambulance Company, Inc.",PO Box 596,"Brookhaven, NY 11719",No_Match,,,,,,,True,PO Box address -- Census geocoder cannot resolve to a street point
Suffolk,36103,ambulance_als,Brookhaven National Laboratory,PO Box 5000,"Upton, NY 11973",No_Match,,,,,,,True,PO Box address -- Census geocoder cannot resolve to a street point
Suffolk,36103,ambulance_als,Center Moriches Fire District,301 Main Street,"Center Moriches, NY 11934",No_Match,,,,,,,True,No match found -- verify address manually
Suffolk,36103,ambulance_als,Centereach Fire District,9 South Washington Avenue,"Centereach, NY 11720",Match,Exact,"9 S WASHINGTON AVE, CENTEREACH, NY, 11720",-73.089312970623,40.856819363796,114046487,R,False,
Suffolk,36103,ambulance_als,"Centerport Fire Department, Inc.",9 Park Circle,"Centerport, NY 11721",Match,Exact,"9 PARK CIR, CENTERPORT, NY, 11721",-73.368256405268,40.887147983028,113964263,L,False,
Suffolk,36103,ambulance_als,"Central Islip-Hauppauge Volunteer Ambulance, Inc.",4 Pineville Road,"Central Islip, NY 11722",Match,Exact,"4 PINEVILLE RD, CENTRAL ISLIP, NY, 11722",-73.197852709653,40.791725941683,638315238,L,False,
Suffolk,36103,ambulance_als,"CHS Ambulance Services, Inc.",1600 Locust Avenue,"Bohemia, NY 11716",Match,Exact,"1600 LOCUST AVE, BOHEMIA, NY, 11716",-73.11741044948,40.783180640222,638305416,L,False,
Suffolk,36103,ambulance_als,Cold Spring Harbor Fire District,2 Main Street,"Cold Spring Harbor, NY 11724",Match,Non_Exact,"2 W MAIN ST, COLD SPRING HARBOR, NY, 11724",-73.459971062526,40.86998423344,113962496,L,False,
Suffolk,36103,ambulance_als,"Commack Volunteer Ambulance Corporation, Inc.",PO Box 819,"Commack, NY 11725",No_Match,,,,,,,True,PO Box address -- Census geocoder cannot resolve to a street point
Suffolk,36103,ambulance_als,"Community Ambulance Company, Inc.",PO Box 450,"Sayville, NY 11782",No_Match,,,,,,,True,PO Box address -- Census geocoder cannot resolve to a street point
Suffolk,36103,ambulance_als,Comprehensive Ambulance Service - Bi County LLC,1600 Locust Avenue,"Bohemia, NY 11716",Match,Exact,"1600 LOCUST AVE, BOHEMIA, NY, 11716",-73.11741044948,40.783180640222,638305416,L,False,
Suffolk,36103,ambulance_als,"Comprehensive Ambulance Service - Long Island, LLC",1600 Locust Avenue,"Bohemia, NY 11716",Match,Exact,"1600 LOCUST AVE, BOHEMIA, NY, 11716",-73.11741044948,40.783180640222,638305416,L,False,
Suffolk,36103,ambulance_als,"Comprehensive Ambulance Service - Suffolk, LLC",1600 Locust Avenue,"Bohemia, NY 11716",Match,Exact,"1600 LOCUST AVE, BOHEMIA, NY, 11716",-73.11741044948,40.783180640222,638305416,L,False,
Suffolk,36103,ambulance_als,Copiague Fire District,320 Great Neck Road,"Copiague, NY 11726",Match,Exact,"320 GREAT NECK RD, COPIAGUE, NY, 11726",-73.394547049827,40.671445620708,113974245,R,False,
Suffolk,36103,ambulance_als,"Coram Volunteer Fire Department, Inc.",303 Middle Country Road,"Coram, NY 11727",No_Match,,,,,,,True,No match found -- verify address manually
Suffolk,36103,ambulance_als,Cutchogue Fire District,260 New Suffolk Road,"Cutchogue, NY 11935",Match,Exact,"260 NEW SUFFOLK RD, CUTCHOGUE, NY, 11935",-72.484780387442,41.010126233454,113956688,L,False,
Suffolk,36103,ambulance_als,Deer Park Fire District # 14,PO Box 293,"Deer Park, NY 11729",No_Match,,,,,,,True,PO Box address -- Census geocoder cannot resolve to a street point
Suffolk,36103,ambulance_als,Dix Hills Fire District,115 East Deer Park Road,"Dix Hills, NY 11746",Match,Exact,"115 E DEER PARK RD, DIX HILLS, NY, 11746",-73.343204198639,40.826318268012,113968774,L,False,
Suffolk,36103,ambulance_als,"East Brentwood Emergency Medical Services, Inc",26 Fulton Street,"Brentwood, NY 11717",Match,Exact,"26 FULTON ST, BRENTWOOD, NY, 11717",-73.230091278608,40.789277212495,113985214,L,False,
Suffolk,36103,ambulance_als,"East Farmingdale Volunteer Fire Company, Inc.",930 Conklin Street,"East Farmingdale, NY 11735",Match,Non_Exact,"930 CONKLIN ST, FARMINGDALE, NY, 11735",-73.427347860833,40.737219954264,113970503,R,False,
Suffolk,36103,ambulance_als,"East Hampton, Village of",One Cedar Street,"East Hampton, NY 11937",Match,Exact,"1 CEDAR ST, EAST HAMPTON, NY, 11937",-72.167497741411,41.002819123976,113961578,L,False,
Suffolk,36103,ambulance_als,East Islip Fire District,30 East Main St,"East Islip, NY 11730",Match,Exact,"30 E MAIN ST, EAST ISLIP, NY, 11730",-73.188952969682,40.73146484473,114240928,R,False,
Suffolk,36103,ambulance_als,East Marion Fire District,PO Box 131,"East Marion, NY 11939",No_Match,,,,,,,True,PO Box address -- Census geocoder cannot resolve to a street point
Suffolk,36103,ambulance_als,East Northport Fire District,1 Ninth Avenue,"East Northport, NY 11731",Match,Exact,"1 9TH AVE, EAST NORTHPORT, NY, 11731",-73.325463476329,40.879030174192,113965397,L,False,
Suffolk,36103,ambulance_als,"East Quogue Fire Department, Inc.",PO Box 860,"East Quogue, NY 11942",No_Match,,,,,,,True,PO Box address -- Census geocoder cannot resolve to a street point
Suffolk,36103,ambulance_als,Eatons Neck Fire District,55 Eatons Neck Road,"Northport, NY 11768",Match,Exact,"55 EATONS NECK RD, NORTHPORT, NY, 11768",-73.397198007662,40.937344781478,114033619,L,False,
Suffolk,36103,ambulance_als,Exchange Ambulance Corporation of the Islips,100 Carleton Ave,"East Islip, NY 11730",Match,Exact,"100 CARLETON AVE, EAST ISLIP, NY, 11730",-73.191544856823,40.734625331688,113998319,R,False,
Suffolk,36103,ambulance_als,Fair Harbor Fire District,P.O. Box 5492,"Bay Shore, NY 11706",No_Match,,,,,,,True,PO Box address -- Census geocoder cannot resolve to a street point
Suffolk,36103,ambulance_als,Farmingville Fire District,780 Horseblock Road,"Farmingville, NY 11738",Match,Exact,"780 HORSEBLOCK RD, FARMINGVILLE, NY, 11738",-73.031563806843,40.831411165239,114008031,R,False,
Suffolk,36103,ambulance_als,Fishers Island Fire District,PO Box 222,"Fishers Island, NY 06390",No_Match,,,,,,,True,PO Box address -- Census geocoder cannot resolve to a street point
Suffolk,36103,ambulance_als,"Flanders Northampton Volunteer Ambulance Co., Inc",641 Flanders Road,"Flanders, NY 11901",Match,Exact,"641 FLANDERS RD, FLANDERS, NY, 11901",-72.637135877267,40.909519481532,114024683,R,False,
Suffolk,36103,ambulance_als,"Gordon Heights Volunteer Fire Department, Inc.",PO Box  26,"Middle Island, NY 11953",No_Match,,,,,,,True,PO Box address -- Census geocoder cannot resolve to a street point
Suffolk,36103,ambulance_als,Greenlawn Fire District,23 Boulevard Avenue,"Greenlawn, NY 11740",Match,Exact,"23 BOULEVARD AVE, GREENLAWN, NY, 11740",-73.363283512592,40.869530025494,113964605,L,False,
Suffolk,36103,ambulance_als,"Greenport Fire Department Rescue Squad, Village of",PO Box 58,"Greenport, NY 11944",No_Match,,,,,,,True,PO Box address -- Census geocoder cannot resolve to a street point
Suffolk,36103,ambulance_als,Halesite Fire District,1 North New York Avenue,"Halesite, NY 11743",Match,Non_Exact,"1 NEW YORK AVE, HALESITE, NY, 11743",-73.415436505262,40.888803449746,114033797,R,False,
Suffolk,36103,ambulance_als,"Hampton Bays Volunteer Ambulance Corp, Inc.",PO Box 997,"Hampton Bays, NY 11946",No_Match,,,,,,,True,PO Box address -- Census geocoder cannot resolve to a street point
Suffolk,36103,ambulance_als,Holbrook Fire District,390 Terry Blvd,"Holbrook, NY 11741",Match,Exact,"390 TERRY BLVD, HOLBROOK, NY, 11741",-73.073856576479,40.796074527105,114006739,R,False,
Suffolk,36103,ambulance_als,Holtsville Fire District,1025 Waverly Avenue,"Holtsville, NY 11742",Match,Exact,"1025 WAVERLY AVE, HOLTSVILLE, NY, 11742",-73.04474538436,40.81526883492,114007662,R,False,
Suffolk,36103,ambulance_als,"Huntington Community First Aid Squad, Inc.",2 Railroad Street,"Huntington Station, NY 11746",Match,Exact,"2 RAILROAD ST, HUNTINGTON STATION, NY, 11746",-73.413101767199,40.852325551371,113965657,L,False,
Suffolk,36103,ambulance_als,Islip Fire District,28 Monell Avenue,"Islip, NY 11751",Match,Exact,"28 MONELL AVE, ISLIP, NY, 11751",-73.214685393907,40.728030770056,113998338,R,False,
Suffolk,36103,ambulance_als,Kings Park Fire District,PO Box 605,"Kings Park, NY 11754",No_Match,,,,,,,True,PO Box address -- Census geocoder cannot resolve to a street point
Suffolk,36103,ambulance_als,Lake Ronkonkoma Fire District,177 Portion Road,"Ronkonkoma, NY 11779",Match,Exact,"177 PORTION RD, RONKONKOMA, NY, 11779",-73.105676619404,40.826775257494,114005136,L,False,
Suffolk,36103,ambulance_als,Lakeland Fire District,929 Johnson Avenue,"Ronkonkoma, NY 11779",Match,Exact,"929 JOHNSON AVE, RONKONKOMA, NY, 11779",-73.125127612964,40.807469143011,113992342,L,False,
Suffolk,36103,ambulance_als,"Lindenhurst Fire Department, Village of",225 S. Wellwood Ave,"Lindenhurst, NY 11757",Match,Exact,"225 S WELLWOOD AVE, LINDENHURST, NY, 11757",-73.371717236288,40.685203706829,113974116,R,False,
Suffolk,36103,ambulance_als,"Manorville Community Ambulance, Inc.",184 South Street,"Manorville, NY 11949",Match,Exact,"184 SOUTH ST, MANORVILLE, NY, 11949",-72.822423258003,40.85447591949,642834329,R,False,
Suffolk,36103,ambulance_als,"Mastic Beach Ambulance Company, Inc.",PO Box 523,"Mastic Beach, NY 11951",No_Match,,,,,,,True,PO Box address -- Census geocoder cannot resolve to a street point
Suffolk,36103,ambulance_als,"Mastic Volunteer Ambulance Company, Inc.",PO Box 5,"Mastic, NY 11950",No_Match,,,,,,,True,PO Box address -- Census geocoder cannot resolve to a street point
Suffolk,36103,ambulance_als,Mattituck Fire District,PO Box 666,"Mattituck, NY 11952",No_Match,,,,,,,True,PO Box address -- Census geocoder cannot resolve to a street point
Suffolk,36103,ambulance_als,"Medford Volunteer Ambulance, Inc.",1005 Sipp Avenue,"Medford, NY 11763",Match,Exact,"1005 SIPP AVE, MEDFORD, NY, 11763",-72.974720631251,40.803557057008,114013467,L,False,
Suffolk,36103,ambulance_als,Melville Fire District,531 Sweet Hollow Road,"Melville, NY 11747",Match,Exact,"531 SWEET HOLLOW RD, MELVILLE, NY, 11747",-73.419880091525,40.792313308302,113967375,R,False,
Suffolk,36103,ambulance_als,Middle Island Fire District,PO Box 203,"Middle Island, NY 11953",No_Match,,,,,,,True,PO Box address -- Census geocoder cannot resolve to a street point
Suffolk,36103,ambulance_als,Miller Place Fire District,12 Miller Place Road,"Miller Place, NY 11764",Match,Exact,"12 MILLER PLACE RD, MILLER PLACE, NY, 11764",-72.991577428217,40.950734015829,114251039,R,False,
Suffolk,36103,ambulance_als,Montauk Fire Department,12 Flamingo Avenue,"Montauk, NY 11954",Match,Exact,"12 FLAMINGO AVE, MONTAUK, NY, 11954",-71.946700555956,41.067258865072,114031814,L,False,
Suffolk,36103,ambulance_als,Nesconset Fire District,25 Gibbs Pond Road,"Nesconset, NY 11767",Match,Exact,"25 GIBBS POND RD, NESCONSET, NY, 11767",-73.152277736811,40.856094776037,624674099,L,False,
Suffolk,36103,ambulance_als,"Nissequogue Fire Department, Village of",643 Moriches Road,"St. James, NY 11780",Match,Exact,"643 MORICHES RD, SAINT JAMES, NY, 11780",-73.200788496313,40.899846974815,648205845,L,False,
Suffolk,36103,ambulance_als,"North Amityville Fire Company, Inc.",601 North Broadway,"Amityville, NY 11701",Match,Non_Exact,"601 BROADWAY, AMITYVILLE, NY, 11701",-73.423273263746,40.69429602491,657010931,R,False,
Suffolk,36103,ambulance_als,"North Babylon Volunteer Fire Company, Inc.",20 Hale Road,"North Babylon, NY 11703",Match,Exact,"20 HALE RD, NORTH BABYLON, NY, 11703",-73.319805468721,40.727469550509,638210380,R,False,
Suffolk,36103,ambulance_als,"North Lindenhurst Volunteer Fire Department, Inc.",1630 Straight Path,"Lindenhurst, NY 11757",Match,Exact,"1630 STRAIGHT PATH, LINDENHURST, NY, 11757",-73.385769737803,40.706926094129,113971757,L,False,
Suffolk,36103,ambulance_als,North Patchogue Fire District,33 Davidson Ave,"North Patchogue, NY 11772",No_Match,,,,,,,True,No match found -- verify address manually
Suffolk,36103,ambulance_als,"Northport Fire Department, Village of",204 Main Street,"Northport, NY 11768",Match,Exact,"204 MAIN ST, NORTHPORT, NY, 11768",-73.347532488737,40.900765654599,113964384,R,False,
Suffolk,36103,ambulance_als,"Ocean Beach Fire Department, Village of",PO Box 386,"Ocean Beach, NY 11770",No_Match,,,,,,,True,PO Box address -- Census geocoder cannot resolve to a street point
Suffolk,36103,ambulance_als,Orient Fire District,23300 Main Road,"Orient, NY 11957",Match,Exact,"23300 MAIN RD, ORIENT, NY, 11957",-72.300175201731,41.143137453892,113953388,L,False,
Suffolk,36103,ambulance_als,"Patchogue Fire Department Ambulance Co., Inc.",336 West Main Street,"Patchogue, NY 11772",Match,Exact,"336 W MAIN ST, PATCHOGUE, NY, 11772",-73.02651555958,40.762602689886,114009338,R,False,
Suffolk,36103,ambulance_als,Plum Island Ambulance,PO Box 2091,"Greenport, NY 11944",No_Match,,,,,,,True,PO Box address -- Census geocoder cannot resolve to a street point
Suffolk,36103,ambulance_als,"Port Jefferson Volunteer Ambulance Corps, Inc.",25 Crystal Brook Hollow Road,"Mt. Sinai, NY 11766",Match,Exact,"25 CRYSTAL BROOK HOLLOW RD, MOUNT SINAI, NY, 11766",-73.036507186744,40.933986655476,638184199,L,False,
Suffolk,36103,ambulance_als,Ridge Fire District,20 Francis Mooney Drive,"Ridge, NY 11961",Match,Exact,"20 FRANCIS MOONEY DR, RIDGE, NY, 11961",-72.877299058987,40.897937111524,114017454,L,False,
Suffolk,36103,ambulance_als,"Riverhead Volunteer Ambulance Corps, Inc.",PO Box 924,"Riverhead, NY 11901",No_Match,,,,,,,True,PO Box address -- Census geocoder cannot resolve to a street point
Suffolk,36103,ambulance_als,Rocky Point Fire District,PO Box 370,"Shoreham, NY 11786",No_Match,,,,,,,True,PO Box address -- Census geocoder cannot resolve to a street point
Suffolk,36103,ambulance_als,"Sag Harbor Volunteer Ambulance, Village of",PO Box 2725,"Sag Harbor, NY 11963",No_Match,,,,,,,True,PO Box address -- Census geocoder cannot resolve to a street point
Suffolk,36103,ambulance_als,"Saltaire Volunteer Fire Company, Inc.",PO Box 5375,"Bay Shore, NY 11706",No_Match,,,,,,,True,PO Box address -- Census geocoder cannot resolve to a street point
Suffolk,36103,ambulance_als,Selden Fire District,44 Woodmere Place,"Selden, NY 11784",Match,Exact,"44 WOODMERE PL, SELDEN, NY, 11784",-73.038817803423,40.864920131772,114004041,R,False,
Suffolk,36103,ambulance_als,Setauket Fire District,26 Hulse Road,"Setauket, NY 11773",Match,Non_Exact,"26 HULSE RD, SETAUKET, NY, 11733",-73.081432886931,40.934420923223,114058872,R,False,
Suffolk,36103,ambulance_als,"Shelter Island Emergency Medical Services, Town of",PO Box 970,"Shelter Island, NY 11964",No_Match,,,,,,,True,PO Box address -- Census geocoder cannot resolve to a street point
Suffolk,36103,ambulance_als,Shirley Community Ambulance Corp,PO Box 72,"Shirley, NY 11967",No_Match,,,,,,,True,PO Box address -- Census geocoder cannot resolve to a street point
Suffolk,36103,ambulance_als,Smithtown Fire District,100 Elm Avenue,"Smithtown, NY 11787",No_Match,,,,,,,True,No match found -- verify address manually
Suffolk,36103,ambulance_als,Sound Beach Fire District,152 Sound Beach Boulevard,"Sound Beach, NY 11789",Match,Exact,"152 SOUND BEACH BLVD, SOUND BEACH, NY, 11789",-72.966036464166,40.954736735838,114010367,L,False,
Suffolk,36103,ambulance_als,"Southampton Village Volunteer Emergency Ambulance Service, Inc.",PO Box 832,"Southampton, NY 11968",No_Match,,,,,,,True,PO Box address -- Census geocoder cannot resolve to a street point
Suffolk,36103,ambulance_als,"Southampton Volunteer Ambulance, Inc.",PO Box 2760,"Southampton, NY 11969",No_Match,,,,,,,True,PO Box address -- Census geocoder cannot resolve to a street point
Suffolk,36103,ambulance_als,Southold Fire District,PO Box 908,"Southold, NY 11971",No_Match,,,,,,,True,PO Box address -- Census geocoder cannot resolve to a street point
Suffolk,36103,ambulance_als,Springs Fire District,179 Fort Pond Boulevard,"East Hampton, NY 11937",Match,Exact,"179 FORT POND BLVD, EAST HAMPTON, NY, 11937",-72.157573016007,41.025796531359,114066121,L,False,
Suffolk,36103,ambulance_als,St. James Fire District,221 Jefferson Avenue,"St. James, NY 11780",Match,Exact,"221 JEFFERSON AVE, SAINT JAMES, NY, 11780",-73.159408669604,40.875219897242,113987504,R,False,
Suffolk,36103,ambulance_als,Stony Brook Fire District,147 Main Street,"Stony Brook, NY 11790",Match,Exact,"147 MAIN ST, STONY BROOK, NY, 11790",-73.14741905308,40.9174290478,113986686,L,False,
Suffolk,36103,ambulance_als,"Stony Brook Volunteer Ambulance Corps, Inc.",4780 SUNY,"Stony Brook, NY 11790",No_Match,,,,,,,True,No match found -- verify address manually
Suffolk,36103,ambulance_als,"Stony Brook, University Hospital, SUNY at",101 Nicolls Road EMS RM 4-188,"Stony Brook, NY 11794",No_Match,,,,,,,True,No match found -- verify address manually
Suffolk,36103,ambulance_als,Suffolk County,"360 Yaphank Avenue, Suite 1B","Yaphank, NY 11980",Match,Exact,"360 YAPHANK AVE, YAPHANK, NY, 11980",-72.915056101737,40.809141656362,641611781,R,False,
Suffolk,36103,ambulance_als,Suffolk County Police Department,502 Wicks Road  (Attn. EMTU),"Brentwood, NY 11980",Match,Non_Exact,"502 WICKS RD, BRENTWOOD, NY, 11717",-73.268971349757,40.803604925461,113982919,L,False,
Suffolk,36103,ambulance_als,Terryville Fire District,19 Jayne Blvd,"Port Jefferson Station, NY 11776",Match,Exact,"19 JAYNE BLVD, PORT JEFFERSON STATION, NY, 11776",-73.048917782633,40.926139589756,114002825,L,False,
Suffolk,36103,ambulance_als,Wading River Fire District,1503 North Country Rd,"Wading River, NY 11792",Match,Exact,"1503 N COUNTRY RD, WADING RIVER, NY, 11792",-72.847410199322,40.953136558304,114017626,R,False,
Suffolk,36103,ambulance_als,West Babylon Fire District,126 Arnold Avenue,"West Babylon, NY 11704",Match,Exact,"126 ARNOLD AVE, WEST BABYLON, NY, 11704",-73.344539087266,40.700817106627,113977709,L,False,
Suffolk,36103,ambulance_als,West Islip Fire District,309 Union Blvd,"West Islip, NY 11795",Match,Exact,"309 UNION BLVD, WEST ISLIP, NY, 11795",-73.306117980347,40.706306020702,113993679,R,False,
Suffolk,36103,ambulance_als,"Westhampton War Memorial Ambulance Association, Inc",3 Hazelwood Avenue,"Westhampton Beach, NY 11978",Match,Exact,"3 HAZELWOOD AVE, WESTHAMPTON BEACH, NY, 11978",-72.645279638988,40.822111538548,114239196,R,False,
Suffolk,36103,ambulance_als,Wyandanch-Wheatley Heights Ambulance Corps,PO Box 527,"Wyandanch, NY 11798",No_Match,,,,,,,True,PO Box address -- Census geocoder cannot resolve to a street point
Suffolk,36103,ambulance_als,Yaphank Fire District,31 Main Street,"Yaphank, NY 11980",Match,Exact,"31 MAIN ST, YAPHANK, NY, 11980",-72.931228944169,40.840992844636,114273790,L,False,
Sullivan,36105,ambulance_als,"Bethel Volunteer Ambulance Corps, Inc.",PO Box 31,"White Lake, NY 12786",No_Match,,,,,,,True,PO Box address -- Census geocoder cannot resolve to a street point
Sullivan,36105,ambulance_als,"Grahamsville First Aid Squad, Inc.",PO Box 152,"Grahamsville, NY 12740",No_Match,,,,,,,True,PO Box address -- Census geocoder cannot resolve to a street point
Sullivan,36105,ambulance_als,"Highland Ambulance Service, Inc.",PO Box 215 - Yulan NY 12792,"Eldred, NY 12732",No_Match,,,,,,,True,PO Box address -- Census geocoder cannot resolve to a street point
Sullivan,36105,ambulance_als,"Jeffersonville Volunteer First Aid Corps, Inc.",PO Box 396,"Jeffersonville, NY 12748",No_Match,,,,,,,True,PO Box address -- Census geocoder cannot resolve to a street point
Sullivan,36105,ambulance_als,"Lumberland Fire Department, Inc.",PO Box 91,"Glen Spey, NY 12737",No_Match,,,,,,,True,PO Box address -- Census geocoder cannot resolve to a street point
Sullivan,36105,ambulance_als,"Mamakating First Aid Squad, Inc.",PO Box 525,"Wurtsboro, NY 12790",No_Match,,,,,,,True,PO Box address -- Census geocoder cannot resolve to a street point
Sullivan,36105,ambulance_als,"Monticello Raceway Management, Inc.",PO Box 5013,"Monticello, NY 12701",No_Match,,,,,,,True,PO Box address -- Census geocoder cannot resolve to a street point
Sullivan,36105,ambulance_als,Mountaindale Fire District,PO Box 203,"Mountaindale, NY 12763",No_Match,,,,,,,True,PO Box address -- Census geocoder cannot resolve to a street point
Sullivan,36105,ambulance_als,"Neversink Fire Department, Inc.",PO Box 468,"Neversink, NY 12765",No_Match,,,,,,,True,PO Box address -- Census geocoder cannot resolve to a street point
Sullivan,36105,ambulance_als,R & R Volunteer Ambulance Corp,PO Box 321,"Roscoe, NY 12776",No_Match,,,,,,,True,PO Box address -- Census geocoder cannot resolve to a street point
Sullivan,36105,ambulance_als,"Rock Hill Volunteer Ambulance Corps, Inc.",PO Box 1,"Rock Hill, NY 12775",No_Match,,,,,,,True,PO Box address -- Census geocoder cannot resolve to a street point
Sullivan,36105,ambulance_als,"Sullivan, County of",100 North St.,"Monticello, NY 12701",Match,Exact,"100 NORTH ST, MONTICELLO, NY, 12701",-74.690318673967,41.657475200696,129011295,R,False,
Sullivan,36105,ambulance_als,"Town of Cochecton Vol Ambulance Corps, Inc.",PO Box 4,"Lake Huntington, NY 12752",No_Match,,,,,,,True,PO Box address -- Census geocoder cannot resolve to a street point
Sullivan,36105,ambulance_als,"Tusten Volunteer Ambulance Service, Inc.",PO Box 34,"Narrowsburg, NY 12764",No_Match,,,,,,,True,PO Box address -- Census geocoder cannot resolve to a street point
Sullivan,36105,ambulance_als,"Upper Delaware Ambulance Corps, Inc.",PO Box 258,"Hankins, NY 12741",No_Match,,,,,,,True,PO Box address -- Census geocoder cannot resolve to a street point
Sullivan,36105,ambulance_als,Volunteer Ambulance Corps of Livingston Manor Inc.,PO Box 1,"Livingston Manor, NY 12758",No_Match,,,,,,,True,PO Box address -- Census geocoder cannot resolve to a street point
Sullivan,36105,ambulance_als,Woodbourne Fire District First Aid Squad,P.O. Box 583,"Woodbourne, NY 12788",No_Match,,,,,,,True,PO Box address -- Census geocoder cannot resolve to a street point
Tioga,36107,ambulance_als,"Apalachin Fire Department, Inc.",PO Box 572,"Apalachin, NY 13732",No_Match,,,,,,,True,PO Box address -- Census geocoder cannot resolve to a street point
Tioga,36107,ambulance_als,"Candor Emergency Squad, Inc.",PO Box 141,"Candor, NY 13743",No_Match,,,,,,,True,PO Box address -- Census geocoder cannot resolve to a street point
Tioga,36107,ambulance_als,Nichols Joint Fire District,PO Box 332,"Nichols, NY 13812",No_Match,,,,,,,True,PO Box address -- Census geocoder cannot resolve to a street point
Tioga,36107,ambulance_als,"Owego EMS, Village of",22 Elm Street,"Owego, NY 13827",Match,Exact,"22 ELM ST, OWEGO, NY, 13827",-76.268533904641,42.102898879929,46709945,R,False,
Tioga,36107,ambulance_als,Owego Fire District,6153 State Route 17C,"Endicott, NY 13760",Match,Exact,"6153 STATE HWY 17C, ENDICOTT, NY, 13760",-76.148826157062,42.088216027754,46716371,R,False,
Tioga,36107,ambulance_als,"Spencer Emergency First Aid Squad, Inc.",PO Box 22,"Spencer, NY 14883",No_Match,,,,,,,True,PO Box address -- Census geocoder cannot resolve to a street point
Tioga,36107,ambulance_als,"Tioga Fire Company #1, Inc.",60 Fifth St,"Tioga Center, NY 13845",No_Match,,,,,,,True,No match found -- verify address manually
Tompkins,36109,ambulance_als,Bangs Ambulance Inc.,PO Box 6445,"Ithaca, NY 14850",No_Match,,,,,,,True,PO Box address -- Census geocoder cannot resolve to a street point
Tompkins,36109,ambulance_als,"Cayuga Heights Fire Department, Village of",194 Pleasant Grove Road,"Ithaca, NY 14850",Match,Exact,"194 PLEASANT GROVE RD, ITHACA, NY, 14850",-76.477577252676,42.466415729045,639666179,L,False,
Tompkins,36109,ambulance_als,"Dryden Ambulance, Inc.",PO Box 397,"Dryden, NY 13053",No_Match,,,,,,,True,PO Box address -- Census geocoder cannot resolve to a street point
Tompkins,36109,ambulance_als,Groton Fire Department,PO Box 96,"Groton, NY 13073",No_Match,,,,,,,True,PO Box address -- Census geocoder cannot resolve to a street point
Tompkins,36109,ambulance_als,"The Groton Volunteer Firefighters Association, Inc.",PO Box 96,"Groton, NY 13073",No_Match,,,,,,,True,PO Box address -- Census geocoder cannot resolve to a street point
Tompkins,36109,ambulance_als,"Trumansburg EMS, Village of",56 East Main Street,"Trumansburg, NY 14886",Match,Exact,"56 E MAIN ST, TRUMANSBURG, NY, 14886",-76.659826131201,42.541340909686,18851458,L,False,
Ulster,36111,ambulance_als,"Diaz Memorial Ambulance Service, Inc.",PO Box 147,"Saugerties, NY 12477",No_Match,,,,,,,True,PO Box address -- Census geocoder cannot resolve to a street point
Ulster,36111,ambulance_als,"Ellenville First Aid and Rescue Squad, Inc.",1 Webster Street,"Ellenville, NY 12428",Match,Exact,"1 WEBSTER ST, ELLENVILLE, NY, 12428",-74.387534749825,41.720562462154,642866513,L,False,
Ulster,36111,ambulance_als,Gardiner Fire District,PO Box 17,"Gardiner, NY 12525",No_Match,,,,,,,True,PO Box address -- Census geocoder cannot resolve to a street point
Ulster,36111,ambulance_als,"Hurley Ambulance Service, Inc.",PO Box 268,"W. Hurley, NY 12491",No_Match,,,,,,,True,PO Box address -- Census geocoder cannot resolve to a street point
Ulster,36111,ambulance_als,"Kerhonkson Accord First Aid Squad, Inc.",PO Box 67,"Kerhonkson, NY 12446",No_Match,,,,,,,True,PO Box address -- Census geocoder cannot resolve to a street point
Ulster,36111,ambulance_als,"Kingston FD, City of",19 East O'Reily Street,"Kingston, NY 12401",Match,Non_Exact,"19 E O'REILLY ST, KINGSTON, NY, 12401",-73.997298379232,41.927790144294,41933386,R,False,
Ulster,36111,ambulance_als,"Marbletown First Aid Unit, Inc.",PO Box 323,"High Falls, NY 12440",No_Match,,,,,,,True,PO Box address -- Census geocoder cannot resolve to a street point
Ulster,36111,ambulance_als,Modena Fire District,PO Box 274,"Modena, NY 12548",No_Match,,,,,,,True,PO Box address -- Census geocoder cannot resolve to a street point
Ulster,36111,ambulance_als,"New Paltz Rescue Squad, Inc.",74 North Putt Corners Rd,"New Paltz, NY 12561",Match,Exact,"74 N PUTT CORNERS RD, NEW PALTZ, NY, 12561",-74.062042219977,41.7521112751,41871769,R,False,
Ulster,36111,ambulance_als,"Olive First Aid Unit, Inc.",PO Box 151,"Shokan, NY 12481",No_Match,,,,,,,True,PO Box address -- Census geocoder cannot resolve to a street point
Ulster,36111,ambulance_als,Plattekill Fire District,50 Old Firehouse Road,"Walkill, NY 12589",Match,Non_Exact,"50 OLD FIREHOUSE RD, WALLKILL, NY, 12589",-74.079862229448,41.61862514675,41916584,L,False,
Ulster,36111,ambulance_als,"Shandaken Ambulance Service, Town of",7209 State Route 28,"Shandaken, NY 12480",Match,Exact,"7209 STATE RTE 28, SHANDAKEN, NY, 12480",-74.369375736419,42.116079168058,41859819,L,False,
Ulster,36111,ambulance_als,Shawangunk Valley Fire District,2150 Bruynswick Road,"Wallkill, NY 12589",Match,Exact,"2150 BRUYNSWICK RD, WALLKILL, NY, 12589",-74.225926837823,41.658677355785,41874566,L,False,
Ulster,36111,ambulance_als,"Town of Esopus Volunteer Ambulance Squad, Inc.",PO Box 910,"Port Ewen, NY 12466",No_Match,,,,,,,True,PO Box address -- Census geocoder cannot resolve to a street point
Ulster,36111,ambulance_als,"Ulster, County of",238 Golden Hill Lane,"Kingston, NY 12401",Tie,,,,,,,True,Multiple equally-likely address matches -- needs manual disambiguation
Ulster,36111,ambulance_als,"Wallkill Volunteer Ambulance Corps, Inc.",PO Box 221,"Wallkill, NY 12589",No_Match,,,,,,,True,PO Box address -- Census geocoder cannot resolve to a street point
Ulster,36111,ambulance_als,"Watchtower Bible and Tract Society of New York, Inc.",900 Red Mills Road Attn: Regul,"Walkill, NY 12589",Match,Non_Exact,"900 RED MILLS RD, WALLKILL, NY, 12589",-74.261295548359,41.636431862008,640424069,L,False,
Ulster,36111,ambulance_als,Woodstock Fire District,242 Tinker St,"Woodstock, NY 12498",Match,Exact,"242 TINKER ST, WOODSTOCK, NY, 12498",-74.145351570908,42.040488788552,41860277,R,False,
Warren,36113,ambulance_als,"Bolton Emergency Medical Services, Inc.",PO Box 1054,"Bolton Landing, NY 12814",No_Match,,,,,,,True,PO Box address -- Census geocoder cannot resolve to a street point
Warren,36113,ambulance_als,"Glens Falls, City of",134 Ridge Street,"Glens Falls, NY 12801",Match,Exact,"134 RIDGE ST, GLENS FALLS, NY, 12801",-73.643712066589,43.314210684885,173898341,L,False,
Warren,36113,ambulance_als,"Hague Volunteer Fire Department, Inc.",PO Box 585,"Hague, NY 12836",No_Match,,,,,,,True,PO Box address -- Census geocoder cannot resolve to a street point
Warren,36113,ambulance_als,"Johnsburg Emergency Squad, Inc.",624 Peaceful Valley Rd,"North Creek, NY 12853",Match,Exact,"624 PEACEFUL VALLEY RD, NORTH CREEK, NY, 12853",-73.994902289582,43.670485530829,173926096,R,False,
Warren,36113,ambulance_als,"Lake George, Town of",20 Old Post Road,"Lake George, NY 12845",Match,Exact,"20 OLD POST RD, LAKE GEORGE, NY, 12845",-73.716137463444,43.430900028839,173923924,R,False,
Warren,36113,ambulance_als,"North Warren Emergency Squad, Inc.",PO Box 323,"Chestertown, NY 12817",No_Match,,,,,,,True,PO Box address -- Census geocoder cannot resolve to a street point
Warren,36113,ambulance_als,"Queensbury EMS, Inc.",1109 Ridge Road,"Queensbury, NY 12804",Match,Exact,"1109 RIDGE RD, QUEENSBURY, NY, 12804",-73.628534636319,43.372991191313,173925085,L,False,
Warren,36113,ambulance_als,"Rockwell Falls Ambulance Service, Inc.",P.O. Box 558,"Lake Luzerne, NY 12846",No_Match,,,,,,,True,PO Box address -- Census geocoder cannot resolve to a street point
Warren,36113,ambulance_als,"Stony Creek Volunteer Fire Company, Inc.","42 Harrisburg Road, PO Box 38","Stony Creek, NY 12878",Match,Non_Exact,"42 HARRISBURG RD, STONY CREEK, NY, 12878",-73.930391539051,43.425952230847,173888636,L,False,
Warren,36113,ambulance_als,"Warrensburg Emergency Medical Services, Inc.",PO Box 157,"Warrensburg, NY 12885",No_Match,,,,,,,True,PO Box address -- Census geocoder cannot resolve to a street point
Warren,36113,ambulance_als,"West Glens Falls Emergency Squad, Inc.",86 Luzerne Road,"Queensbury, NY 12804",Match,Non_Exact,"86 LUZERNE PL, QUEENSBURY, NY, 12804",-73.666368984946,43.316101416955,173897162,L,False,
Washington,36115,ambulance_als,"Argyle Emergency Squad, Inc.",15 Sheridan Street,"Argyle, NY 12809",Match,Exact,"15 SHERIDAN ST, ARGYLE, NY, 12809",-73.489966023835,43.238108007973,139147635,L,False,
Washington,36115,ambulance_als,"Cambridge Valley Rescue Squad, Inc.",37 Gilbert Street,"Cambridge, NY 12816",Match,Exact,"37 GILBERT ST, CAMBRIDGE, NY, 12816",-73.372393651561,43.024608784456,139173797,L,False,
Washington,36115,ambulance_als,"Easton Greenwich Rescue Squad, Inc.",PO Box 84,"Greenwich, NY 12834",No_Match,,,,,,,True,PO Box address -- Census geocoder cannot resolve to a street point
Washington,36115,ambulance_als,"Fort Ann Rescue Squad, Inc.",PO Box 237,"Fort Ann, NY 12827",No_Match,,,,,,,True,PO Box address -- Census geocoder cannot resolve to a street point
Washington,36115,ambulance_als,"Fort Edward Rescue Squad, Inc.",PO Box 226,"Fort Edward, NY 12828",No_Match,,,,,,,True,PO Box address -- Census geocoder cannot resolve to a street point
Washington,36115,ambulance_als,"Granville Rescue Squad, Inc.",PO Box 153,"Granville, NY 12832",No_Match,,,,,,,True,PO Box address -- Census geocoder cannot resolve to a street point
Washington,36115,ambulance_als,"Salem Rescue Squad, Inc.",PO Box 360,"Salem, NY 12865",No_Match,,,,,,,True,PO Box address -- Census geocoder cannot resolve to a street point
Washington,36115,ambulance_als,"Skenesborough Emergency Squad, Inc.",PO Box 333,"Whitehall, NY 12887",No_Match,,,,,,,True,PO Box address -- Census geocoder cannot resolve to a street point
Washington,36115,ambulance_als,"Washington DPS-Bureau of EMS, County of",383 Broadway,"Fort Edward, NY 12828",Match,Non_Exact,"383 BROADWAY ST, FORT EDWARD, NY, 12828",-73.586600282444,43.283708416607,139153985,L,False,
Wayne,36117,ambulance_als,"Lakeshore Volunteer Ambulance, Inc.",5841 New Hartford Street,"Wolcott, NY 14590",Match,Exact,"5841 NEW HARTFORD ST, WOLCOTT, NY, 14590",-76.814651529179,43.214114626698,636420135,L,False,
Wayne,36117,ambulance_als,"Macedon Ambulance Service, Town of",1620 Wayneport Road,"Macedon, NY 14502",Match,Exact,"1620 WAYNEPORT RD, MACEDON, NY, 14502",-77.360978647299,43.066699102545,14912381,R,False,
Wayne,36117,ambulance_als,"Newark- Arcadia Volunteer Ambulance, Inc.",301 Frey Street,"Newark, NY 14513",Match,Exact,"301 FREY ST, NEWARK, NY, 14513",-77.098432257164,43.059043259366,14926079,R,False,
Wayne,36117,ambulance_als,"Ontario Volunteer Emergency Squad, Inc.",PO Box 444,"Ontario, NY 14519",No_Match,,,,,,,True,PO Box address -- Census geocoder cannot resolve to a street point
Wayne,36117,ambulance_als,"Sodus Point, Village of",P.O. Box 159,"Sodus Point, NY 14555",No_Match,,,,,,,True,PO Box address -- Census geocoder cannot resolve to a street point
Wayne,36117,ambulance_als,Wayne County,7376 Route 31,"Lyons, NY 14489",Match,Exact,"7376 STATE RTE 31, LYONS, NY, 14489",-77.033103773293,43.067710494807,14915652,L,False,
Wayne,36117,ambulance_als,"Wayne, County of",7376 Route 31,"Lyons, NY 14489",Match,Exact,"7376 STATE RTE 31, LYONS, NY, 14489",-77.033103773293,43.067710494807,14915652,L,False,
Wayne,36117,ambulance_als,"Western Wayne Ambulance, Inc.",P.O. Box 36,"Walworth, NY 14568",No_Match,,,,,,,True,PO Box address -- Census geocoder cannot resolve to a street point
Wayne,36117,ambulance_als,"Williamson Volunteer Ambulance Service, Inc.",PO Box 99,"Williamson, NY 14589",No_Match,,,,,,,True,PO Box address -- Census geocoder cannot resolve to a street point
Westchester,36119,ambulance_als,"Ardsley-Secor Volunteer Ambulance Corps, Inc.",PO Box 133,"Ardsley, NY 10502",No_Match,,,,,,,True,PO Box address -- Census geocoder cannot resolve to a street point
Westchester,36119,ambulance_als,"Armonk Independent Fire Company, Inc.",PO Box 116,"Armonk, NY 10504",No_Match,,,,,,,True,PO Box address -- Census geocoder cannot resolve to a street point
Westchester,36119,ambulance_als,Bedford Fire Department,550 Old Post Road,"Bedford, NY 10506",Match,Exact,"550 OLD POST RD, BEDFORD, NY, 10506",-73.646350112133,41.200711702691,139844149,L,False,
Westchester,36119,ambulance_als,"Briarcliff Manor , Village of",1111 Pleasantville Road,"Briarcliff Manor, NY 10510",Match,Exact,"1111 PLEASANTVILLE RD, BRIARCLIFF MANOR, NY, 10510",-73.830029129193,41.149971015688,139774392,R,False,
Westchester,36119,ambulance_als,"Chappaqua Volunteer Ambulance Corps, Inc.",PO Box 453,"Chappaqua, NY 10514",No_Match,,,,,,,True,PO Box address -- Census geocoder cannot resolve to a street point
Westchester,36119,ambulance_als,"Cortlandt Community Volunteer Ambulance Corps, Inc",PO Box 275,"Montrose, NY 10548",No_Match,,,,,,,True,PO Box address -- Census geocoder cannot resolve to a street point
Westchester,36119,ambulance_als,Cortlandt Regional Paramedics,1 Heady Street,"Cortlandt Manor, NY 10567",Match,Exact,"1 HEADY ST, CORTLANDT MANOR, NY, 10567",-73.903916297923,41.309661957558,139724356,L,False,
Westchester,36119,ambulance_als,"Croton-on-Hudson Emergency Medical Services, Village of",30 Wayne Street,"Croton on Hudson, NY 10520",Match,Exact,"30 WAYNE ST, CROTON ON HUDSON, NY, 10520",-73.882460315246,41.194629624548,139796662,R,False,
Westchester,36119,ambulance_als,"Dobbs Ferry Volunteer Ambulance Corps, Inc.",PO Box 245,"Dobbs Ferry, NY 10522",No_Match,,,,,,,True,PO Box address -- Census geocoder cannot resolve to a street point
Westchester,36119,ambulance_als,"Eastchester Volunteer Ambulance Corps, Inc.",257 Main Street,"Eastchester, NY 10709",Match,Exact,"257 MAIN ST, EASTCHESTER, NY, 10709",-73.81752674162,40.951349485868,635851179,L,False,
Westchester,36119,ambulance_als,"Elmsford Emergency Medical Services, Village of",15 South Stone Avenue,"Elmsford, NY 10523",Match,Exact,"15 S STONE AVE, ELMSFORD, NY, 10523",-73.81986142095,41.053477610307,139841111,R,False,
Westchester,36119,ambulance_als,"Emergacare NY, LLC",722 Nepperhan Ave,"Yonkers, NY 10703",Match,Exact,"722 NEPPERHAN AVE, YONKERS, NY, 10703",-73.879926044254,40.949808574356,139744209,R,False,
Westchester,36119,ambulance_als,"Empress Ambulance Service, LLC",722 Nepperhan Avenue,"Yonkers, NY 10703",Match,Exact,"722 NEPPERHAN AVE, YONKERS, NY, 10703",-73.879926044254,40.949808574356,139744209,R,False,
Westchester,36119,ambulance_als,"Empress Ambulance Service, LLC",722 Nepperhan Ave,"Yonkers, NY 10703",Match,Exact,"722 NEPPERHAN AVE, YONKERS, NY, 10703",-73.879926044254,40.949808574356,139744209,R,False,
Westchester,36119,ambulance_als,"Greenburgh Police Department, Town of",188 Tarrytown Road,"White Plains, NY 10607",Match,Exact,"188 TARRYTOWN RD, WHITE PLAINS, NY, 10607",-73.789406555218,41.040949922799,647178071,L,False,
Westchester,36119,ambulance_als,"Harrison Volunteer Ambulance Corps, Inc.",PO Box 68,"Harrison, NY 10528",No_Match,,,,,,,True,PO Box address -- Census geocoder cannot resolve to a street point
Westchester,36119,ambulance_als,Hastings-on-Hudson Volunteer Fire Department Ambulance Corps,47 Main Street,"Hastings-on-Hudson, NY 10706",Match,Exact,"47 MAIN ST, HASTINGS ON HUDSON, NY, 10706",-73.880636967972,40.994221324014,640547340,L,False,
Westchester,36119,ambulance_als,Hawthorne Fire District,PO Box 211,"Hawthorne, NY 10532",No_Match,,,,,,,True,PO Box address -- Census geocoder cannot resolve to a street point
Westchester,36119,ambulance_als,"Irvington Volunteer Ambulance Corps, Inc.",P.O.Box 101,"Irvington, NY 10533",No_Match,,,,,,,True,PO Box address -- Census geocoder cannot resolve to a street point
Westchester,36119,ambulance_als,Katonah Bedford Hills Volunteer Ambulance Corps,PO Box 43,"Katonah, NY 10536",No_Match,,,,,,,True,PO Box address -- Census geocoder cannot resolve to a street point
Westchester,36119,ambulance_als,"Lewisboro Volunteer Ambulance Corps, Inc.",PO Box 694,"Cross River, NY 10518",No_Match,,,,,,,True,PO Box address -- Census geocoder cannot resolve to a street point
Westchester,36119,ambulance_als,Mamaroneck Ambulance District,740 West Boston Post Road,"Mamaroneck, NY 10543",Match,Exact,"740 W BOSTON POST RD, MAMARONECK, NY, 10543",-73.740080337219,40.943102314318,139843454,R,False,
Westchester,36119,ambulance_als,"Mamaroneck Emergency Medical Service, Inc.",220 N.  Barry Avenue,"Mamaroneck, NY 10543",Match,Exact,"220 N BARRY AVE, MAMARONECK, NY, 10543",-73.727322259861,40.953633846692,139755303,L,False,
Westchester,36119,ambulance_als,"Mohegan Volunteer Fire Association Volunteer Ambulance Corps, Inc.",PO Box 517,"Mohegan Lake, NY 10547",No_Match,,,,,,,True,PO Box address -- Census geocoder cannot resolve to a street point
Westchester,36119,ambulance_als,"Mount Kisco Volunteer Ambulance Corps, Inc.",PO Box 72,"Mount Kisco, NY 10549",No_Match,,,,,,,True,PO Box address -- Census geocoder cannot resolve to a street point
Westchester,36119,ambulance_als,"North Salem Volunteer Ambulance Corps, Inc.","PO Box 427, Croton Falls","North Salem, NY 10519",No_Match,,,,,,,True,PO Box address -- Census geocoder cannot resolve to a street point
Westchester,36119,ambulance_als,"Ossining Volunteer Ambulance Corps, Inc.",PO Box 523,"Ossining, NY 10562",No_Match,,,,,,,True,PO Box address -- Census geocoder cannot resolve to a street point
Westchester,36119,ambulance_als,"Ossining Volunteer Ambulance Corps, Incorporated",PO Box 523,"Ossining, NY 10562",No_Match,,,,,,,True,PO Box address -- Census geocoder cannot resolve to a street point
Westchester,36119,ambulance_als,Peekskill Community Volunteer Ambulance Corps,PO Box 173,"Peekskill, NY 10566",No_Match,,,,,,,True,PO Box address -- Census geocoder cannot resolve to a street point
Westchester,36119,ambulance_als,"Pelham, Town of",34 Fifth AVe,"Pelham, NY 10803",Match,Exact,"34 5TH AVE, PELHAM, NY, 10803",-73.809634210713,40.91124703457,139749201,R,False,
Westchester,36119,ambulance_als,"Pleasantville Ambulance Corps, Inc.",PO Box 201 Pleasantville 10570,"Thornwood, NY 10594",No_Match,,,,,,,True,PO Box address -- Census geocoder cannot resolve to a street point
Westchester,36119,ambulance_als,"Port Chester-Rye-Rye Brook Emergency Medical Services, Inc.",417 Ellendale Avenue,"Port Chester, NY 10573",Match,Exact,"417 ELLENDALE AVE, PORT CHESTER, NY, 10573",-73.676893368845,41.002765235342,139762218,R,False,
Westchester,36119,ambulance_als,"Pound Ridge Lions Ambulance Corps, Inc.",PO Box 237,"Pound Ridge, NY 10576",No_Match,,,,,,,True,PO Box address -- Census geocoder cannot resolve to a street point
Westchester,36119,ambulance_als,"Scarsdale Volunteer Ambulance Corps, Inc.",PO Box 92,"Scarsdale, NY 10583",No_Match,,,,,,,True,PO Box address -- Census geocoder cannot resolve to a street point
Westchester,36119,ambulance_als,"Sleepy Hollow Volunteer Ambulance Corps, Village of",28 Beekman Avenue,"Sleepy Hollow, NY 10591",Match,Exact,"28 BEEKMAN AVE, SLEEPY HOLLOW, NY, 10591",-73.859693829078,41.085072569731,139840166,R,False,
Westchester,36119,ambulance_als,Somers Fire District,PO Box 300,"Lincolndale, NY 10540",No_Match,,,,,,,True,PO Box address -- Census geocoder cannot resolve to a street point
Westchester,36119,ambulance_als,"Starnet Emergency Services, Inc.",45 Kensico Drive,"Mount Kisco, NY 10549",Match,Exact,"45 KENSICO DR, MOUNT KISCO, NY, 10549",-73.723186677073,41.219841258182,139759709,R,False,
Westchester,36119,ambulance_als,"Tarrytown Volunteer Ambulance Corps, Inc.",PO Box 132,"Tarrytown, NY 10591",No_Match,,,,,,,True,PO Box address -- Census geocoder cannot resolve to a street point
Westchester,36119,ambulance_als,"Valhalla Ambulance Corps, Inc.",PO Box 14,"Valhalla, NY 10595",No_Match,,,,,,,True,PO Box address -- Census geocoder cannot resolve to a street point
Westchester,36119,ambulance_als,Verplanck Fire District,PO Box 356,"Verplanck, NY 10596",No_Match,,,,,,,True,PO Box address -- Census geocoder cannot resolve to a street point
Westchester,36119,ambulance_als,Vista Fire District No. 1,377 Smith Ridge Rd,"South Salem, NY 10590",Match,Exact,"377 SMITH RIDGE RD, SOUTH SALEM, NY, 10590",-73.516786543362,41.214727263549,139813454,R,False,
Westchester,36119,ambulance_als,"Volunteer Ambulance of Mamaroneck and Larchmont, Inc.",155 Weaver Street,"Larchmont, NY 10538",No_Match,,,,,,,True,No match found -- verify address manually
Westchester,36119,ambulance_als,"White Plains, City of",77 South Lexington Avenue,"White Plains, NY 10601",Match,Exact,"77 S LEXINGTON AVE, WHITE PLAINS, NY, 10601",-73.7717403998,41.028699961599,139741553,L,False,
Westchester,36119,ambulance_als,"Yorktown Volunteer Ambulance Corps, Inc.",PO Box 104,"Yorktown Heights, NY 10598",No_Match,,,,,,,True,PO Box address -- Census geocoder cannot resolve to a street point
Wyoming,36121,ambulance_als,"Arcade, Village of",PO Box 303,"Arcade, NY 14009",No_Match,,,,,,,True,PO Box address -- Census geocoder cannot resolve to a street point
Wyoming,36121,ambulance_als,"Attica Fire Department, Inc.",11 Water Street,"Attica, NY 14011",Match,Exact,"11 WATER ST, ATTICA, NY, 14011",-78.283165808232,42.864440759052,48873157,L,False,
Wyoming,36121,ambulance_als,"Bennington Volunteer Fire Company, Inc.",1353 Clinton Street,"Attica, NY 14011",Match,Non_Exact,"1353 CLINTON STREET RD, ATTICA, NY, 14011",-78.393563353574,42.836616205496,639730906,R,False,
Wyoming,36121,ambulance_als,Bliss Fire District,PO Box 184,"Bliss, NY 14024",No_Match,,,,,,,True,PO Box address -- Census geocoder cannot resolve to a street point
Wyoming,36121,ambulance_als,"Castile Fire Department, Village of",PO Box 218,"Castile, NY 14427",No_Match,,,,,,,True,PO Box address -- Census geocoder cannot resolve to a street point
Wyoming,36121,ambulance_als,"Cowlesville Fire Company, Inc.",361 Clinton Street,"Cowlesville, NY 14037",Match,Non_Exact,"361 CLINTON ST RD, COWLESVILLE, NY, 14037",-78.461548779054,42.840363176693,48872805,R,False,
Wyoming,36121,ambulance_als,"Gainesville Fire Department, Inc.",PO Box 353,"Gainesville, NY 14066",No_Match,,,,,,,True,PO Box address -- Census geocoder cannot resolve to a street point
Wyoming,36121,ambulance_als,"North Java Fire Co., Inc.",PO Box 137,"North Java, NY 14113",No_Match,,,,,,,True,PO Box address -- Census geocoder cannot resolve to a street point
Wyoming,36121,ambulance_als,"Perry Ambulance, Town of",22 S Main Street  POB 205,"Perry, NY 14530",Match,Non_Exact,"22 MAIN ST S, PERRY, NY, 14530",-78.002816630502,42.717769235885,48885393,R,False,
Wyoming,36121,ambulance_als,Pike Fire District #1,PO Box 58,"Pike, NY 14130",No_Match,,,,,,,True,PO Box address -- Census geocoder cannot resolve to a street point
Wyoming,36121,ambulance_als,"Silver Springs Rescue Squad, Village of",PO Box 117,"Silver Springs, NY 14550",No_Match,,,,,,,True,PO Box address -- Census geocoder cannot resolve to a street point
Wyoming,36121,ambulance_als,"Strykersville Volunteer Fire Company, Inc.",PO Box 38,"Strykersville, NY 14145",No_Match,,,,,,,True,PO Box address -- Census geocoder cannot resolve to a street point
Wyoming,36121,ambulance_als,"Varysburg Fire Department, Inc.",PO Box 638,"Varysburg, NY 14167",No_Match,,,,,,,True,PO Box address -- Census geocoder cannot resolve to a street point
Wyoming,36121,ambulance_als,"Warsaw, Village of",PO Box 22,"Warsaw, NY 14569",No_Match,,,,,,,True,PO Box address -- Census geocoder cannot resolve to a street point
Wyoming,36121,ambulance_als,Wyoming County Emergency Services,151 N. Main Street,"Warsaw, NY 14569",Match,Exact,"151 N MAIN ST, WARSAW, NY, 14569",-78.132657107742,42.743820370967,639729794,L,False,
Yates,36123,ambulance_als,"Dundee Volunteer FD Emergency Squad, Village of",12 Union Street,"Dundee, NY 14837",Match,Exact,"12 UNION ST, DUNDEE, NY, 14837",-76.97829975052,42.52326828642,15101060,R,False,
Yates,36123,ambulance_als,"Middlesex Valley Volunteer Ambulance Service, Inc.",817 State Route 245,"Middlesex, NY 14507",Match,Exact,"817 STATE RTE 245, MIDDLESEX, NY, 14507",-77.264293883361,42.719628784435,657846562,R,False,
Yates,36123,ambulance_als,"Penn Yan Area Volunteer Ambulance Corps, Inc.",PO Box 272,"Penn Yan, NY 14527",No_Match,,,,,,,True,PO Box address -- Census geocoder cannot resolve to a street point
Yates,36123,ambulance_als,"Yates, County of",939 St Hwy 14A,"Penn Yan, NY 14527",Match,Exact,"939 STATE RTE 14A, PENN YAN, NY, 14527",-77.066213471054,42.718914711468,15103872,R,False,
Albany,36001,bls_nontransport,Boght Community Fire District,8 Preston Drive,"Cohoes, NY 12047",Match,Exact,"8 PRESTON DR, COHOES, NY, 12047",-73.74689760844,42.776186381761,650270910,R,False,
Albany,36001,bls_nontransport,"Coeymans Hollow Volunteer Fire Corporation, Inc.",PO Box 147,"Coeymans Hollow, NY 12046",No_Match,,,,,,,True,PO Box address -- Census geocoder cannot resolve to a street point
Albany,36001,bls_nontransport,"Cohoes Fire Department, City of",97 Mohawk St,"Cohoes, NY 12047",Match,Exact,"97 MOHAWK ST, COHOES, NY, 12047",-73.700005541102,42.774571547829,18312552,L,False,
Albany,36001,bls_nontransport,Maplewood Fire Department,61 Cohoes Road,"Watervliet, NY 12189",Match,Exact,"61 COHOES RD, WATERVLIET, NY, 12189",-73.700902911944,42.746519655615,18325836,R,False,
Albany,36001,bls_nontransport,"Menands Fire Company #1, Inc.",250 Broadway,"Menands, NY 12204",Match,Exact,"250 BROADWAY, MENANDS, NY, 12204",-73.724627190314,42.691930066778,18342841,L,False,
Albany,36001,bls_nontransport,North Bethlehem Fire Department,589 Russell Road,"Albany, NY 12203",Match,Exact,"589 RUSSELL RD, ALBANY, NY, 12203",-73.841602869865,42.66420553224,652649872,L,False,
Albany,36001,bls_nontransport,NYS DEC Division of Forest Protection,"625 Broadway, 3rd Floor","Albany, NY 12233",Tie,,,,,,,True,Multiple equally-likely address matches -- needs manual disambiguation
Albany,36001,bls_nontransport,NYS Department of Corrections & Community Supervision,1220 Washington Ave,"Albany, NY 12226",Match,Exact,"1220 WASHINGTON AVE, ALBANY, NY, 12226",-73.804728155737,42.680637879162,18344597,L,False,
Albany,36001,bls_nontransport,NYS DOH Division of State EMS,875 Central Avenue,"Albany, NY 12206",Match,Exact,"875 CENTRAL AVE, ALBANY, NY, 12206",-73.790610774356,42.680697236414,640452034,R,False,
Albany,36001,bls_nontransport,Schuyler Heights Fire District,900 First Street,"Watervliet, NY 12189",Match,Exact,"900 1ST ST, WATERVLIET, NY, 12189",-73.717625485948,42.709808446092,651798418,L,False,
Albany,36001,bls_nontransport,"Shaker Road- Loudonville Fire Department, Inc.",550 Albany-Shaker Road,"Loudonville, NY 12211",Match,Exact,"550 ALBANY SHAKER RD, LOUDONVILLE, NY, 12211",-73.784224302108,42.714732911838,18305932,L,False,
Albany,36001,bls_nontransport,"Stanford Heights Fire Department, Inc.",2240 Central Avenue,"Schenectady, NY 12304",Match,Exact,"2240 CENTRAL AVE, SCHENECTADY, NY, 12304",-73.88609805957,42.764328659134,18302038,L,False,
Albany,36001,bls_nontransport,"The S.W. Pitts Hose Company of Latham, NY, Inc.",226 Old Loudon Rd,"Latham, NY 12110",Match,Exact,"226 OLD LOUDON RD, LATHAM, NY, 12110",-73.758419725638,42.748927495979,18306537,L,False,
Albany,36001,bls_nontransport,Verdoy Fire Department,988 Troy-Shenectady Road,"Latham, NY 12110",Match,Non_Exact,"988 TROY SCHENECTADY RD, LATHAM, NY, 12110",-73.801634368757,42.763672605577,18305234,L,False,
Allegany,36003,bls_nontransport,"Scio Fire Department, Inc.",PO Box 231,"Scio, NY 14880",No_Match,,,,,,,True,PO Box address -- Census geocoder cannot resolve to a street point
Allegany,36003,bls_nontransport,Short Tract Fire Company Inc.,10300 County Road 15,"Fillmore, NY 14735",Match,Exact,"10300 CO RD 15, FILLMORE, NY, 14735",-78.01428629683,42.443701348961,82595128,R,False,
Broome,36007,bls_nontransport,Broome Security Med Team,PO Box 1766,"Binghamton, NY 13902",No_Match,,,,,,,True,PO Box address -- Census geocoder cannot resolve to a street point
Broome,36007,bls_nontransport,"Chenango Bridge Fire Company, Inc.",PO Box 12,"Chenango Bridge, NY 13745",No_Match,,,,,,,True,PO Box address -- Census geocoder cannot resolve to a street point
Broome,36007,bls_nontransport,"Chenango Fire Company, Inc.",86 Castle Creek Rd,"Binghamton, NY 13901",Match,Exact,"86 CASTLE CREEK RD, BINGHAMTON, NY, 13901",-75.894146437882,42.162775344458,46341583,R,False,
Broome,36007,bls_nontransport,"Chenango Forks Volunteer Fire Company, Inc.",P.O. Box 139,"Chenango Forks, NY 13746",No_Match,,,,,,,True,PO Box address -- Census geocoder cannot resolve to a street point
Broome,36007,bls_nontransport,Choconut Center Volunteer Fire Company,1011 Middle Stella Ireland Rd,"Binghamton, NY 13905",Match,Exact,"1011 MIDDLE STELLA IRELAND RD, BINGHAMTON, NY, 13905",-75.942391917956,42.143397811795,46373754,R,False,
Broome,36007,bls_nontransport,"Conklin Volunteer Fire Department, Inc.",1034 Conklin Road,"Conklin, NY 13748",Match,Exact,"1034 CONKLIN RD, CONKLIN, NY, 13748",-75.823570276421,42.078673045439,647678350,R,False,
Broome,36007,bls_nontransport,"East Maine Fire Company, Inc.",847 East Maine Road,"Johnson City, NY 13790",Match,Exact,"847 E MAINE RD, JOHNSON CITY, NY, 13790",-75.992463220501,42.189454596236,635594326,R,False,
Broome,36007,bls_nontransport,"Endicott Fire Department, Village of",1009 East Main St,"Endicott, NY 13760",Match,Exact,"1009 E MAIN ST, ENDICOTT, NY, 13760",-76.050088683928,42.0978087346,46337917,L,False,
Broome,36007,bls_nontransport,Endwell Fire District,3508 Country Club Road,"Endwell, NY 13760",Match,Exact,"3508 COUNTRY CLUB RD, ENDWELL, NY, 13760",-76.019150404605,42.116149617808,46338551,R,False,
Broome,36007,bls_nontransport,"Five Mile Point Fire Company, Inc.",16 Crescent Drive,"Kirkwood, NY 13795",Match,Exact,"16 CRESCENT DR, KIRKWOOD, NY, 13795",-75.822951421375,42.091730350796,46345269,R,False,
Broome,36007,bls_nontransport,"Glen Aubrey Fire Company, Inc.",PO Box 328,"Glen Aubrey, NY 13777",No_Match,,,,,,,True,PO Box address -- Census geocoder cannot resolve to a street point
Broome,36007,bls_nontransport,Greater Binghamton Airport Med Team - Dept. of Aviation ARFF,2534 Airport Road Box 16,"Johnson City, NY 13790",Match,Exact,"2534 AIRPORT RD, JOHNSON CITY, NY, 13790",-75.987446130205,42.209914022196,46372260,R,False,
Broome,36007,bls_nontransport,"Hillcrest Fire Co., Inc.",1115 Avenue B,"Binghamton, NY 13901",Match,Exact,"1115 AVE B, BINGHAMTON, NY, 13901",-75.883821872498,42.148455353017,46341883,L,False,
Broome,36007,bls_nontransport,"Johnson City Fire Department, Village of",320 Harry L. Drive,"Johnson City, NY 13790",Match,Exact,"320 HARRY L DR, JOHNSON CITY, NY, 13790",-75.960892198912,42.122713888056,46340082,L,False,
Broome,36007,bls_nontransport,"Kirkwood Fire Company, Inc.",297 Main Street,"Kirkwood, NY 13795",Match,Exact,"297 MAIN ST, KIRKWOOD, NY, 13795",-75.797258130246,42.039506260941,655448324,R,False,
Broome,36007,bls_nontransport,"Lisle Fire Company, Inc.",PO Box 306,"Lisle, NY 13797",No_Match,,,,,,,True,PO Box address -- Census geocoder cannot resolve to a street point
Broome,36007,bls_nontransport,"Port Crane Fire Co., Inc.",PO Box 136,"Port Crane, NY 13833",No_Match,,,,,,,True,PO Box address -- Census geocoder cannot resolve to a street point
Broome,36007,bls_nontransport,"Port Dickinson Fire Company, Village of",786 Chenango Street,"Binghamton, NY 13901",Match,Exact,"786 CHENANGO ST, BINGHAMTON, NY, 13901",-75.895491776168,42.138168990922,46341749,R,False,
Broome,36007,bls_nontransport,Sanitaria Springs Fire Company Inc,811 State Route 7,"Port Crane, NY 13833",Match,Exact,"811 STATE RTE 7, PORT CRANE, NY, 13833",-75.76917705919,42.162349482192,46345999,L,False,
Broome,36007,bls_nontransport,"Town of Colesville Fire Company No. 1, Inc.",PO Box 98,"Harpursville, NY 13787",No_Match,,,,,,,True,PO Box address -- Census geocoder cannot resolve to a street point
Broome,36007,bls_nontransport,"Triangle Volunteer Fire Co., Inc.",3621 NY Route 206,"Whitney Point, NY 13862",Match,Exact,"3621 STATE RTE 206, WHITNEY POINT, NY, 13862",-75.886745864622,42.338807214905,46330026,L,False,
Broome,36007,bls_nontransport,"Union Center Fire Company, Inc.",P.O. Box 8800,"Endicott, NY 13762",No_Match,,,,,,,True,PO Box address -- Census geocoder cannot resolve to a street point
Broome,36007,bls_nontransport,"West Corners Fire Company #1, Inc.",500 Day Hollow Road,"Endicott, NY 13760",Match,Exact,"500 DAY HOLLOW RD, ENDICOTT, NY, 13760",-76.072982151185,42.111254925069,46336963,R,False,
Broome,36007,bls_nontransport,"West Windsor Fire Company, Inc.",9 Karla Drive,"Windser, NY 13865",No_Match,,,,,,,True,No match found -- verify address manually
Broome,36007,bls_nontransport,"Whitney Point Fire Department, Village of",PO Box 1006,"Whitney Point, NY 13862",No_Match,,,,,,,True,PO Box address -- Census geocoder cannot resolve to a street point
Cattaraugus,36009,bls_nontransport,Dayton Fire District,PO Box 62,"Dayton, NY 14041",No_Match,,,,,,,True,PO Box address -- Census geocoder cannot resolve to a street point
Cattaraugus,36009,bls_nontransport,"Farmersville Fire Department, Inc.",PO Box 38,"Farmersville, NY 14060",No_Match,,,,,,,True,PO Box address -- Census geocoder cannot resolve to a street point
Cattaraugus,36009,bls_nontransport,Humphrey Volunteer Fire Department,4591 Humphrey Rd,"Great Valley, NY 14741",Match,Exact,"4591 HUMPHREY RD, GREAT VALLEY, NY, 14741",-78.55161528922,42.202363810023,122026739,R,False,
Cattaraugus,36009,bls_nontransport,Lyndon Fire Company,828 Lyndon Road,"Cuba, NY 14737",No_Match,,,,,,,True,No match found -- verify address manually
Cattaraugus,36009,bls_nontransport,"Perrysburg Fire Company, Inc.",PO Box 206,"Perrysburg, NY 14129",No_Match,,,,,,,True,PO Box address -- Census geocoder cannot resolve to a street point
Cattaraugus,36009,bls_nontransport,St. Bonaventure University Medical Emergency Response Team,St Bonaventure University Heal,"St Bonaventure, NY 14778",No_Match,,,,,,,True,No match found -- verify address manually
Cattaraugus,36009,bls_nontransport,"Town of Olean Volunteer Fire Company #1, Inc.",1276 Old Rock City Rd,"Olean, NY 14760",Match,Exact,"1276 OLD ROCK CITY RD, OLEAN, NY, 14760",-78.439462072987,42.055441988613,658107977,L,False,
Cayuga,36011,bls_nontransport,"Auburn Fire Department Rescue, City of",31 Seminary Street,"Auburn, NY 13021",Match,Exact,"31 SEMINARY ST, AUBURN, NY, 13021",-76.562724193014,42.935517747919,33498312,L,False,
Cayuga,36011,bls_nontransport,Aurelius Volunteer Fire Department,1241 West Genesee Street,"Auburn, NY 13021",Match,Non_Exact,"1241 W GENESEE STREET RD, AUBURN, NY, 13021",-76.656384988462,42.919545049359,33495595,R,False,
Cayuga,36011,bls_nontransport,Cato Fire Department,PO Box 252,"Cato, NY 13033",No_Match,,,,,,,True,PO Box address -- Census geocoder cannot resolve to a street point
Cayuga,36011,bls_nontransport,"Conquest Fire Company, Inc",10351 Slayton Road,"Port Byron, NY 13140",Match,Exact,"10351 SLAYTON RD, PORT BYRON, NY, 13140",-76.645837312681,43.120945007592,33506612,R,False,
Cayuga,36011,bls_nontransport,Fleming Fire District,2433 Dublin Rd,"Auburn, NY 13021",Match,Exact,"2433 DUBLIN RD, AUBURN, NY, 13021",-76.583773176231,42.861364627146,33500193,L,False,
Cayuga,36011,bls_nontransport,"Genoa Fire Department, Inc.",PO Box 82,"Genoa, NY 13071",No_Match,,,,,,,True,PO Box address -- Census geocoder cannot resolve to a street point
Cayuga,36011,bls_nontransport,"Ira Volunteer Fire Department, Inc.",12591 St Rte 176,"Cato, NY 13033",Match,Exact,"12591 STATE RTE 176, CATO, NY, 13033",-76.522173780196,43.226326312379,33521159,L,False,
Cayuga,36011,bls_nontransport,"King Ferry Fire Department, Inc.",PO Box 419,"King Ferry, NY 13081",No_Match,,,,,,,True,PO Box address -- Census geocoder cannot resolve to a street point
Cayuga,36011,bls_nontransport,"Locke Volunteer Fire Department, Inc",PO Box 183,"Locke, NY 13092",No_Match,,,,,,,True,PO Box address -- Census geocoder cannot resolve to a street point
Cayuga,36011,bls_nontransport,"Long Hill Fire Department, Inc.",3513 Long Hill Rd,"Venice Center, NY 13147",Match,Exact,"3513 LONG HILL RD, VENICE CENTER, NY, 13147",-76.512054958506,42.73974809307,33502052,L,False,
Cayuga,36011,bls_nontransport,Montezuma Fire Department,PO Box 458,"Montezuma, NY 13117",No_Match,,,,,,,True,PO Box address -- Census geocoder cannot resolve to a street point
Cayuga,36011,bls_nontransport,Moravia Volunteer Fire Company Inc,P.O. Box 686,"Moravia, NY 13118",No_Match,,,,,,,True,PO Box address -- Census geocoder cannot resolve to a street point
Cayuga,36011,bls_nontransport,New Hope Fire Department,5040 New Hope Road,"Moravia, NY 13118",No_Match,,,,,,,True,No match found -- verify address manually
Cayuga,36011,bls_nontransport,"Poplar Ridge Fire Company, Inc.",PO Box 55,"Poplar Ridge, NY 13139",No_Match,,,,,,,True,PO Box address -- Census geocoder cannot resolve to a street point
Cayuga,36011,bls_nontransport,"Scipio Voluntter Fire Company, Inc.",3550 State Route 34,"Scipio Center, NY 13147",Match,Exact,"3550 STATE RTE 34, SCIPIO CENTER, NY, 13147",-76.559197614054,42.790197089055,33500126,R,False,
Cayuga,36011,bls_nontransport,Sempronius Fire Department,2284 Route 41A,"Moravia, NY 13118",Match,Exact,"2284 STATE RTE 41A, MORAVIA, NY, 13118",-76.315060418366,42.728324691106,33503614,R,False,
Cayuga,36011,bls_nontransport,Sennett Fire Department,PO Box 1524,"Auburn, NY 13021",No_Match,,,,,,,True,PO Box address -- Census geocoder cannot resolve to a street point
Cayuga,36011,bls_nontransport,"Union Hose and Engine Company, Inc.",PO Box 72,"Union Springs, NY 13160",No_Match,,,,,,,True,PO Box address -- Census geocoder cannot resolve to a street point
Cayuga,36011,bls_nontransport,"Victory Fire Department, Inc.",12009 State Rt 38,"Cato, NY 13033",Match,Exact,"12009 STATE RTE 38, CATO, NY, 13033",-76.654709402056,43.197912374221,33505304,L,False,
Cayuga,36011,bls_nontransport,"Weedsport Fire Department, Village of",PO Box 457,"Weedsport, NY 13166",No_Match,,,,,,,True,PO Box address -- Census geocoder cannot resolve to a street point
Cayuga,36011,bls_nontransport,West Niles Fire Department,3956 Valentine Rd,"Moravia, NY 13118",Match,Exact,"3956 VALENTINE RD, MORAVIA, NY, 13118",-76.470267110571,42.810008869207,33500709,R,False,
Chautauqua,36013,bls_nontransport,East Dunkirk Volunteer Fire Company,10949 South Roberts Road,"Dunkirk, NY 14048",No_Match,,,,,,,True,No match found -- verify address manually
Chautauqua,36013,bls_nontransport,Sheridan Fire District,PO Box 122,"Sheridan, NY 14135",No_Match,,,,,,,True,PO Box address -- Census geocoder cannot resolve to a street point
Chautauqua,36013,bls_nontransport,"West Dunkirk Fire Company, Inc.",4741 Willow Rd,"Dunkirk, NY 14048",Match,Exact,"4741 WILLOW RD, DUNKIRK, NY, 14048",-79.368158754909,42.464017479452,120757824,R,False,
Chemung,36015,bls_nontransport,"Baldwin Volunteer Fire Company, Inc.",460 Breesport N Chemung Rd,"Lowman, NY 14861",Match,Exact,"460 BREESPORT N CHEMUNG RD, LOWMAN, NY, 14861",-76.700492841885,42.087938850054,18568364,R,False,
Chemung,36015,bls_nontransport,Big Flats Volunteer Fire Company,PO Box 28,"Big Flats, NY 14814",No_Match,,,,,,,True,PO Box address -- Census geocoder cannot resolve to a street point
Chemung,36015,bls_nontransport,"Breesport Volunteer Fire Company, Inc.",PO Box A,"Breesport, NY 14806",No_Match,,,,,,,True,PO Box address -- Census geocoder cannot resolve to a street point
Chemung,36015,bls_nontransport,"Community Fire & Rescue, Inc.",321 State Route 224,"Van Etten, NY 14889",Match,Exact,"321 STATE RTE 224, VAN ETTEN, NY, 14889",-76.579524590144,42.208737484293,18562936,L,False,
Chemung,36015,bls_nontransport,"East Hill Volunteer Fire Co, Inc.",5 Cross Rd,"Elmira, NY 14901",Match,Exact,"5 CROSS RD, ELMIRA, NY, 14901",-76.77451390828,42.111990899808,18565596,R,False,
Chemung,36015,bls_nontransport,"Elmira Heights, Village of",215 Elmwood Avenue,"Elmira Heights, NY 14903",Match,Exact,"215 ELMWOOD AVE, ELMIRA HEIGHTS, NY, 14903",-76.821844101795,42.128357131599,18532971,L,False,
Chemung,36015,bls_nontransport,"Elmira Police Department SWAT, City of",317 East Church Street,"Elmira, NY 14901",Match,Exact,"317 E CHURCH ST, ELMIRA, NY, 14901",-76.803821173611,42.091206641836,18533918,L,False,
Chemung,36015,bls_nontransport,"Elmira, City of",101 West Second St,"Elmira, NY 14901",Match,Exact,"101 W 2ND ST, ELMIRA, NY, 14901",-76.807523424977,42.09189166701,18533818,L,False,
Chemung,36015,bls_nontransport,"Erin Volunteer Fire Company, Inc.",1462 Breesport Rd,"Erin, NY 14838",Match,Exact,"1462 BREESPORT RD, ERIN, NY, 14838",-76.666172632429,42.185928639829,18528459,R,False,
Chemung,36015,bls_nontransport,"Golden Glow Volunteer Fire Company, Inc.",214 Hendy Creek Road,"Elmira, NY 14905",Match,Non_Exact,"214 HENDY AVE, ELMIRA, NY, 14905",-76.845836140199,42.080266149014,18534293,R,False,
Chemung,36015,bls_nontransport,"Horseheads Fire Department, VIllage of",134 North Main Street,"Horseheads, NY 14845",Match,Exact,"134 N MAIN ST, HORSEHEADS, NY, 14845",-76.822067362655,42.16888599155,18554773,R,False,
Chemung,36015,bls_nontransport,Millport Fire Department,2016 Crescent Street,"Millport, NY 14864",Match,Exact,"2016 CRESCENT ST, MILLPORT, NY, 14864",-76.835742085829,42.265587470401,18561774,L,False,
Chemung,36015,bls_nontransport,"Pine City Volunteer Fire Department, Inc.",1463 Pennsylvania Ave,"Pine City, NY 14871",Match,Exact,"1463 PENNSYLVANIA AVE, PINE CITY, NY, 14871",-76.85990786861,42.040949029944,640416074,R,False,
Chemung,36015,bls_nontransport,"Tompkins Corners Volunteer Fire Company, Inc.",422 Chambers Road,"Horseheads, NY 14845",Match,Exact,"422 CHAMBERS RD, HORSEHEADS, NY, 14845",-76.888922788185,42.204141268327,18542000,R,False,
Chemung,36015,bls_nontransport,Town & Country Fire Department. Inc.,130 Gardner Road,"Horseheads, NY 14845",Match,Exact,"130 GARDNER RD, HORSEHEADS, NY, 14845",-76.83216475916,42.166850968421,18531965,L,False,
Chemung,36015,bls_nontransport,"Town of Chemung Volunteer Fire Company, Inc.",PO Box 181,"Chemung, NY 14825",No_Match,,,,,,,True,PO Box address -- Census geocoder cannot resolve to a street point
Chemung,36015,bls_nontransport,"Van Etten Volunteer Fire Company, Inc.",PO Box 88,"Van Etten, NY 14889",No_Match,,,,,,,True,PO Box address -- Census geocoder cannot resolve to a street point
Chemung,36015,bls_nontransport,"Webbs Mills Volunteer Fire Department, Inc.",PO Box 97,"Pine City, NY 14871",No_Match,,,,,,,True,PO Box address -- Census geocoder cannot resolve to a street point
Chemung,36015,bls_nontransport,"Wellsburg Volunteer Fire Department, Village of",PO Box 23,"Wellsburg, NY 14894",No_Match,,,,,,,True,PO Box address -- Census geocoder cannot resolve to a street point
Chemung,36015,bls_nontransport,"West Elmira Volunteer Fire Department, Inc.",1299 West Water Street,"Elmira, NY 14905",Match,Exact,"1299 W WATER ST, ELMIRA, NY, 14905",-76.844774552738,42.077882553585,18550690,L,False,
Chenango,36017,bls_nontransport,Borden Hose Co # 1,PO Box 197,"Mt. Upton, NY 13809",No_Match,,,,,,,True,PO Box address -- Census geocoder cannot resolve to a street point
Chenango,36017,bls_nontransport,"Genegantslet Fire Company, Inc.",PO Box 151,"Smithville Flats, NY 13841",No_Match,,,,,,,True,PO Box address -- Census geocoder cannot resolve to a street point
Chenango,36017,bls_nontransport,"North Norwich Fire Department, Inc.",PO Box 99,"North Norwich, NY 13814",No_Match,,,,,,,True,PO Box address -- Census geocoder cannot resolve to a street point
Chenango,36017,bls_nontransport,"Plymouth Volunteer Fire Department, Inc.",PO Box 112,"Plymouth, NY 13832",No_Match,,,,,,,True,PO Box address -- Census geocoder cannot resolve to a street point
Chenango,36017,bls_nontransport,"Preston Fire District, Town of",124 Country Road 19,"Oxford, NY 13830",No_Match,,,,,,,True,No match found -- verify address manually
Chenango,36017,bls_nontransport,"Smyrna Fire Company, Inc.",PO Box 23,"Smyrna, NY 13464",No_Match,,,,,,,True,PO Box address -- Census geocoder cannot resolve to a street point
Clinton,36019,bls_nontransport,Beekmantown Fire District #1,6973 Route 22,"West Chazy, NY 12992",Match,Exact,"6973 STATE RTE 22, WEST CHAZY, NY, 12992",-73.491894559556,44.774468946633,136066647,L,False,
Clinton,36019,bls_nontransport,"Cadyville Fire Department, Inc.",2122 State,"Cadyville, NY 12918",No_Match,,,,,,,True,No match found -- verify address manually
Clinton,36019,bls_nontransport,"Churubusco Volunteer Fire Department, Inc.",PO Box 26q,"Clinton, NY 12923",No_Match,,,,,,,True,PO Box address -- Census geocoder cannot resolve to a street point
Clinton,36019,bls_nontransport,Cumberland Head Fire Department,38 Firehouse Lane,"Plattsburg, NY 12901",Match,Non_Exact,"38 FIREHOUSE LN, PLATTSBURGH, NY, 12901",-73.417947716031,44.723846195241,136095308,L,False,
Clinton,36019,bls_nontransport,"Plattsburgh Fire District No. 3, Town of",128 Wallace Hill Rd,"Plattsburgh, NY 12901",Match,Exact,"128 WALLACE HILL RD, PLATTSBURGH, NY, 12901",-73.485577544733,44.720402997796,136069546,L,False,
Clinton,36019,bls_nontransport,South Plattsburgh Fire District,PO Box 991,"Plattsburgh, NY 12901",No_Match,,,,,,,True,PO Box address -- Census geocoder cannot resolve to a street point
Columbia,36021,bls_nontransport,Churchtown Fire Co No 1,PO Box 193,"Claverack, NY 12513",No_Match,,,,,,,True,PO Box address -- Census geocoder cannot resolve to a street point
Columbia,36021,bls_nontransport,Claverack Fire District,Drawer A,"Claverack, NY 12513",No_Match,,,,,,,True,No match found -- verify address manually
Columbia,36021,bls_nontransport,"East Chatham Fire Company, Inc.",PO Box 94,"East Chatham, NY 12060",No_Match,,,,,,,True,PO Box address -- Census geocoder cannot resolve to a street point
Columbia,36021,bls_nontransport,"Philmont Volunteer Fire Company, Village of",PO Box 632,"Philmont, NY 12565",No_Match,,,,,,,True,PO Box address -- Census geocoder cannot resolve to a street point
Columbia,36021,bls_nontransport,"Stottville Fire Company, Inc.",PO Box 264,"Hudson, NY 12534",No_Match,,,,,,,True,PO Box address -- Census geocoder cannot resolve to a street point
Columbia,36021,bls_nontransport,Tri-Village Fire Company Inc.,111 County Rt 13,"Old Chatham, NY 12136",Match,Exact,"111 CO RD 13, OLD CHATHAM, NY, 12136",-73.605925495125,42.418709951067,41507354,L,False,
Cortland,36023,bls_nontransport,"Cortland Fire Department, City of",21 Court Street,"Cortland, NY 13045",Match,Exact,"21 COURT ST, CORTLAND, NY, 13045",-76.179816716487,42.599267264536,45804037,R,False,
Cortland,36023,bls_nontransport,"Cortlandville Fire Department, Inc.",999 Rte 13,"Cortland, NY 13045",No_Match,,,,,,,True,No match found -- verify address manually
Cortland,36023,bls_nontransport,"Harford Fire Company, Inc.",PO Box 7,"Harford, NY 13784",No_Match,,,,,,,True,PO Box address -- Census geocoder cannot resolve to a street point
Cortland,36023,bls_nontransport,"Homer, Village of",PO Box 58,"Homer, NY 13077",No_Match,,,,,,,True,PO Box address -- Census geocoder cannot resolve to a street point
Cortland,36023,bls_nontransport,McGraw Fire Department,PO Box 717,"McGraw, NY 13101",No_Match,,,,,,,True,PO Box address -- Census geocoder cannot resolve to a street point
Cortland,36023,bls_nontransport,"Preble Fire Department, Inc.",1911 Preble Road,"Preble, NY 13141",Match,Exact,"1911 PREBLE RD, PREBLE, NY, 13141",-76.148995366593,42.735565265082,45802047,R,False,
Cortland,36023,bls_nontransport,SUNY Cortland State Emergency Squad,217 Corey Union,"Cortland, NY 13045",No_Match,,,,,,,True,No match found -- verify address manually
Cortland,36023,bls_nontransport,"The Willet Volunteer Fire Department, Inc.",PO Box 61,"Willet, NY 13863",No_Match,,,,,,,True,PO Box address -- Census geocoder cannot resolve to a street point
Cortland,36023,bls_nontransport,"Truxton Fire Department, Inc.",PO Box 118,"Truxton, NY 13158",No_Match,,,,,,,True,PO Box address -- Census geocoder cannot resolve to a street point
Cortland,36023,bls_nontransport,Virgil Fire District,1195 West State Road,"Cortland, NY 13045",Match,Exact,"1195 W STATE RD, CORTLAND, NY, 13045",-76.197649141837,42.510574799162,634556204,R,False,
Delaware,36025,bls_nontransport,"Davenport Volunteer Fire Department, Inc.",PO Box 63,"Davenport, NY 13750",No_Match,,,,,,,True,PO Box address -- Census geocoder cannot resolve to a street point
Delaware,36025,bls_nontransport,"East Meredith Fire Department, Inc.",PO Box 65,"East Meredith, NY 13757",No_Match,,,,,,,True,PO Box address -- Census geocoder cannot resolve to a street point
Delaware,36025,bls_nontransport,"Hancock, Village of",PO Box 816,"Hancock, NY 13783",No_Match,,,,,,,True,PO Box address -- Census geocoder cannot resolve to a street point
Delaware,36025,bls_nontransport,Pindar's Corners Fire Dept. First Response Unit,8898 St Rt 23,"Oneonta, NY 13820",Match,Exact,"8898 STATE RTE 23, ONEONTA, NY, 13820",-74.963975895605,42.438370454413,41592037,L,False,
Delaware,36025,bls_nontransport,"Sidney Fire Department, Inc.",76 River Street,"Sidney, NY 13838",Match,Exact,"76 RIVER ST, SIDNEY, NY, 13838",-75.399844532677,42.312050652531,642745334,L,False,
Dutchess,36027,bls_nontransport,Bard College EMS,PO Box 5000,"Annandale-on-Hudson, NY 12504",No_Match,,,,,,,True,PO Box address -- Census geocoder cannot resolve to a street point
Dutchess,36027,bls_nontransport,"Beacon Fire Department, City of",425 Main St,"Beacon, NY 12508",Match,Exact,"425 MAIN ST, BEACON, NY, 12508",-73.967781930188,41.503751480874,4162172,R,False,
Dutchess,36027,bls_nontransport,Chelsea Fire District,PO Box 61,"Chelsea, NY 12512",No_Match,,,,,,,True,PO Box address -- Census geocoder cannot resolve to a street point
Dutchess,36027,bls_nontransport,Glenham Fire District,PO Box 391,"Glenham, NY 12527",No_Match,,,,,,,True,PO Box address -- Census geocoder cannot resolve to a street point
Dutchess,36027,bls_nontransport,Hughsonville Fire District,88 Old Hopewell Rd,"Hughsonville, NY 12590",Match,Non_Exact,"88 OLD HOPEWELL RD, WAPPINGERS FALLS, NY, 12590",-73.927234017581,41.580048400371,4162719,R,False,
Dutchess,36027,bls_nontransport,Hyde Park Fire and Water District,PO Box 2007,"Hyde Park, NY 12538",No_Match,,,,,,,True,PO Box address -- Census geocoder cannot resolve to a street point
Dutchess,36027,bls_nontransport,"J.H. Ketcham Hose Company, Inc.",PO Box 706,"Dover Plains, NY 12522",No_Match,,,,,,,True,PO Box address -- Census geocoder cannot resolve to a street point
Dutchess,36027,bls_nontransport,New Hamburg Fire Department,15 Channingville Road,"New Hamburg, NY 12590",Match,Exact,"15 CHANNINGVILLE RD, NEW HAMBURG, NY, 12590",-73.941078275561,41.592617087353,4161561,L,False,
Dutchess,36027,bls_nontransport,North East Fire District,PO Box 653,"Millerton, NY 12546",No_Match,,,,,,,True,PO Box address -- Census geocoder cannot resolve to a street point
Dutchess,36027,bls_nontransport,"Poughkeepsie Fire Department, City of",505 Main St,"Poughkeepsie, NY 12601",Match,Exact,"505 MAIN ST, POUGHKEEPSIE, NY, 12601",-73.918712600017,41.701047156226,4226890,L,False,
Dutchess,36027,bls_nontransport,Staatsburg Fire District,PO Box 105,"Staatsburg, NY 12580",No_Match,,,,,,,True,PO Box address -- Census geocoder cannot resolve to a street point
Dutchess,36027,bls_nontransport,Stanford Fire District,PO Box 99,"Stanfordville, NY 12581",No_Match,,,,,,,True,PO Box address -- Census geocoder cannot resolve to a street point
Dutchess,36027,bls_nontransport,Vassar College EMS,124 Raymond Avenue,"Poughkeepsie, NY 12604",Match,Exact,"124 RAYMOND AVE, POUGHKEEPSIE, NY, 12604",-73.899490457274,41.689743615561,638051741,R,False,
Dutchess,36027,bls_nontransport,Wassaic Fire District,PO Box 176,"Wassaic, NY 12592",No_Match,,,,,,,True,PO Box address -- Census geocoder cannot resolve to a street point
Erie,36029,bls_nontransport,"Akron Fire Company, Inc.",PO Box #1,"Akron, NY 14001",No_Match,,,,,,,True,PO Box address -- Census geocoder cannot resolve to a street point
Erie,36029,bls_nontransport,"Bellevue Volunteer Fire Company, Inc.",511 Como Park Blvd,"Cheektowaga, NY 14227",Match,Exact,"511 COMO PARK BLVD, CHEEKTOWAGA, NY, 14227",-78.737184142548,42.8932488668,48307188,R,False,
Erie,36029,bls_nontransport,"Boston Volunteer Fire Company, Inc.",PO Box 357,"Boston, NY 14025",No_Match,,,,,,,True,PO Box address -- Census geocoder cannot resolve to a street point
Erie,36029,bls_nontransport,Bowmansville Volunteer Fire Association Inc,36 Main Street,"Bowmansville, NY 14026",Match,Exact,"36 MAIN ST, BOWMANSVILLE, NY, 14026",-78.685389365156,42.942300211415,48306734,L,False,
Erie,36029,bls_nontransport,"Buffalo Fire Department, City of",68 Court Street,"Buffalo, NY 14202",Match,Exact,"68 COURT ST, BUFFALO, NY, 14202",-78.877112216227,42.886171664599,48290627,L,False,
Erie,36029,bls_nontransport,"Cleveland Hill FD #6, Inc.",440 Cleveland Drive,"Cheektowaga, NY 14225",Match,Non_Exact,"440 CLEVELAND DR, CHEEKTOWAGA, NY, 14215",-78.784750668835,42.944994803209,638094757,L,False,
Erie,36029,bls_nontransport,"Collins Center Fire Company, Inc.",PO Box 261 PO 14035,"Collins Center, NY 14035",No_Match,,,,,,,True,PO Box address -- Census geocoder cannot resolve to a street point
Erie,36029,bls_nontransport,"Collins Fire Company #1, Inc.",PO Box 361,"Collins, NY 14034",No_Match,,,,,,,True,PO Box address -- Census geocoder cannot resolve to a street point
Erie,36029,bls_nontransport,"Crittenden Volunteer Fire Department, Inc.",PO Box 424 Aiden 14004,"Crittenden, NY 14038",No_Match,,,,,,,True,PO Box address -- Census geocoder cannot resolve to a street point
Erie,36029,bls_nontransport,Daemen College,4380 Main Street,"Amherst, NY 14226",Match,Exact,"4380 MAIN ST, AMHERST, NY, 14226",-78.787575380748,42.963710475101,639369185,L,False,
Erie,36029,bls_nontransport,Doyle Fire District,2199 William Street,"Cheektowaga, NY 14206",Match,Exact,"2199 WILLIAM ST, CHEEKTOWAGA, NY, 14206",-78.789141670159,42.884386813687,48303695,R,False,
Erie,36029,bls_nontransport,"East  Aurora Fire Department, Village of",33 Center Street,"East Aurora, NY 14052",Match,Exact,"33 CENTER ST, EAST AURORA, NY, 14052",-78.622526881614,42.767190222945,48314262,R,False,
Erie,36029,bls_nontransport,Eggertsville Fire District,1880 Eggert Rd,"Amherst, NY 14226",Match,Exact,"1880 EGGERT RD, AMHERST, NY, 14226",-78.811603211509,42.977002234647,48295489,L,False,
Erie,36029,bls_nontransport,Ellicott Creek Volunteer Fire Co. Inc.,45 S. Ellicott Creek Rd,"Amherst, NY 14228",Match,Exact,"45 S ELLICOTT CREEK RD, AMHERST, NY, 14228",-78.819720265642,43.024039635828,636676320,R,False,
Erie,36029,bls_nontransport,"Forks Hose Company, Inc.",3330 Broadway and Union Road,"Cheektowaga, NY 14227",Match,Non_Exact,"BROADWAY ST & UNION RD, CHEEKTOWAGA, NY, 14227",-78.754357380081,42.903801519686,,,False,
Erie,36029,bls_nontransport,Getzville Fire Company Inc.,630 Dodge Road,"Getzville, NY 14068",Match,Exact,"630 DODGE RD, GETZVILLE, NY, 14068",-78.768840017635,43.02425765769,48317327,L,False,
Erie,36029,bls_nontransport,Harris Hill Volunteer Fire Company,8630 Main Street,"Clarence, NY 14221",Match,Non_Exact,"8630 MAIN ST, BUFFALO, NY, 14221",-78.671645720612,42.965331990874,48306654,L,False,
Erie,36029,bls_nontransport,"Hy-View Fire Company, Inc.",8 Airport Avenue,"Depew, NY 14043",Match,Non_Exact,"8 AIRPORT DR, DEPEW, NY, 14043",-78.721647722721,42.924470152513,48339734,L,False,
Erie,36029,bls_nontransport,"Kenmore Volunteer Fire Department, Inc.",16 Nash Road,"Kenmore, NY 14217",Match,Exact,"16 NASH RD, KENMORE, NY, 14217",-78.870040095345,42.96536320281,48287965,L,False,
Erie,36029,bls_nontransport,"Lackawanna Fire Department, City of",1630 Abbott Road,"Lackawanna, NY 14218",Match,Exact,"1630 ABBOTT RD, LACKAWANNA, NY, 14218",-78.801992271385,42.820489831754,48303459,L,False,
Erie,36029,bls_nontransport,Lancaster Fire Department,5423 Broadway,"Lancaster, NY 14086",Match,Exact,"5423 BROADWAY, LANCASTER, NY, 14086",-78.669937912502,42.900311317093,48308422,R,False,
Erie,36029,bls_nontransport,"Main - Transit Fire Department, Inc.",6777 Main Street,"Williamsville, NY 14221",Match,Exact,"6777 MAIN ST, WILLIAMSVILLE, NY, 14221",-78.70129316571,42.965351081511,48320607,R,False,
Erie,36029,bls_nontransport,"Millgrove Volunteer Fire Department, Inc.",11621 Genesee Street,"Alden, NY 14004",Match,Exact,"11621 GENESEE ST, ALDEN, NY, 14004",-78.554476168621,42.943642839182,48313256,R,False,
Erie,36029,bls_nontransport,"Mortons Corners Volunteer Fire Department, Inc.",PO Box 370,"Springville, NY 14141",No_Match,,,,,,,True,PO Box address -- Census geocoder cannot resolve to a street point
Erie,36029,bls_nontransport,"North Bailey Fire Company, Inc.",966 Sweet Home Road,"Amherst, NY 14226",Match,Exact,"966 SWEET HOME RD, AMHERST, NY, 14226",-78.806013111912,42.989076175431,48295357,L,False,
Erie,36029,bls_nontransport,Orchard Park Fire District,4222 South Taylor Rd,"Orchard Park, NY 14127",Match,Exact,"4222 S TAYLOR RD, ORCHARD PARK, NY, 14127",-78.762741349541,42.767929443702,48310565,R,False,
Erie,36029,bls_nontransport,"Patchin Volunteer Fire Association, Inc.",PO Box 173,"Boston, NY 14025",No_Match,,,,,,,True,PO Box address -- Census geocoder cannot resolve to a street point
Erie,36029,bls_nontransport,Pine Hill Hose Company,2433 Genesee Street,"Cheektowaga, NY 14225",Match,Exact,"2433 GENESEE ST, CHEEKTOWAGA, NY, 14225",-78.792808877513,42.919988473161,48299167,R,False,
Erie,36029,bls_nontransport,"Rescue Volunteer Hose Company #1 of Cheektowaga NY, Inc.",20 Pine Ridge Road,"Cheektowaga, NY 14211",Match,Non_Exact,"20 PINE RIDGE RD, BUFFALO, NY, 14211",-78.796434212077,42.907513055442,48299228,L,False,
Erie,36029,bls_nontransport,Seneca Hose Fire Company #1,2829 Seneca Street,"West Seneca, NY 14224",Match,Exact,"2829 SENECA ST, WEST SENECA, NY, 14224",-78.78785735983,42.842079130361,48304376,R,False,
Erie,36029,bls_nontransport,Sloan Active Hose Company #1,55 Gates St,"Sloan, NY 14212",Match,Exact,"55 GATES ST, SLOAN, NY, 14212",-78.793035955378,42.89334922759,48303577,R,False,
Erie,36029,bls_nontransport,"Snyder Fire Department, Inc.",4531 Main Street,"Snyder, NY 14226",Match,Exact,"4531 MAIN ST, SNYDER, NY, 14226",-78.782714794305,42.962961431415,48298190,R,False,
Erie,36029,bls_nontransport,Town Line Volunteer Fire Department,6507 Broadway,"Lancaster, NY 14086",Match,Exact,"6507 BROADWAY, LANCASTER, NY, 14086",-78.582544778054,42.890892571898,48313528,R,False,
Erie,36029,bls_nontransport,"Twin District Volunteer Fire Company, Inc.",PO Box 406,"Lancaster, NY 14086",No_Match,,,,,,,True,PO Box address -- Census geocoder cannot resolve to a street point
Erie,36029,bls_nontransport,U-Crest Fire District #4,255 Clover Place,"Cheektowaga, NY 14225",Match,Exact,"255 CLOVER PL, CHEEKTOWAGA, NY, 14225",-78.755721215489,42.923483648792,48300134,R,False,
Erie,36029,bls_nontransport,West Seneca Fire District #1,514 Harlem Road,"West Seneca, NY 14224",Match,Exact,"514 HARLEM RD, WEST SENECA, NY, 14224",-78.787755717476,42.856981882183,645418280,L,False,
Erie,36029,bls_nontransport,Williamsville Fire Department,5565 Main Street,"Williamsville, NY 14221",Match,Exact,"5565 MAIN ST, WILLIAMSVILLE, NY, 14221",-78.745767879915,42.962627102603,48305331,R,False,
Essex,36031,bls_nontransport,Crown Point Fire District,PO Box 194,"Crown Point, NY 12928",No_Match,,,,,,,True,PO Box address -- Census geocoder cannot resolve to a street point
Franklin,36033,bls_nontransport,"Dickinson Volunteer Fire Department, Inc.",PO Box 88,"Dickinson Center, NY 12930",No_Match,,,,,,,True,PO Box address -- Census geocoder cannot resolve to a street point
Franklin,36033,bls_nontransport,"Duane Volunteer Fire Company, Inc.",172 county route 26,"Malone, NY 12953",Match,Exact,"172 CO RD 26, MALONE, NY, 12953",-74.266552761865,44.659271894005,657212213,L,False,
Franklin,36033,bls_nontransport,"Paul Smiths-Gabriels Volunteer Fire Department, Inc.",PO Box 145,"Gabriels, NY 12939",No_Match,,,,,,,True,PO Box address -- Census geocoder cannot resolve to a street point
Franklin,36033,bls_nontransport,"St. Regis Falls Fire Department, Inc.",PO Box 177,"St. Regis Falls, NY 12980",No_Match,,,,,,,True,PO Box address -- Census geocoder cannot resolve to a street point
Fulton,36035,bls_nontransport,"Caroga Lake Volunteer Fire Company, Inc.",PO Box 536,"Caroga Lake, NY 12032",No_Match,,,,,,,True,PO Box address -- Census geocoder cannot resolve to a street point
Fulton,36035,bls_nontransport,"Ephratah Volunteer Fire Department, Inc.",4305 State Highway 10,"St. Johnsville, NY 13452",Match,Exact,"4305 STATE RTE 10, ST JOHNSVILLE, NY, 13452",-74.536197050936,43.007759095153,649042413,R,False,
Fulton,36035,bls_nontransport,"Gloversville Fire Department, City of",5 Frontage Rd,"Gloversville, NY 12078",Match,Exact,"5 FRONTAGE RD, GLOVERSVILLE, NY, 12078",-74.348882218617,43.051672419931,153639083,R,False,
Fulton,36035,bls_nontransport,"Johnstown Fire Department, City of",244 North Perry Street,"Johnstown, NY 12095",Match,Exact,"244 N PERRY ST, JOHNSTOWN, NY, 12095",-74.370370407824,43.014634004678,153637800,R,False,
Fulton,36035,bls_nontransport,Mayfield Fire District # 2,28 North School St,"Mayfield, NY 12117",Match,Exact,"28 N SCHOOL ST, MAYFIELD, NY, 12117",-74.26492785513,43.106052842107,153636945,R,False,
Fulton,36035,bls_nontransport,"Oppenheim Volunteer Fire Company, Inc.",6786 State Highway 29,"St. Johnsville, NY 13452",Match,Exact,"6786 STATE RTE 29, ST JOHNSVILLE, NY, 13452",-74.689316485286,43.070018002852,153635404,R,False,
Fulton,36035,bls_nontransport,"Perth Volunteer Fire Co., Inc.",4080 St Hwy 30,"Amsterdam, NY 12010",Match,Exact,"4080 STATE RTE 30, AMSTERDAM, NY, 12010",-74.19800702431,43.024619585922,153640232,L,False,
Fulton,36035,bls_nontransport,"Rockwood-Garoga-Lassellsville Volunteer Fire Company, Inc.",172 Church Street,"St. Johnsville, NY 13452",Match,Exact,"172 CHURCH ST, ST JOHNSVILLE, NY, 13452",-74.57655107628,43.072735121389,649038780,L,False,
Fulton,36035,bls_nontransport,Stratford Volunteer Fire Company,PO Box 217,"Stratford, NY 13470",No_Match,,,,,,,True,PO Box address -- Census geocoder cannot resolve to a street point
Genesee,36037,bls_nontransport,Alabama Volunteer Fire Department,PO Box 798,"Basom, NY 14013",No_Match,,,,,,,True,PO Box address -- Census geocoder cannot resolve to a street point
Genesee,36037,bls_nontransport,Alexander Fire Department Inc,PO Box 336,"Genesee, NY 14005",No_Match,,,,,,,True,PO Box address -- Census geocoder cannot resolve to a street point
Genesee,36037,bls_nontransport,"Batavia Fire Department, Inc., Town of",PO Box 417,"Batavia, NY 14020",No_Match,,,,,,,True,PO Box address -- Census geocoder cannot resolve to a street point
Genesee,36037,bls_nontransport,"Batavia, City of",18 Evans Street,"Batavia, NY 14020",Match,Exact,"18 EVANS ST, BATAVIA, NY, 14020",-78.186989629328,42.995560174788,48141379,L,False,
Genesee,36037,bls_nontransport,"Community Fire Company of Pavilion, Inc",PO Box 156,"Pavilion, NY 14525",No_Match,,,,,,,True,PO Box address -- Census geocoder cannot resolve to a street point
Genesee,36037,bls_nontransport,Corfu Rescue Hook & Ladder Co No 1,PO Box 134,"Corfu, NY 14036",No_Match,,,,,,,True,PO Box address -- Census geocoder cannot resolve to a street point
Genesee,36037,bls_nontransport,"Darien Center Chemical Fire Company, Inc.",PO Box 135,"Darien Center, NY 14040",No_Match,,,,,,,True,PO Box address -- Census geocoder cannot resolve to a street point
Genesee,36037,bls_nontransport,"East Pembroke Volunteer Fire Department, Inc.",PO Box 45,"East Pembroke, NY 14056",No_Match,,,,,,,True,PO Box address -- Census geocoder cannot resolve to a street point
Genesee,36037,bls_nontransport,"Elba Fire Department, Inc.",PO Box 12,"Elba, NY 14058",No_Match,,,,,,,True,PO Box address -- Census geocoder cannot resolve to a street point
Genesee,36037,bls_nontransport,Oakfield Fire Department,PO Box 184,"Oakfield, NY 14125",No_Match,,,,,,,True,PO Box address -- Census geocoder cannot resolve to a street point
Genesee,36037,bls_nontransport,Pembroke Fire District,PO Box 362,"Corfu, NY 14036",No_Match,,,,,,,True,PO Box address -- Census geocoder cannot resolve to a street point
Genesee,36037,bls_nontransport,"Stafford Fire Department, Inc.",po 56,"Stafford, NY 14143",No_Match,,,,,,,True,No match found -- verify address manually
Greene,36039,bls_nontransport,"East Jewett Fire Department, Inc.",PO Box 105,"East Jewett, NY 12424",No_Match,,,,,,,True,PO Box address -- Census geocoder cannot resolve to a street point
Greene,36039,bls_nontransport,Greenville Fire District # 1,11176 Stste Route 32,"Greenville, NY 12083",Match,Non_Exact,"11176 STATE RTE 32, GREENVILLE, NY, 12083",-74.022082118374,42.417902874171,35663132,R,False,
Greene,36039,bls_nontransport,"Medway Grapeville VFC, Inc.",PO Box 89,"Climax, NY 12042",No_Match,,,,,,,True,PO Box address -- Census geocoder cannot resolve to a street point
Greene,36039,bls_nontransport,New Baltimore Fire Department,PO Box 390,"New Baltimore, NY 12124",No_Match,,,,,,,True,PO Box address -- Census geocoder cannot resolve to a street point
Greene,36039,bls_nontransport,Palenville Fire District,PO Box 100,"Palenville, NY 12463",No_Match,,,,,,,True,PO Box address -- Census geocoder cannot resolve to a street point
Greene,36039,bls_nontransport,"Tannersville Fire Department, Inc.",PO Box 562,"Tannersville, NY 12485",No_Match,,,,,,,True,PO Box address -- Census geocoder cannot resolve to a street point
Greene,36039,bls_nontransport,"Town of Lexington Fire Company, Inc.",PO Box,"Lexington, NY 12452",No_Match,,,,,,,True,PO Box address -- Census geocoder cannot resolve to a street point
Herkimer,36043,bls_nontransport,"East Herkimer Volunteer Fire Department #1, Inc.",PO Box 95,"East Herkimer, NY 13350",No_Match,,,,,,,True,PO Box address -- Census geocoder cannot resolve to a street point
Herkimer,36043,bls_nontransport,"EW Corey Hose Company, Inc.",41 North Main Street,"Newport, NY 13406",Match,Non_Exact,"41 N MAIN ST, NEWPORT, NY, 13416",-74.970249305164,43.140592388694,153717755,L,False,
Herkimer,36043,bls_nontransport,"Frankfort Center Fire Department, Inc.",799 Center Road,"Frankfort, NY 13340",Match,Exact,"799 CENTER RD, FRANKFORT, NY, 13340",-75.153438591362,43.066597981191,153727941,R,False,
Herkimer,36043,bls_nontransport,Frankfort Fire Department,158 So. Litchfield Street,"Frankfort, NY 13340",Match,Exact,"158 S LITCHFIELD ST, FRANKFORT, NY, 13340",-75.073179688045,43.038316025965,153729937,L,False,
Herkimer,36043,bls_nontransport,"Frankfort Hill Volunteer Fire Company, Inc.",2235 Albany Rd,"Frankfort, NY 13340",Match,Exact,"2235 ALBANY RD, FRANKFORT, NY, 13340",-75.184331625788,43.033311744554,153762240,R,False,
Herkimer,36043,bls_nontransport,Herkimer Fire Department,125 North Washington Street,"Herkimer, NY 13350",Match,Exact,"125 N WASHINGTON ST, HERKIMER, NY, 13350",-74.9849093737,43.026438273815,153719909,L,False,
Herkimer,36043,bls_nontransport,"Newport Volunteer Fire Co. No. 4, Inc.",7370 Main St,"Newport, NY 13416",Match,Exact,"7370 MAIN ST, NEWPORT, NY, 13416",-75.011772670564,43.182209884787,647378993,R,False,
Herkimer,36043,bls_nontransport,"Salisbury Fire Department, Inc.",PO Box 65,"Salisbury Center, NY 13454",No_Match,,,,,,,True,PO Box address -- Census geocoder cannot resolve to a street point
Herkimer,36043,bls_nontransport,"Van Hornesville Volunteer Fire Company, Inc.",PO Box 6,"Van Hornesville, NY 13475",No_Match,,,,,,,True,PO Box address -- Census geocoder cannot resolve to a street point
Jefferson,36045,bls_nontransport,"Belleville Volunteer Fire Department, Inc.",PO Box 141,"Belleville, NY 13611",No_Match,,,,,,,True,PO Box address -- Census geocoder cannot resolve to a street point
Jefferson,36045,bls_nontransport,Brownville Joint Fire District,"PO Box 2, Brownville, NY 13615","Dexter, NY 13634",No_Match,,,,,,,True,PO Box address -- Census geocoder cannot resolve to a street point
Jefferson,36045,bls_nontransport,"Calcium Fire District Fire Company, Inc.",PO Box 161,"Calcium, NY 13616",No_Match,,,,,,,True,PO Box address -- Census geocoder cannot resolve to a street point
Jefferson,36045,bls_nontransport,Cape Vincent Fire Department First Responders,PO Box 609,"Cape Vincent, NY 13618",No_Match,,,,,,,True,PO Box address -- Census geocoder cannot resolve to a street point
Jefferson,36045,bls_nontransport,Carthage Volunteer Fire Department,685 South James Street,"Carthage, NY 13619",Match,Exact,"685 S JAMES ST, CARTHAGE, NY, 13619",-75.589917799421,43.972136112393,154243155,R,False,
Jefferson,36045,bls_nontransport,"Chaumont Volunteer Fire Department, Inc.",PO Box 129,"Chaumont, NY 13622",No_Match,,,,,,,True,PO Box address -- Census geocoder cannot resolve to a street point
Jefferson,36045,bls_nontransport,"Deferiet Volunteer Fire Company, Inc.",PO Box 157,"Deferiet, NY 13628",No_Match,,,,,,,True,PO Box address -- Census geocoder cannot resolve to a street point
Jefferson,36045,bls_nontransport,"Depauville Fire Department, Inc.",Box 99,"Depauville, NY 13632",No_Match,,,,,,,True,No match found -- verify address manually
Jefferson,36045,bls_nontransport,"Felts Mills Volunteer Fire Company, Inc.",PO Box 155,"Felts Mills, NY 13638",No_Match,,,,,,,True,PO Box address -- Census geocoder cannot resolve to a street point
Jefferson,36045,bls_nontransport,"Glen Park Volunteer Fire Department, Village of",630 Main Street,"Glen Park, NY 13601",Match,Exact,"630 MAIN ST, GLEN PARK, NY, 13601",-75.95727948501,43.999593047657,154270957,R,False,
Jefferson,36045,bls_nontransport,"Lorraine Volunteer Fire Company, Inc.",PO Box 89,"Lorraine, NY 13659",No_Match,,,,,,,True,PO Box address -- Census geocoder cannot resolve to a street point
Jefferson,36045,bls_nontransport,"Northpole Fire Company, Inc.",22334 Route 11,"Watertown, NY 13601",Match,Exact,"22334 US HWY 11, WATERTOWN, NY, 13601",-75.901090671621,43.999407462223,154275389,R,False,
Jefferson,36045,bls_nontransport,"Redwood Fire Department, Inc",PO Box 191,"Redwood, NY 13679",No_Match,,,,,,,True,PO Box address -- Census geocoder cannot resolve to a street point
Jefferson,36045,bls_nontransport,"Rutland Volunteer Fire Company, Inc.",28502 St. Rt. 126,"Black River, NY 13612",Match,Exact,"28502 STATE RTE 126, BLACK RIVER, NY, 13612",-75.804245791113,43.953705731667,642689406,L,False,
Jefferson,36045,bls_nontransport,"Sackets Harbor Volunteer Fire Company, Inc.",112 N Broad St,"Sackets Harbor, NY 13685",Match,Exact,"112 N BROAD ST, SACKETS HARBOR, NY, 13685",-76.118186707168,43.946822511375,154224106,L,False,
Jefferson,36045,bls_nontransport,"Smithville Volunteer Fire Company, Inc.",13727 Rte 63,"Adams, NY 13605",Match,Exact,"13727 CO RD 63, ADAMS, NY, 13605",-76.099573826232,43.876462406419,154270621,L,False,
Jefferson,36045,bls_nontransport,"The Great Bend Fire Department, Inc.",PO Box 180,"Great Bend, NY 13643",No_Match,,,,,,,True,PO Box address -- Census geocoder cannot resolve to a street point
Jefferson,36045,bls_nontransport,"Town of Watertown Volunteer Fire Department, Inc.",22825 County Rt 67,"Watertown, NY 13601",Match,Exact,"22825 CO RD 67, WATERTOWN, NY, 13601",-75.91326530319,43.941611221314,154261843,R,False,
Jefferson,36045,bls_nontransport,"Watertown Fire Department, City of",224 South Massey Street,"Watertown, NY 13601",Match,Non_Exact,"224 MASSEY ST S, WATERTOWN, NY, 13601",-75.918246547874,43.974417576696,154241589,L,False,
Kings,36047,bls_nontransport,"Chasdei Devorah, Inc.",1716 56th Street,"Brooklyn, NY 11204",Match,Exact,"1716 56TH ST, BROOKLYN, NY, 11204",-73.986791342869,40.625349818628,59097968,R,False,
Livingston,36051,bls_nontransport,"Avon Fire Department, Village of",74 Genesee Street,"Avon, NY 14414",Match,Exact,"74 GENESEE ST, AVON, NY, 14414",-77.746595810355,42.910449546902,14460140,R,False,
Livingston,36051,bls_nontransport,Caledonia Joint Fire District,3069 Main Street,"Caledonia, NY 14423",Match,Exact,"3069 MAIN ST, CALEDONIA, NY, 14423",-77.856680778594,42.973244308606,14470762,L,False,
Livingston,36051,bls_nontransport,"Cuylerville Volunteer Fire Company, Inc.",2943 Canandaigua Street,"Leicester, NY 14481",Match,Exact,"2943 CANANDAIGUA ST, LEICESTER, NY, 14481",-77.871989453403,42.77712079975,14462046,R,False,
Livingston,36051,bls_nontransport,"Lakeville Volunteer Fire Department, Inc.",PO Box 376,"Lakeville, NY 14480",No_Match,,,,,,,True,PO Box address -- Census geocoder cannot resolve to a street point
Livingston,36051,bls_nontransport,Livonia Hook & Ladder Co. No.1,PO Box 151,"Livonia, NY 14487",No_Match,,,,,,,True,PO Box address -- Census geocoder cannot resolve to a street point
Livingston,36051,bls_nontransport,"Sparta Center Volunteer Fire Department, Inc.",8479 Reeds Corners Road,"Dansville, NY 14437",Match,Exact,"8479 REEDS CORNERS RD, DANSVILLE, NY, 14437",-77.682844502988,42.617267834508,14469287,R,False,
Livingston,36051,bls_nontransport,Springwater Fire District,PO Box 16,"Springwater, NY 14560",No_Match,,,,,,,True,PO Box address -- Census geocoder cannot resolve to a street point
Livingston,36051,bls_nontransport,SUNY at Geneseo,1 College Circle,"Geneseo, NY 14454",Match,Exact,"1 COLLEGE CIR, GENESEO, NY, 14454",-77.827966160117,42.796177641893,655320814,R,False,
Livingston,36051,bls_nontransport,Town of Avon Fire District,1615 W. Henrietta Rd.,"Avon, NY 14414",Match,Exact,"1615 W HENRIETTA RD, AVON, NY, 14414",-77.705765654921,42.912322960935,14476816,R,False,
Livingston,36051,bls_nontransport,"West Sparta Volunteer Fire Department Co. No. 1, Inc.",4451 Red School Rd,"Dansville, NY 14437",Match,Exact,"4451 RED SCHOOL RD, DANSVILLE, NY, 14437",-77.78894905909,42.618332323394,14468282,R,False,
Livingston,36051,bls_nontransport,"York Fire Department, Inc.",PO Box 409,"York, NY 14592",No_Match,,,,,,,True,PO Box address -- Census geocoder cannot resolve to a street point
Madison,36053,bls_nontransport,"Bridgeport Fire Department, Inc.",PO Box 600,"Bridgeport, NY 13030",No_Match,,,,,,,True,PO Box address -- Census geocoder cannot resolve to a street point
Madison,36053,bls_nontransport,"Brookfield Fire Company, Inc.",PO Box 249,"Brookfield, NY 13314",No_Match,,,,,,,True,PO Box address -- Census geocoder cannot resolve to a street point
Madison,36053,bls_nontransport,"Canastota Fire Department, Village of",PO Box 81,"Canastota, NY 13032",No_Match,,,,,,,True,PO Box address -- Census geocoder cannot resolve to a street point
Madison,36053,bls_nontransport,"Cazenovia FD, Village of",PO Box 304,"Cazenovia, NY 13035",No_Match,,,,,,,True,PO Box address -- Census geocoder cannot resolve to a street point
Madison,36053,bls_nontransport,Chittenango Volunteer Fire Department,PO Box 356,"Chittenango, NY 13037",No_Match,,,,,,,True,PO Box address -- Census geocoder cannot resolve to a street point
Madison,36053,bls_nontransport,Eaton Fire District,PO Box 922,"Eaton, NY 13334",No_Match,,,,,,,True,PO Box address -- Census geocoder cannot resolve to a street point
Madison,36053,bls_nontransport,"Erieville Fire Department, Inc.",PO Box Drawer D,"Erieville, NY 13061",No_Match,,,,,,,True,PO Box address -- Census geocoder cannot resolve to a street point
Madison,36053,bls_nontransport,Hamilton Fire Department Rescue,121 Lebanon Street,"Hamilton, NY 13346",Match,Exact,"121 LEBANON ST, HAMILTON, NY, 13346",-75.551132144036,42.822089954258,46501617,R,False,
Madison,36053,bls_nontransport,Hubbardsville Fish & Game Club Fire Department,PO Box 847,"Hubbardsville, NY 13355",No_Match,,,,,,,True,PO Box address -- Census geocoder cannot resolve to a street point
Madison,36053,bls_nontransport,Lincoln Fire District,7224 Old County Road,"Canastota, NY 13032",No_Match,,,,,,,True,No match found -- verify address manually
Madison,36053,bls_nontransport,"Morrisville Fire Company, Inc.",PO Box 1111,"Morrisville, NY 13408",No_Match,,,,,,,True,PO Box address -- Census geocoder cannot resolve to a street point
Madison,36053,bls_nontransport,"Munnsville, Village of",5210 South Main Street,"Munnsville, NY 13409",Match,Exact,"5210 S MAIN ST, MUNNSVILLE, NY, 13409",-75.587766553518,42.974490076438,46523530,R,False,
Madison,36053,bls_nontransport,"North Brookfield Volunteer Fire Department, Inc.",PO Box 48,"North Brookfield, NY 13418",No_Match,,,,,,,True,PO Box address -- Census geocoder cannot resolve to a street point
Madison,36053,bls_nontransport,"North Chittenango Volunteer Fire Company, Inc.",PO Box 180,"Chittenango, NY 13037",No_Match,,,,,,,True,PO Box address -- Census geocoder cannot resolve to a street point
Madison,36053,bls_nontransport,"Smithfield Fire Department, Inc.",PO Box 115,"Peterboro, NY 13134",No_Match,,,,,,,True,PO Box address -- Census geocoder cannot resolve to a street point
Madison,36053,bls_nontransport,"Wampsville Volunteer Fire Company, Inc.",PO Box 163,"Wampsville, NY 13163",No_Match,,,,,,,True,PO Box address -- Census geocoder cannot resolve to a street point
Madison,36053,bls_nontransport,West Webster Fire District,1051 Gravel Road,"Webster, NY 14580",Match,Exact,"1051 GRAVEL RD, WEBSTER, NY, 14580",-77.49691290598,43.203443178857,14551390,R,False,
Monroe,36055,bls_nontransport,Brighton Fire District,3100 East Avenue,"Rochester, NY 14610",Match,Exact,"3100 EAST AVE, ROCHESTER, NY, 14610",-77.528800036237,43.128424992174,14543745,L,False,
Monroe,36055,bls_nontransport,"Brockport Volunteer Firefighters Association, Inc.",PO Box 254,"Brockport, NY 14420",No_Match,,,,,,,True,PO Box address -- Census geocoder cannot resolve to a street point
Monroe,36055,bls_nontransport,"Bushnell's Basin Fire Association, Inc.",661 Kreag Road,"Pittsford, NY 14534",Match,Exact,"661 KREAG RD, PITTSFORD, NY, 14534",-77.473841493276,43.061034753323,14572612,R,False,
Monroe,36055,bls_nontransport,"Chili Fire Department, Inc.",3225 Chili Avenue,"Rochester, NY 14624",Match,Exact,"3225 CHILI AVE, ROCHESTER, NY, 14624",-77.751171895155,43.104609605148,14573807,L,False,
Monroe,36055,bls_nontransport,"Churchville Volunteer Fire Department, Inc.",24 Washington Street,"Churchville, NY 14428",No_Match,,,,,,,True,No match found -- verify address manually
Monroe,36055,bls_nontransport,"Clifton Fire Department, Inc.",53 Wheatland Center Rd,"Churchville, NY 14428",Match,Exact,"53 WHEATLAND CENTER RD, CHURCHVILLE, NY, 14428",-77.813857627786,43.055418052726,14529062,R,False,
Monroe,36055,bls_nontransport,"Egypt Fire Association, Inc.",7478 Pittsford-Palmyra Road,"Fairport, NY 14450",Match,Exact,"7478 PITTSFORD PALMYRA RD, FAIRPORT, NY, 14450",-77.40707387326,43.064544727752,648505697,L,False,
Monroe,36055,bls_nontransport,"Fairport Fire Department, Inc.",27 East Church Street,"Fairport, NY 14450",Match,Exact,"27 E CHURCH ST, FAIRPORT, NY, 14450",-77.439808617651,43.098585397622,14547881,L,False,
Monroe,36055,bls_nontransport,Gates Fire District,2355 Chili Avenue,"Rochester, NY 14624",Match,Exact,"2355 CHILI AVE, ROCHESTER, NY, 14624",-77.696716534123,43.128814654971,14530830,L,False,
Monroe,36055,bls_nontransport,Greater Rochester International Airport Fire Department,500 Weidner Rd,"Rochester, NY 14624",No_Match,,,,,,,True,No match found -- verify address manually
Monroe,36055,bls_nontransport,Hamlin Morton Walker Fire District,PO Box 39,"Hamlin, NY 14464",No_Match,,,,,,,True,PO Box address -- Census geocoder cannot resolve to a street point
Monroe,36055,bls_nontransport,Henrietta Fire District,850 Bailey Road,"West Henrietta, NY 14586",Match,Exact,"850 BAILEY RD, WEST HENRIETTA, NY, 14586",-77.650023937411,43.072672070136,634253210,L,False,
Monroe,36055,bls_nontransport,Hilton-Parma Fire District,120 Old Hojack Lane,"Hilton, NY 14468",Match,Exact,"120 OLD HOJACK LN, HILTON, NY, 14468",-77.798111409725,43.291238677897,14549865,L,False,
Monroe,36055,bls_nontransport,"Honeoye Falls Fire Department, Inc.",7 Monroe Street,"Honeoye Falls, NY 14472",Match,Exact,"7 MONROE ST, HONEOYE FALLS, NY, 14472",-77.591468626497,42.953252639468,14549043,R,False,
Monroe,36055,bls_nontransport,Irondequoit Fire District,2960 Culver Road,"Rochester, NY 14622",Match,Exact,"2960 CULVER RD, ROCHESTER, NY, 14622",-77.561639479523,43.202439726812,14541537,R,False,
Monroe,36055,bls_nontransport,Lakeshore Fire District,1 Long Pond Rd,"Rochester, NY 14612",Match,Exact,"1 LONG POND RD, ROCHESTER, NY, 14612",-77.674389234359,43.29031691797,14578677,R,False,
Monroe,36055,bls_nontransport,Mendon Fire District,101 Mendon Ionia Road,"Mendon, NY 14506",Match,Exact,"101 MENDON IONIA RD, MENDON, NY, 14506",-77.503408472848,42.990089881935,14571123,L,False,
Monroe,36055,bls_nontransport,Monroe County Sheriff's Office,130 South Plymouth Ave,"Rochester, NY 14614",Match,Non_Exact,"130 PLYMOUTH AVE S, ROCHESTER, NY, 14614",-77.614286696169,43.152454255572,639414903,L,False,
Monroe,36055,bls_nontransport,Mumford Fire District,PO Box 25,"Mumford, NY 14511",No_Match,,,,,,,True,PO Box address -- Census geocoder cannot resolve to a street point
Monroe,36055,bls_nontransport,North East Joint Fire District,PO Box 361,"Webster, NY 14580",No_Match,,,,,,,True,PO Box address -- Census geocoder cannot resolve to a street point
Monroe,36055,bls_nontransport,North Greece Fire District,1766 Latta Road,"Rochester, NY 14612",Match,Exact,"1766 LATTA RD, ROCHESTER, NY, 14612",-77.658886094017,43.252966062446,14564019,R,False,
Monroe,36055,bls_nontransport,"Penfield Fire Company, Inc.",1838 Penfield Road,"Penfield, NY 14526",Match,Exact,"1838 PENFIELD RD, PENFIELD, NY, 14526",-77.474571192595,43.13055545429,654543049,L,False,
Monroe,36055,bls_nontransport,Pittsford Fire District,8 Monroe Avenue,"Pittsford, NY 14534",Match,Exact,"8 MONROE AVE, PITTSFORD, NY, 14534",-77.520431573336,43.09278248546,14544924,R,False,
Monroe,36055,bls_nontransport,Point Pleasant Fire District,257 Kings Highway,"North Rochester, NY 14622",Tie,,,,,,,True,Multiple equally-likely address matches -- needs manual disambiguation
Monroe,36055,bls_nontransport,Ridge Road Fire District,1299 Long Pond Road,"Rochester, NY 14626",Match,Exact,"1299 LONG POND RD, ROCHESTER, NY, 14626",-77.696064868987,43.207812682323,14529600,R,False,
Monroe,36055,bls_nontransport,"Rochester, City of",185 Exchange Blvd,"Rochester, NY 14614",Match,Exact,"185 EXCHANGE BLVD, ROCHESTER, NY, 14614",-77.61110821868,43.151587440898,14568447,R,False,
Monroe,36055,bls_nontransport,"Scottsville Fire Department, Inc.",PO Box 10,"Scottsville, NY 14546",No_Match,,,,,,,True,PO Box address -- Census geocoder cannot resolve to a street point
Monroe,36055,bls_nontransport,"Spencerport Volunteer Fireman's Association, Inc.",PO Box 359,"Spencerport, NY 14559",No_Match,,,,,,,True,PO Box address -- Census geocoder cannot resolve to a street point
Monroe,36055,bls_nontransport,St. Paul Boulevard Fire District,433 Cooper Road,"Rochester, NY 14617",Match,Exact,"433 COOPER RD, ROCHESTER, NY, 14617",-77.598819498333,43.219812776361,14535973,L,False,
Monroe,36055,bls_nontransport,University of Rochester Medical Emer. Resp. Team,CPU 273155,"Rochester, NY 14627",No_Match,,,,,,,True,No match found -- verify address manually
Montgomery,36057,bls_nontransport,"Burtonsville Volunteer Fire Department, Inc.",2053 Burtonsville Road,"Esperance, NY 12066",Match,Exact,"2053 BURTONSVILLE RD, ESPERANCE, NY, 12066",-74.260407474173,42.804942581961,18627300,R,False,
Montgomery,36057,bls_nontransport,"Canajoharie Volunteer Fire Department, Inc.",PO Box 28,"Canajoharie, NY 13317",No_Match,,,,,,,True,PO Box address -- Census geocoder cannot resolve to a street point
Montgomery,36057,bls_nontransport,"Charleston Volunteer Fire Department, Inc.",1412 East Lykers Road,"Sprakers, NY 12166",Match,Exact,"1412 E LYKERS RD, SPRAKERS, NY, 12166",-74.401319115585,42.803012976463,18619208,L,False,
Montgomery,36057,bls_nontransport,Cranesville Volunteer Fire Department,167 Riverside Drive,"Amsterdam, NY 12010",No_Match,,,,,,,True,No match found -- verify address manually
Montgomery,36057,bls_nontransport,"Florida Volunteer Fire Department FR Unit, Town of",PO Box 128,"Amsterdam, NY 12010",No_Match,,,,,,,True,PO Box address -- Census geocoder cannot resolve to a street point
Montgomery,36057,bls_nontransport,"Fort Plain Fire Department, Village of",168 Canal Street,"Fort Plain, NY 13339",Match,Exact,"168 CANAL ST, FORT PLAIN, NY, 13339",-74.624799989648,42.933821282363,637830005,R,False,
Montgomery,36057,bls_nontransport,"Hagaman Volunteer Fire Department, Inc.",PO Box 328,"Hagaman, NY 12086",No_Match,,,,,,,True,PO Box address -- Census geocoder cannot resolve to a street point
Montgomery,36057,bls_nontransport,Mohawk Fire District,2553 State Highway 30A,"Fonda, NY 12068",Match,Exact,"2553 STATE RTE 30A, FONDA, NY, 12068",-74.387731152217,42.965934500789,657051463,R,False,
Montgomery,36057,bls_nontransport,Montgomery County Sheriff,PO Box 432,"Fultonville, NY 12072",No_Match,,,,,,,True,PO Box address -- Census geocoder cannot resolve to a street point
Montgomery,36057,bls_nontransport,"Rural Grove Volunteer Fire Company, Inc.",PO Box 219,"Sprakers, NY 12166",No_Match,,,,,,,True,PO Box address -- Census geocoder cannot resolve to a street point
Montgomery,36057,bls_nontransport,"South Minden Volunteer Fire Department, Inc.",1029 St Hwy 163,"Fort Plain, NY 13339",Match,Exact,"1029 STATE HWY 163, FORT PLAIN, NY, 13339",-74.678581317688,42.883418607399,18622527,R,False,
Montgomery,36057,bls_nontransport,"Town of Glen Volunteer Fire Department, Inc.",134 Auriesville Rd,"Fultonville, NY 12072",Match,Exact,"134 AURIESVILLE RD, FULTONVILLE, NY, 12072",-74.342861434358,42.896564329657,18625409,R,False,
Montgomery,36057,bls_nontransport,"Tribes Hill Fire Department, Inc.",250 Mohawk Drive,"Tribes Hill, NY 12177",Match,Exact,"250 MOHAWK DR, TRIBES HILL, NY, 12177",-74.286288497927,42.954647856569,637714778,L,False,
Nassau,36059,bls_nontransport,"Albertson H & L & EH Company, Inc",100 I.U. Willets Road,"Albertson, NY 11507",No_Match,,,,,,,True,No match found -- verify address manually
Nassau,36059,bls_nontransport,"Alert Engine, Hook and Ladder Company # 1, Inc.",555 Middle Neck Road,"Great Neck, NY 11023",Match,Exact,"555 MIDDLE NECK RD, GREAT NECK, NY, 11023",-73.735412589284,40.801540089267,147656030,R,False,
Nassau,36059,bls_nontransport,Atlantic Steamer Fire Co. # 1,PO Box 148,"Oyster Bay, NY 11771",No_Match,,,,,,,True,PO Box address -- Census geocoder cannot resolve to a street point
Nassau,36059,bls_nontransport,"East Williston Fire Department, Village of",456 Sagamore Avenue,"East Williston, NY 11596",Match,Exact,"456 SAGAMORE AVE, EAST WILLISTON, NY, 11596",-73.639112413946,40.756778886189,147664383,R,False,
Nassau,36059,bls_nontransport,"Floral Park Centre Fire Company, Inc.",94 McKee Street,"Floral Park Centre, NY 11001",Match,Non_Exact,"94 MCKEE ST, FLORAL PARK, NY, 11001",-73.697006616276,40.733173633778,147665709,L,False,
Nassau,36059,bls_nontransport,"Hempstead Conservation & Waterways, Town of",PO Box 180,"Pt. Lookout, NY 11569",No_Match,,,,,,,True,PO Box address -- Census geocoder cannot resolve to a street point
Nassau,36059,bls_nontransport,"Oyster Bay Department of Public Safety, Town of",150 Miller Place,"Syosset, NY 11791",Match,Exact,"150 MILLER PL, SYOSSET, NY, 11791",-73.515071163242,40.785097828209,147838364,L,False,
Nassau,36059,bls_nontransport,"Roslyn Highlands Hook & Ladder, Engine & Hose Co., The",270 Warner Avenue,"Roslyn Heights, NY 11577",Match,Exact,"270 WARNER AVE, ROSLYN HEIGHTS, NY, 11577",-73.644951282555,40.791740856026,147838765,R,False,
New York,36061,bls_nontransport,Metro-North Railroad Fire Brigade,420 Lexington Avenue,"New York, NY 10017",Match,Non_Exact,"420 LEXINGTON AVE, NEW YORK, NY, 10170",-73.975586532029,40.752195626457,59658683,L,False,
Niagara,36063,bls_nontransport,"Adams Fire Company, Inc.",7113 Nash Road,"North Tonawanda, NY 14120",Match,Exact,"7113 NASH RD, NORTH TONAWANDA, NY, 14120",-78.865820719732,43.081541436352,649644354,L,False,
Niagara,36063,bls_nontransport,"First Volunteer Fire Company of Bergholz, Inc.",2470 Niagara Road,"Niagara Falls, NY 14304",Match,Exact,"2470 NIAGARA RD, NIAGARA FALLS, NY, 14304",-78.912252704798,43.102870316256,48688482,R,False,
Niagara,36063,bls_nontransport,Frontier Volunteer Fire Company,2176 Liberty Dr,"Niagara Falls, NY 14304",Match,Exact,"2176 LIBERTY DR, NIAGARA FALLS, NY, 14304",-78.93161091999,43.073554022324,639578043,L,False,
Niagara,36063,bls_nontransport,Gasport Chemical Hose Co.,10 Alanview Dr Lockport,"Gasport, NY 14067",No_Match,,,,,,,True,No match found -- verify address manually
Niagara,36063,bls_nontransport,"Hartland Fire Company, Inc.",8945 Ridge Road,"Gasport, NY 14067",Match,Exact,"8945 RIDGE RD, GASPORT, NY, 14067",-78.532031418969,43.242674997772,48697349,R,False,
Niagara,36063,bls_nontransport,Middleport Fire Company # 1,28 Main Street,"Middleport, NY 14105",Match,Exact,"28 MAIN ST, MIDDLEPORT, NY, 14105",-78.476531121081,43.212203161673,48683015,L,False,
Niagara,36063,bls_nontransport,Niagara Falls Air Reserve Station Fire Department,Bldg 821,"Niagara Falls, NY 14304",No_Match,,,,,,,True,No match found -- verify address manually
Niagara,36063,bls_nontransport,"Niagara Falls Fire Department, City of",PO Box 69,"Niagara Falls, NY 14302",No_Match,,,,,,,True,PO Box address -- Census geocoder cannot resolve to a street point
Niagara,36063,bls_nontransport,"Pekin Fire Company, Inc.",PO Box 521,"Sanborn, NY 14132",No_Match,,,,,,,True,PO Box address -- Census geocoder cannot resolve to a street point
Niagara,36063,bls_nontransport,"St. Johnsburg Fire Company, Inc.",7165 Ward Road,"North Tonawanda, NY 14120",Match,Exact,"7165 WARD RD, NORTH TONAWANDA, NY, 14120",-78.889310025784,43.077539549636,48688580,L,False,
Niagara,36063,bls_nontransport,"Terrys Corners Volunteer Fire Company, Inc.",7801 Chestnut Ridge Rd,"Gasport, NY 14067",Match,Exact,"7801 CHESTNUT RIDGE RD, GASPORT, NY, 14067",-78.597881304016,43.173110322147,636439383,R,False,
Niagara,36063,bls_nontransport,"Town of Niagara Active Hose Company, Inc.",6010 Lockport Road,"Niagara Falls, NY 14305",Match,Exact,"6010 LOCKPORT RD, NIAGARA FALLS, NY, 14305",-78.996220655247,43.120473209702,48694110,L,False,
Oneida,36065,bls_nontransport,"Cassville Fire Department, Inc.",PO Box 371,"Cassville, NY 13318",No_Match,,,,,,,True,PO Box address -- Census geocoder cannot resolve to a street point
Oneida,36065,bls_nontransport,"Clark Mills Volunteer Fire Department, Inc.",PO Box 0,"Clark Mills, NY 13321",No_Match,,,,,,,True,PO Box address -- Census geocoder cannot resolve to a street point
Oneida,36065,bls_nontransport,Clayville Volunteer Fire Department,PO Box 273,"Clayville, NY 13322",No_Match,,,,,,,True,PO Box address -- Census geocoder cannot resolve to a street point
Oneida,36065,bls_nontransport,"Clinton Fire Department, Village of",1 North Park Row,"Clinton, NY 13323",Match,Exact,"1 N PARK ROW, CLINTON, NY, 13323",-75.378105923527,43.049896224325,171525084,L,False,
Oneida,36065,bls_nontransport,Deansboro Fire District,2640 State Route 12B,"Deansboro, NY 13328",Match,Exact,"2640 STATE RTE 12B, DEANSBORO, NY, 13328",-75.429525782836,42.991997384046,640432406,R,False,
Oneida,36065,bls_nontransport,Durhamville Fire Department,PO Box 237,"Durhamville, NY 13054",No_Match,,,,,,,True,PO Box address -- Census geocoder cannot resolve to a street point
Oneida,36065,bls_nontransport,Florence Volunteer Fire Department,11983 Redfield Road,"Camden, NY 13316",Match,Exact,"11983 REDFIELD RD, CAMDEN, NY, 13316",-75.752832932509,43.441734128543,171532758,L,False,
Oneida,36065,bls_nontransport,"Forestport Fire Fighters, Inc.",11965 River Rd,"Forestport, NY 13338",Match,Exact,"11965 RIVER RD, FORESTPORT, NY, 13338",-75.20699619807,43.442228680656,171534704,L,False,
Oneida,36065,bls_nontransport,Hamilton College Student Health Services Office,198 College Hill Road,"Clinton, NY 13323",Match,Non_Exact,"198 COLLEGE ST, CLINTON, NY, 13323",-75.395885831812,43.048557800485,171545139,L,False,
Oneida,36065,bls_nontransport,"Lee Center Fire Department, Inc.",P.O. Box 194,"Lee Center, NY 13363",No_Match,,,,,,,True,PO Box address -- Census geocoder cannot resolve to a street point
Oneida,36065,bls_nontransport,"Leonardsville Volunteer Fire Company, Inc.",PO Box 185,"Leonardsville, NY 13364",No_Match,,,,,,,True,PO Box address -- Census geocoder cannot resolve to a street point
Oneida,36065,bls_nontransport,McConnellsville Fire Department,8480 Mill Pond Way,"McConnellsville, NY 13401",No_Match,,,,,,,True,No match found -- verify address manually
Oneida,36065,bls_nontransport,"New London Volunteer Fire Department, Inc.",PO Box 4421,"Rome, NY 13440",No_Match,,,,,,,True,PO Box address -- Census geocoder cannot resolve to a street point
Oneida,36065,bls_nontransport,"Oneida Castle Volunteer Fire Department, Inc.",3989 Schultz Rd,"Oneida, NY 13421",No_Match,,,,,,,True,No match found -- verify address manually
Oneida,36065,bls_nontransport,"Oriskany Falls Volunteer Fire Department, Inc.",PO Box 582,"Oriskany Falls, NY 13425",No_Match,,,,,,,True,PO Box address -- Census geocoder cannot resolve to a street point
Oneida,36065,bls_nontransport,"Oriskany Fire Department, Village of",PO Box 217,"Oriskany, NY 13424",No_Match,,,,,,,True,PO Box address -- Census geocoder cannot resolve to a street point
Oneida,36065,bls_nontransport,"Otter Lake Fire Company, Inc.",13853 St Rt 28,"Otter Lake, NY 13338",Match,Non_Exact,"13853 STATE RTE 28, FORESTPORT, NY, 13338",-75.116975202504,43.586669895248,657947763,L,False,
Oneida,36065,bls_nontransport,"Paris Hill Volunteer Fire Company, Inc.",2845 Old State Rt 12,"Savquoit, NY 13456",Match,Non_Exact,"2845 OLD STATE RTE 12, SAUQUOIT, NY, 13456",-75.317233905527,43.001602890895,171566428,R,False,
Oneida,36065,bls_nontransport,Remsen Fire Department,PO Box 299,"Remsen, NY 13438",No_Match,,,,,,,True,PO Box address -- Census geocoder cannot resolve to a street point
Oneida,36065,bls_nontransport,"Rome Fire Department, City of",158 Black River Boulevard.,"Rome, NY 13440",Match,Non_Exact,"158 BLACK RIVER BLVD N, ROME, NY, 13440",-75.45277124708,43.211414078843,171577449,R,False,
Oneida,36065,bls_nontransport,"Sauquoit Volunteer Fire Company, Inc",PO Box 534,"Sauquoit, NY 13456",No_Match,,,,,,,True,PO Box address -- Census geocoder cannot resolve to a street point
Oneida,36065,bls_nontransport,"Stanwix Heights Volunteer Fire Department, Inc.",6580 Bartlett Road,"Rome, NY 13440",Match,Exact,"6580 BARTLETT RD, ROME, NY, 13440",-75.431278696737,43.180140335414,171580432,R,False,
Oneida,36065,bls_nontransport,Sylvan Beach Fire District,PO Box 503,"Sylvan Beach, NY 13157",No_Match,,,,,,,True,PO Box address -- Census geocoder cannot resolve to a street point
Oneida,36065,bls_nontransport,Trenton Joint Fire District,PO Box 242,"Barneveld, NY 13304",No_Match,,,,,,,True,PO Box address -- Census geocoder cannot resolve to a street point
Oneida,36065,bls_nontransport,Utica College Emergency Medical Services,1600 Burnstone Road,"Utica, NY 13502",Match,Non_Exact,"1600 BURRSTONE RD, UTICA, NY, 13502",-75.272548265116,43.093407255138,655290822,R,False,
Oneida,36065,bls_nontransport,"Vernon Center Volunteer Fire Department, Inc.",PO Box 1,"Vernon Center, NY 13477",No_Match,,,,,,,True,PO Box address -- Census geocoder cannot resolve to a street point
Oneida,36065,bls_nontransport,"Verona Volunteer Fire Department, Inc.",PO Box 137,"Verona, NY 13478",No_Match,,,,,,,True,PO Box address -- Census geocoder cannot resolve to a street point
Oneida,36065,bls_nontransport,"Vienna Fire Department, Inc.",2875 State Route 49,"Blossvale, NY 13308",Match,Exact,"2875 STATE RTE 49, BLOSSVALE, NY, 13308",-75.695980304635,43.240153843411,657948226,L,False,
Oneida,36065,bls_nontransport,Waterville Volunteer Fire Dept.,222 E Main St,"Waterville, NY 13480",Match,Non_Exact,"222 MAIN ST E, WATERVILLE, NY, 13480",-75.37725593979,42.931032077706,171518447,R,False,
Oneida,36065,bls_nontransport,"Westmoreland Volunteer Fire Department, Inc.",PO Box 478,"Westmoreland, NY 13490",No_Match,,,,,,,True,PO Box address -- Census geocoder cannot resolve to a street point
Oneida,36065,bls_nontransport,"Yorkville Fire Department, Village of",PO Box 95,"Yorkville, NY 13495",No_Match,,,,,,,True,PO Box address -- Census geocoder cannot resolve to a street point
Onondaga,36067,bls_nontransport,174th Attack Wing Fire and Emergency Services,6001 East Molloy Road Bldg 644,"Syracuse, NY 13211",Match,Exact,"6001 E MOLLOY RD, SYRACUSE, NY, 13211",-76.099680716469,43.09921607896,639482435,L,False,
Onondaga,36067,bls_nontransport,"Amber Fire Department, Inc.",PO Box 172,"Marietta, NY 13110",No_Match,,,,,,,True,PO Box address -- Census geocoder cannot resolve to a street point
Onondaga,36067,bls_nontransport,"Apulia Fire Company, Inc.",PO Box 96,"Apulia Station, NY 13020",No_Match,,,,,,,True,PO Box address -- Census geocoder cannot resolve to a street point
Onondaga,36067,bls_nontransport,"Baldwinsville Volunteer Fire Company, Inc.",7911 Crego Rd,"Baldwinsville, NY 13027",Match,Exact,"7911 CREGO RD, BALDWINSVILLE, NY, 13027",-76.352764186656,43.154437657431,46582403,R,False,
Onondaga,36067,bls_nontransport,Belgium Cold Spring Fire Department,8435 Loop Rd,"Baldwinsville, NY 13027",Match,Exact,"8435 LOOP RD, BALDWINSVILLE, NY, 13027",-76.307452417401,43.176573774814,46560850,L,False,
Onondaga,36067,bls_nontransport,"Borodino Fire Department, Inc",2500 Nunnary Road,"Skaneateles, NY 13152",Match,Non_Exact,"2500 NUNNERY RD, SKANEATELES, NY, 13152",-76.337873151164,42.857669902243,46556173,L,False,
Onondaga,36067,bls_nontransport,Brewerton Fire District,9625 Brewerton Road,"Brewerton, NY 13029",Match,Exact,"9625 BREWERTON RD, BREWERTON, NY, 13029",-76.140096753118,43.234835544539,46566292,R,False,
Onondaga,36067,bls_nontransport,"Camillus Volunteer Fire Department, Inc.",5801 Newport Rd,"Camillus, NY 13031",Match,Exact,"5801 NEWPORT RD, CAMILLUS, NY, 13031",-76.322981340913,43.063840667842,46623890,L,False,
Onondaga,36067,bls_nontransport,Cicero Fire Department,PO Box 1111,"Cicero, NY 13039",No_Match,,,,,,,True,PO Box address -- Census geocoder cannot resolve to a street point
Onondaga,36067,bls_nontransport,"Clay Volunteer Fire Department, Inc.",4383 Route 31,"Clay, NY 13041",Match,Exact,"4383 STATE RTE 31, CLAY, NY, 13041",-76.21259177048,43.186267879682,648057292,L,False,
Onondaga,36067,bls_nontransport,"Delphi Falls Fire Company, Inc.",2260 Oran Delphi Rd,"Manlius, NY 13104",Match,Exact,"2260 ORAN DELPHI RD, MANLIUS, NY, 13104",-75.913673714003,42.880336215769,46624760,L,False,
Onondaga,36067,bls_nontransport,"East Syracuse Fire Department, Inc.",204 North Center Street,"East Syracuse, NY 13057",Match,Exact,"204 N CENTER ST, EAST SYRACUSE, NY, 13057",-76.070983526553,43.064084419733,46575013,R,False,
Onondaga,36067,bls_nontransport,"Elbridge Volunteer Fire Company, Inc.",275 E. Main St,"Elbridge, NY 13060",Match,Exact,"275 E MAIN ST, ELBRIDGE, NY, 13060",-76.432710577747,43.037138506586,46559174,L,False,
Onondaga,36067,bls_nontransport,Fabius Fire Department,PO Box 60,"Fabius, NY 13063",No_Match,,,,,,,True,PO Box address -- Census geocoder cannot resolve to a street point
Onondaga,36067,bls_nontransport,Hinsdale Fire District #1,113 Malden Road,"Mattydale, NY 13211",Match,Exact,"113 MALDEN RD, MATTYDALE, NY, 13211",-76.144680933641,43.104322945137,658040196,L,False,
Onondaga,36067,bls_nontransport,"Howlett Hill Fire Department, Inc.",3384 Howlett Hill Road,"Syracuse, NY 13215",No_Match,,,,,,,True,No match found -- verify address manually
Onondaga,36067,bls_nontransport,"Kirkville Fire Company, Inc.",PO Box 6,"Kirkville, NY 13082",No_Match,,,,,,,True,PO Box address -- Census geocoder cannot resolve to a street point
Onondaga,36067,bls_nontransport,Lakeside Fire District,117 Dubiel Ave,"Syracuse, NY 13209",Match,Exact,"117 DUBIEL AVE, SYRACUSE, NY, 13209",-76.24503542711,43.089991820601,46563397,L,False,
Onondaga,36067,bls_nontransport,Le Moyne College Emergency Medical Services,1419 Salt Springs Road,"Syracuse, NY 13214",No_Match,,,,,,,True,No match found -- verify address manually
Onondaga,36067,bls_nontransport,"Liverpool Fire Department, Inc.",1110 Oswego Street,"Liverpool, NY 13088",Match,Exact,"1110 OSWEGO ST, LIVERPOOL, NY, 13088",-76.211306871957,43.111159142611,46563031,R,False,
Onondaga,36067,bls_nontransport,Lyncourt Fire District,2909 Court Street,"Syracuse, NY 13208",Match,Exact,"2909 COURT ST, SYRACUSE, NY, 13208",-76.129607485898,43.083339470687,46572229,L,False,
Onondaga,36067,bls_nontransport,"Marcellus Volunteer Fire Department, Inc.",4242 Slate Hill Rd,"Marcellus, NY 13108",Match,Exact,"4242 SLATE HILL RD, MARCELLUS, NY, 13108",-76.332587240175,42.977669393506,46621121,R,False,
Onondaga,36067,bls_nontransport,Micron Technology Inc.,110 W. Fayette St 8th Floor,"Syracuse, NY 13202",Match,Exact,"110 W FAYETTE ST, SYRACUSE, NY, 13202",-76.152414643533,43.048742010476,46622791,R,False,
Onondaga,36067,bls_nontransport,"Minoa Fire Department, Village of",240 North Main Street,"Minoa, NY 13116",Match,Exact,"240 N MAIN ST, MINOA, NY, 13116",-76.000721293061,43.076823134893,46583814,R,False,
Onondaga,36067,bls_nontransport,"Mottville Fire Company, Inc.",PO Box 9,"Mottville, NY 13119",No_Match,,,,,,,True,PO Box address -- Census geocoder cannot resolve to a street point
Onondaga,36067,bls_nontransport,"Moyers Corners Fire Department, Inc.",7697 Morgan Rd,"Liverpool, NY 13090",Match,Exact,"7697 MORGAN RD, LIVERPOOL, NY, 13090",-76.20682199966,43.141063139328,636526579,L,False,
Onondaga,36067,bls_nontransport,"Navarino Fire Department, Inc.",3276 Amber Rd,"Syracuse, NY 13215",Match,Exact,"3276 AMBER RD, SYRACUSE, NY, 13215",-76.273958758935,42.929696673569,46555248,R,False,
Onondaga,36067,bls_nontransport,"Nedrow Volunteer Fire Department, Inc.",6505 South Salina St,"Nedrow, NY 13205",Match,Non_Exact,"6505 S SALINA ST, NEDROW, NY, 13120",-76.141540145696,42.977476880487,46577598,L,False,
Onondaga,36067,bls_nontransport,"North Syracuse, Village of",109 Chestnut St,"North Syracuse, NY 13212",Match,Exact,"109 CHESTNUT ST, NORTH SYRACUSE, NY, 13212",-76.129612777205,43.136297171165,46567602,L,False,
Onondaga,36067,bls_nontransport,North West Fire District,PO Box 540,"Baldwinsville, NY 13027",No_Match,,,,,,,True,PO Box address -- Census geocoder cannot resolve to a street point
Onondaga,36067,bls_nontransport,"Onondaga Fire Company, Inc.",4831 Velasko Rd,"Syracuse, NY 13215",Match,Exact,"4831 VELASKO RD, SYRACUSE, NY, 13215",-76.185003023518,43.005951263338,638474305,L,False,
Onondaga,36067,bls_nontransport,Onondaga Nation Volunteer Fire Department,3383 Route 11A,"Nedrow, NY 13120",Match,Exact,"3383 STATE RTE 11A, NEDROW, NY, 13120",-76.158133751858,42.947974328243,648063350,R,False,
Onondaga,36067,bls_nontransport,"Otisco Fire Department, Inc.",1933 Route 80,"Tully, NY 13159",Match,Exact,"1933 STATE RTE 80, TULLY, NY, 13159",-76.21820095454,42.863921080592,46599105,L,False,
Onondaga,36067,bls_nontransport,Plainville Fire District,PO Box 173,"Plainville, NY 13137",No_Match,,,,,,,True,PO Box address -- Census geocoder cannot resolve to a street point
Onondaga,36067,bls_nontransport,"Protective Company #1 of the Fairmount Fire Department, Inc.",4611 West Genesee Street,"Syracuse, NY 13219",Match,Exact,"4611 W GENESEE ST, SYRACUSE, NY, 13219",-76.247533670195,43.044628624479,46563927,L,False,
Onondaga,36067,bls_nontransport,Seneca River Fire District,3457 Hayes Road,"Baldwinsville, NY 13027",Match,Exact,"3457 HAYES RD, BALDWINSVILLE, NY, 13027",-76.272484657995,43.125643138811,46600706,L,False,
Onondaga,36067,bls_nontransport,"Sentinel Heights Volunteer Fire Dept., Inc.",4200 Dave Tilden Road,"Jamesville, NY 13078",Match,Non_Exact,"4200 DAVE TILDEN DR, JAMESVILLE, NY, 13078",-76.120227191044,42.971742282998,46577858,R,False,
Onondaga,36067,bls_nontransport,Skaneateles Fire Department Rescue,77 West Genesee St,"Skaneateles, NY 13152",Match,Exact,"77 W GENESEE ST, SKANEATELES, NY, 13152",-76.436754842068,42.944640959382,46624969,R,False,
Onondaga,36067,bls_nontransport,"Solvay Fire Department, Inc.",PO Box 123,"Solvay, NY 13209",No_Match,,,,,,,True,PO Box address -- Census geocoder cannot resolve to a street point
Onondaga,36067,bls_nontransport,"South Bay Fire Department, Inc.",8819 Cicero Center Road,"Cicero, NY 13039",Match,Exact,"8819 CICERO CENTER RD, CICERO, NY, 13039",-76.041772935956,43.195466165189,624497588,L,False,
Onondaga,36067,bls_nontransport,"South Onondaga Fire Department, Inc.",3130 Cedarville Rd,"Nedrow, NY 13120",Match,Non_Exact,"3130 CEDARVALE RD, NEDROW, NY, 13120",-76.214183888025,42.930415463175,46588829,L,False,
Onondaga,36067,bls_nontransport,"Southwood Volunteer Fire Department, Inc.",4581 Grace Place,"Jamesville, NY 13078",Match,Exact,"4581 GRACE PL, JAMESVILLE, NY, 13078",-76.109803007729,42.993003558008,46577835,L,False,
Onondaga,36067,bls_nontransport,Spafford Fire Department,660 Rt 41,"Homer, NY 13077",Match,Exact,"660 STATE RTE 41, HOMER, NY, 13077",-76.264264605964,42.803171299919,46556354,R,False,
Onondaga,36067,bls_nontransport,"Taunton Fire Department, Inc.",4300 Onondaga Boulevard,"Syracuse, NY 13219",Match,Exact,"4300 ONONDAGA BLVD, SYRACUSE, NY, 13219",-76.217727267085,43.027434567954,46622225,R,False,
Onondaga,36067,bls_nontransport,Warners Fire District,6444 Newport Road,"Warners, NY 13164",Match,Exact,"6444 NEWPORT RD, WARNERS, NY, 13164",-76.32861992352,43.082030318829,647693751,R,False,
Ontario,36069,bls_nontransport,"Bristol Volunteer Fire Department, Inc.",4350 Route 64,"Canandaigua, NY 14424",Match,Exact,"4350 STATE RTE 64, CANANDAIGUA, NY, 14424",-77.393828306747,42.81565503921,13476049,L,False,
Ontario,36069,bls_nontransport,"Canandaigua Fire Department, City of",335 South Main Street,"Canandaigua, NY 14424",Match,Exact,"335 S MAIN ST, CANANDAIGUA, NY, 14424",-77.277633877409,42.882831881556,605774383,R,False,
Ontario,36069,bls_nontransport,"Cheshire Volunteer Fire Department, Inc.",4285 St Rte 21 South,"Canandaigua, NY 14424",Match,Non_Exact,"4285 STATE RTE 21, CANANDAIGUA, NY, 14424",-77.327498897979,42.821160917052,13476503,R,False,
Ontario,36069,bls_nontransport,Clifton Springs Fire Department,PO Box 15,"Clifton Springs, NY 14432",No_Match,,,,,,,True,PO Box address -- Census geocoder cannot resolve to a street point
Ontario,36069,bls_nontransport,"Crystal Beach Volunteer Fire Department, Inc.",4468 Route 364,"Canandaigua, NY 14424",Match,Exact,"4468 STATE RTE 364, CANANDAIGUA, NY, 14424",-77.259529234533,42.812266582776,13476544,L,False,
Ontario,36069,bls_nontransport,"Farmington Volunteer Fire Association, Inc.",PO Box 25117,"Farmington, NY 14425",No_Match,,,,,,,True,PO Box address -- Census geocoder cannot resolve to a street point
Ontario,36069,bls_nontransport,"Geneva Fire Department, City of",47 Castle Street,"Geneva, NY 14456",Match,Exact,"47 CASTLE ST, GENEVA, NY, 14456",-76.982647965846,42.867913210911,13469981,L,False,
Ontario,36069,bls_nontransport,Hobart & William Smith Colleges EMS,300 Pultney Street,"Geneva, NY 14456",Match,Non_Exact,"300 PULTENEY ST, GENEVA, NY, 14456",-76.985666861279,42.860394773712,636405555,L,False,
Ontario,36069,bls_nontransport,Hopewell Volunteer Fire Department,PO Box 932,"Canandaigua, NY 14424",No_Match,,,,,,,True,PO Box address -- Census geocoder cannot resolve to a street point
Ontario,36069,bls_nontransport,"North Side Fire Company, Inc.",270 Carter Road,"Geneva, NY 14456",Match,Exact,"270 CARTER RD, GENEVA, NY, 14456",-76.99392400127,42.888679339734,13469280,L,False,
Ontario,36069,bls_nontransport,"Oaks Corners Volunteer Fire Co., Inc.",PO Box 54,"Oaks Corners, NY 14518",No_Match,,,,,,,True,PO Box address -- Census geocoder cannot resolve to a street point
Ontario,36069,bls_nontransport,"Victor Fire Department, Village of",34 Maple Avenue,"Victor, NY 14564",Match,Exact,"34 MAPLE AVE, VICTOR, NY, 14564",-77.40960707765,42.981761902852,13486488,R,False,
Ontario,36069,bls_nontransport,"West Lake Road Fire Association, Inc.",5214 West Lake Road,"Geneva, NY 14456",Match,Exact,"5214 W LAKE RD, GENEVA, NY, 14456",-76.978451345249,42.77657784643,655308037,L,False,
Ontario,36069,bls_nontransport,"White Springs Fire Association, Inc.",PO Box 401,"Geneva, NY 14456",No_Match,,,,,,,True,PO Box address -- Census geocoder cannot resolve to a street point
Orange,36071,bls_nontransport,Coldenham Fire District,511 Coldenham Road,"Walden, NY 12586",Match,Exact,"511 COLDENHAM RD, WALDEN, NY, 12586",-74.152791925763,41.526931098114,657840774,L,False,
Orange,36071,bls_nontransport,Cuddebackville Fire Department,PO Box 285,"Cuddebackville, NY 12729",No_Match,,,,,,,True,PO Box address -- Census geocoder cannot resolve to a street point
Orange,36071,bls_nontransport,"Goshen Police Department, Village of",1 Grand Street,"Goshen, NY 10924",Match,Exact,"1 GRAND ST, GOSHEN, NY, 10924",-74.326372831807,41.402138510901,124435463,L,False,
Orange,36071,bls_nontransport,"Huguenot Fire Company, Inc.",PO Box 195,"Huguenot, NY 12746",No_Match,,,,,,,True,PO Box address -- Census geocoder cannot resolve to a street point
Orange,36071,bls_nontransport,Maybrook Fire District,203 Wallace Avenue,"Maybrook, NY 12543",Match,Exact,"203 WALLACE AVE, MAYBROOK, NY, 12543",-74.218579286,41.48195525709,124393310,L,False,
Orange,36071,bls_nontransport,"Middletown Fire Department, City of",81 East Main Street,"Middletown, NY 10940",Match,Exact,"81 E MAIN ST, MIDDLETOWN, NY, 10940",-74.415740273685,41.445836613946,636413450,L,False,
Orange,36071,bls_nontransport,"Monroe Police Department, Village of",104 Stage Rd,"Monroe, NY 10950",Match,Exact,"104 STAGE RD, MONROE, NY, 10950",-74.186993058925,41.327356715347,124499402,R,False,
Orange,36071,bls_nontransport,Montgomery Fire District,PO Box 207,"Montgomery, NY 12549",No_Match,,,,,,,True,PO Box address -- Census geocoder cannot resolve to a street point
Orange,36071,bls_nontransport,"Montgomery Police Department, Town of",110 Bracken Rd,"Montgomery, NY 12549",No_Match,,,,,,,True,No match found -- verify address manually
Orange,36071,bls_nontransport,"Mount Hope Fire Company, Inc.",PO Box 23,"Otisville, NY 10963",No_Match,,,,,,,True,PO Box address -- Census geocoder cannot resolve to a street point
Orange,36071,bls_nontransport,"Newburgh Fire Department, City of",22 Grand Street,"Newburgh, NY 12550",Match,Exact,"22 GRAND ST, NEWBURGH, NY, 12550",-74.00980220473,41.498804760931,124499557,R,False,
Orange,36071,bls_nontransport,Orange County Sheriffs Office,110 Wells Farm Rd.,"Orange, NY 10924",Match,Non_Exact,"110 WELLS FARM RD, GOSHEN, NY, 10924",-74.35683939616,41.404977926187,639364440,L,False,
Orange,36071,bls_nontransport,"Otisville Volunteer Fire Company, Inc.",PO box 865,"Otisville, NY 10963",No_Match,,,,,,,True,PO Box address -- Census geocoder cannot resolve to a street point
Orange,36071,bls_nontransport,Pocatello Fire District,5 Pocatello RD,"Middletown, NY 10940",Match,Exact,"5 POCATELLO RD, MIDDLETOWN, NY, 10940",-74.453275840429,41.441739664934,124495140,L,False,
Orange,36071,bls_nontransport,"Slate Hill Fire District, Inc.",PO Box 336,"Slate Hill, NY 10973",No_Match,,,,,,,True,PO Box address -- Census geocoder cannot resolve to a street point
Orange,36071,bls_nontransport,South Blooming Grove Fire District,819 Route 208,"Monroe, NY 10950",Match,Exact,"819 STATE RTE 208, MONROE, NY, 10950",-74.190457427982,41.367175428831,657834494,L,False,
Orange,36071,bls_nontransport,"Sparrowbush Engine Company, Inc.",PO Box 530,"Sparrowbush, NY 12780",No_Match,,,,,,,True,PO Box address -- Census geocoder cannot resolve to a street point
Orange,36071,bls_nontransport,"Storm King Fire Engine Co., No. 2",PO Box 333,"Cornwall-on-Hudson, NY 12520",No_Match,,,,,,,True,PO Box address -- Census geocoder cannot resolve to a street point
Orange,36071,bls_nontransport,Walden Fire Department,PO Box 264,"Walden, NY 12586",No_Match,,,,,,,True,PO Box address -- Census geocoder cannot resolve to a street point
Orange,36071,bls_nontransport,Washingtonville Fire District,89 East Main St,"Washingtonville, NY 10992",Match,Exact,"89 E MAIN ST, WASHINGTONVILLE, NY, 10992",-74.157322987784,41.426697028425,124393974,L,False,
Orange,36071,bls_nontransport,West Point Fire Department,664 Eichelberger Road,"West Point, NY 10996",Match,Exact,"664 EICHELBERGER RD, WEST POINT, NY, 10996",-73.963848063157,41.381990351924,124417021,L,False,
Orleans,36073,bls_nontransport,"Albion Fire Department, Inc.",108 North Platt Street,"Albion, NY 14411",Match,Exact,"108 N PLATT ST, ALBION, NY, 14411",-78.192275896479,43.247140987905,48804965,L,False,
Orleans,36073,bls_nontransport,"Barre Fire Company, Inc.",4709 Oak Orchard Rd,"Albion, NY 14411",Match,Exact,"4709 OAK ORCHARD RD, ALBION, NY, 14411",-78.194233235712,43.184823580715,48805170,R,False,
Orleans,36073,bls_nontransport,"Clarendon Fire Company, Inc",PO Box 136,"Clarendon, NY 14429",No_Match,,,,,,,True,PO Box address -- Census geocoder cannot resolve to a street point
Orleans,36073,bls_nontransport,"East Shelby Volunteer Fire Company, Inc.",5021 East Shelby Rd,"Medina, NY 14103",No_Match,,,,,,,True,No match found -- verify address manually
Orleans,36073,bls_nontransport,"Kendall Fire Department, Inc.",PO Box 387,"PO Box 387, NY 14476",No_Match,,,,,,,True,PO Box address -- Census geocoder cannot resolve to a street point
Orleans,36073,bls_nontransport,Lyndonville Volunteer Fire Company Hose #1 & #2,PO Box 471,"Lyndonville, NY 14098",No_Match,,,,,,,True,PO Box address -- Census geocoder cannot resolve to a street point
Orleans,36073,bls_nontransport,Murray Joint Fire District,PO Box 495,"Orleans, NY 14470",No_Match,,,,,,,True,PO Box address -- Census geocoder cannot resolve to a street point
Orleans,36073,bls_nontransport,"Orleans Department of Emergency Management, County of",14064 W County House Rd,"Albion, NY 14411",Match,Exact,"14064 W COUNTY HOUSE RD, ALBION, NY, 14411",-78.213294923267,43.218785013997,636404169,R,False,
Orleans,36073,bls_nontransport,Ridgeway Volunteer Fire Company,PO Box 816,"Medina, NY 14103",No_Match,,,,,,,True,PO Box address -- Census geocoder cannot resolve to a street point
Orleans,36073,bls_nontransport,"Shelby Volunteer Fire Company, Inc.",PO Box 1,"Medina, NY 14103",No_Match,,,,,,,True,PO Box address -- Census geocoder cannot resolve to a street point
Orleans,36073,bls_nontransport,"Town of Carlton Fire Company No. 1, Inc.",14341 Waterport Carlton Rd.,"Albion, NY 14411",Match,Exact,"14341 WATERPORT CARLTON RD, ALBION, NY, 14411",-78.194526902712,43.323258715343,48802342,L,False,
Oswego,36075,bls_nontransport,"Altmar Volunteer Fire Department, Inc",PO Box 174,"Altmar, NY 13302",No_Match,,,,,,,True,PO Box address -- Census geocoder cannot resolve to a street point
Oswego,36075,bls_nontransport,"Caughdenoy Volunteer Fire Department, Inc.",48 Prospect Street,"Central Square, NY 13036",Match,Exact,"48 PROSPECT ST, CENTRAL SQUARE, NY, 13036",-76.203898025907,43.273289224695,655307735,R,False,
Oswego,36075,bls_nontransport,Central Square Fire Company No. One,PO Box 92,"Central Square, NY 13036",No_Match,,,,,,,True,PO Box address -- Census geocoder cannot resolve to a street point
Oswego,36075,bls_nontransport,Cleveland Fire Department,PO Box 517,"Cleveland, NY 13042",No_Match,,,,,,,True,PO Box address -- Census geocoder cannot resolve to a street point
Oswego,36075,bls_nontransport,"Cody Volunteer Fire Company, Inc.",155 Cnty Rte 55,"Fulton, NY 13069",Match,Exact,"155 CO RTE 55, FULTON, NY, 13069",-76.430326059741,43.238745200352,57828203,L,False,
Oswego,36075,bls_nontransport,Constantia Volunteer Fire Department,PO Box 324,"Constantia, NY 13044",No_Match,,,,,,,True,PO Box address -- Census geocoder cannot resolve to a street point
Oswego,36075,bls_nontransport,"Enterprise Fire Company #1 of Phoenix NY, Inc.",457 Main Street,"Phoenix, NY 13135",Match,Exact,"457 MAIN ST, PHOENIX, NY, 13135",-76.29899592265,43.229680669808,57816383,R,False,
Oswego,36075,bls_nontransport,"Fire Company of Sandy Creek, Inc.",P.O. Box 441,"Sandy Creek, NY 13145",No_Match,,,,,,,True,PO Box address -- Census geocoder cannot resolve to a street point
Oswego,36075,bls_nontransport,"Fulton Fire Department, City of",170 South Second Street,"Fulton, NY 13069",Match,Exact,"170 S 2ND ST, FULTON, NY, 13069",-76.414603711434,43.320787478166,57808925,L,False,
Oswego,36075,bls_nontransport,"Granby Center Volunteer Fire Department, Inc.",PO Box 358,"Fulton, NY 13069",No_Match,,,,,,,True,PO Box address -- Census geocoder cannot resolve to a street point
Oswego,36075,bls_nontransport,"Hastings Fire Department, Inc.",PO Box 241,"Hastings, NY 13076",No_Match,,,,,,,True,PO Box address -- Census geocoder cannot resolve to a street point
Oswego,36075,bls_nontransport,"Lacona Volunteer Fire Company, Inc.",PO Box 178,"Lacona, NY 13083",No_Match,,,,,,,True,PO Box address -- Census geocoder cannot resolve to a street point
Oswego,36075,bls_nontransport,"Mexico Volunteer Fire Department, Inc.",PO Box 27,"Mexico, NY 13114",No_Match,,,,,,,True,PO Box address -- Census geocoder cannot resolve to a street point
Oswego,36075,bls_nontransport,"Minetto Volunteer Fire Corporation, Inc.",PO Box 99,"Minetto, NY 13115",No_Match,,,,,,,True,PO Box address -- Census geocoder cannot resolve to a street point
Oswego,36075,bls_nontransport,New Haven Volunteer Fire Corporation,PO Box 53,"New Haven, NY 13121",No_Match,,,,,,,True,PO Box address -- Census geocoder cannot resolve to a street point
Oswego,36075,bls_nontransport,Novelis Corporation,448 County Route 1A,"Oswego, NY 13126",No_Match,,,,,,,True,No match found -- verify address manually
Oswego,36075,bls_nontransport,"Orwell Volunteer Fire Company, Inc.",PO Box 192,"Orwell, NY 13426",No_Match,,,,,,,True,PO Box address -- Census geocoder cannot resolve to a street point
Oswego,36075,bls_nontransport,"Palermo Volunteer Fire Corporation, Inc.",4170 State Rte 3,"Fulton, NY 13069",Match,Exact,"4170 STATE RTE 3, FULTON, NY, 13069",-76.281349160318,43.370894111443,57810514,R,False,
Oswego,36075,bls_nontransport,"Parish Volunteer Fire Company, Inc.",PO Box 313,"Parish, NY 13131",No_Match,,,,,,,True,PO Box address -- Census geocoder cannot resolve to a street point
Oswego,36075,bls_nontransport,"Pennellville Volunteer Fire Association, Inc.",PO Box 123,"Pennellville, NY 13132",No_Match,,,,,,,True,PO Box address -- Census geocoder cannot resolve to a street point
Oswego,36075,bls_nontransport,Pulaski Fire Company Inc,12 Lake Street,"Pulaski, NY 13142",Match,Exact,"12 LAKE ST, PULASKI, NY, 13142",-76.128134730526,43.567207085601,57800992,L,False,
Oswego,36075,bls_nontransport,Redfield Volunteer Fire Department,4879 Co Rt 17,"Redfield, NY 13437",Match,Exact,"4879 CO RTE 17, REDFIELD, NY, 13437",-75.821255592679,43.532421992206,642838714,L,False,
Oswego,36075,bls_nontransport,Richland Fire Department,30 Phillips Street,"Richland, NY 13144",Match,Exact,"30 PHILLIPS ST, RICHLAND, NY, 13144",-76.049843955179,43.568323048549,57801933,R,False,
Oswego,36075,bls_nontransport,Scriba Volunteer Fire Corporation,PO Box 69,"Lycoming, NY 13093",No_Match,,,,,,,True,PO Box address -- Census geocoder cannot resolve to a street point
Oswego,36075,bls_nontransport,Volney Volunteer Fire Corporation,3002 State Route 3,"Fulton, NY 13069",Match,Exact,"3002 STATE RTE 3, FULTON, NY, 13069",-76.356290940064,43.342503146636,57811102,L,False,
Oswego,36075,bls_nontransport,"West Amboy Volunteer Fire Company, Inc.",10 Cusson Drive,"West Monroe, NY 13167",Match,Exact,"10 CUSSON DR, WEST MONROE, NY, 13167",-75.985336362742,43.378863879171,57829527,L,False,
Oswego,36075,bls_nontransport,"West Monroe Volunteer Fire Department, Inc.",PO Box 29,"West Monroe, NY 13167",No_Match,,,,,,,True,PO Box address -- Census geocoder cannot resolve to a street point
Oswego,36075,bls_nontransport,"Williamstown Volunteer Fire Corporation, Inc.",PO Box 168,"Williamstown, NY 13493",No_Match,,,,,,,True,PO Box address -- Census geocoder cannot resolve to a street point
Otsego,36077,bls_nontransport,East Worcester Fire Department,P.O. Box 781,"East Worcester, NY 12064",No_Match,,,,,,,True,PO Box address -- Census geocoder cannot resolve to a street point
Otsego,36077,bls_nontransport,Hartwick Fire Company #2,4877 State Route 28,"Cooperstown, NY 13326",Match,Exact,"4877 STATE RTE 28, COOPERSTOWN, NY, 13326",-74.958632550396,42.659524903479,640427836,L,False,
Otsego,36077,bls_nontransport,"Middlefield Volunteer Fire Department, Inc.",3666 County Highway 35,"Roseboom, NY 13450",Match,Exact,"3666 CO RD 35, ROSEBOOM, NY, 13450",-74.839845255947,42.687557965435,125912979,R,False,
Otsego,36077,bls_nontransport,Oneonta State Emergency Squad,108 Ravine Parkway Attn: OSES,"Oneonta, NY 13820",Match,Non_Exact,"108 RAVINE PKWY, ONEONTA, NY, 13820",-75.065289063406,42.466981261666,125917526,R,False,
Otsego,36077,bls_nontransport,Pittsfield Fire District,167 State Highway 80,"New Berlin, NY 13411",Match,Exact,"167 STATE RTE 80, NEW BERLIN, NY, 13411",-75.31870415173,42.627557742509,657364266,R,False,
Otsego,36077,bls_nontransport,"Schuyler Lake Volunteer Fire Department, Inc.",PO Box 112,"Schuyler Lake, NY 13457",No_Match,,,,,,,True,PO Box address -- Census geocoder cannot resolve to a street point
Otsego,36077,bls_nontransport,"Unadilla Forks Fire Corporation, Inc.",105 County Hwy 18-A,"West Winfield, NY 13491",Match,Non_Exact,"105 CO HWY 18A, WEST WINFIELD, NY, 13491",-75.238021437967,42.841650408716,125905576,L,False,
Otsego,36077,bls_nontransport,Wells Bridge Fire District,PO Box 121,"Wells Bridge, NY 13859",No_Match,,,,,,,True,PO Box address -- Census geocoder cannot resolve to a street point
Otsego,36077,bls_nontransport,"West Edmeston Fire Department, Inc.",164 County Highway 18C,"West Edmeston, NY 13485",Match,Exact,"164 CO RD 18C, WEST EDMESTON, NY, 13485",-75.274017961245,42.764067791515,125905540,L,False,
Otsego,36077,bls_nontransport,"West Exeter Volunteer Fire Department, Inc.",6960 St Hwy 51,"West Exeter, NY 13487",Match,Non_Exact,"6960 STATE RTE 51, WEST EXETER, NY, 13491",-75.149807921376,42.802054589101,125905746,R,False,
Otsego,36077,bls_nontransport,"West Oneonta Volunteer Fire Department, Inc.",2865 County Highway 8,"West Oneonta, NY 13861",Match,Exact,"2865 CO RD 8, WEST ONEONTA, NY, 13861",-75.11809744202,42.47193459924,125917484,L,False,
Otsego,36077,bls_nontransport,"Westford Volunteer Fire Department, Inc.",PO Box 24,"Westford, NY 13488",No_Match,,,,,,,True,PO Box address -- Census geocoder cannot resolve to a street point
Putnam,36079,bls_nontransport,"Carmel Police Department, Town of",60 McAlpin Ave,"Mahopac, NY 10541",Match,Exact,"60 MCALPIN AVE, MAHOPAC, NY, 10541",-73.724044291992,41.376913779697,139713656,R,False,
Putnam,36079,bls_nontransport,"Kent Volunteer Fire Department, Inc.",2490 Route 301,"Carmel, NY 10512",Match,Exact,"2490 STATE RTE 301, CARMEL, NY, 10512",-73.760157646516,41.471248753742,139684263,R,False,
Putnam,36079,bls_nontransport,Putnam County Sheriff's Department,Three County Center,"Carmel, NY 10512",Match,Exact,"3 COUNTY CENTER, CARMEL, NY, 10512",-73.677401237899,41.425642843879,639366310,R,False,
Putnam,36079,bls_nontransport,"Putnam Lake Fire Department, Inc.",72 Fairfield Drive,"Putnam Lake, NY 12563",Match,Non_Exact,"72 FAIRFIELD DR, PATTERSON, NY, 12563",-73.547343813511,41.460222020812,139698045,L,False,
Queens,36081,bls_nontransport,NYPD Medical Unit,Corona,"New York, NY 11368",No_Match,,,,,,,True,No match found -- verify address manually
Rensselaer,36083,bls_nontransport,Averill Park Fire Department,PO Box 116,"Averill Park, NY 12018",No_Match,,,,,,,True,PO Box address -- Census geocoder cannot resolve to a street point
Rensselaer,36083,bls_nontransport,Best Luther Fire Department,303 Old Best Rd,"West Sand Lake, NY 12196",Match,Exact,"303 OLD BEST RD, WEST SAND LAKE, NY, 12196",-73.63807564946,42.618378238852,652648589,L,False,
Rensselaer,36083,bls_nontransport,"Brunswick Volunteer Fire Company No. 1, Inc.",566 Hoosick Road,"Troy, NY 12180",Match,Exact,"566 HOOSICK RD, TROY, NY, 12180",-73.646409981632,42.743251078275,35731005,R,False,
Rensselaer,36083,bls_nontransport,"Castleton Fire Company, Inc.",11 Green Avenue,"Castleton, NY 12033",Match,Exact,"11 GREEN AVE, CASTLETON, NY, 12033",-73.755793768754,42.528783682475,35733994,L,False,
Rensselaer,36083,bls_nontransport,"Defreestville Fire Department, Inc.",350 North Greenbush Road,"Troy, NY 12180",Match,Exact,"350 N GREENBUSH RD, TROY, NY, 12180",-73.691175939932,42.67242210835,35755182,R,False,
Rensselaer,36083,bls_nontransport,Eagle Mills Fire District No. 1,PO Box 148 Cropseyville,"Troy, NY 12180",No_Match,,,,,,,True,PO Box address -- Census geocoder cannot resolve to a street point
Rensselaer,36083,bls_nontransport,East Greenbush Fire District #3,68 Phillips Rd,"Rensselaer, NY 12144",Match,Exact,"68 PHILLIPS RD, RENSSELAER, NY, 12144",-73.719937477454,42.595591832751,35767161,R,False,
Rensselaer,36083,bls_nontransport,"East Schodack Fire Company, Inc.",3071 NY 150,"East Schodack, NY 12063",Match,Exact,"3071 STATE HWY 150, EAST SCHODACK, NY, 12063",-73.629855181253,42.563709395283,35759046,L,False,
Rensselaer,36083,bls_nontransport,Hemstreet Park Fire Dist #4,PO Box 667,"Mechanicville, NY 12118",No_Match,,,,,,,True,PO Box address -- Census geocoder cannot resolve to a street point
Rensselaer,36083,bls_nontransport,Hoags Corners Fire District,7237  NY Route 66,"E. Nassau, NY 12062",Match,Exact,"7237 STATE RTE 66, EAST NASSAU, NY, 12062",-73.511362017485,42.563243271817,35748269,L,False,
Rensselaer,36083,bls_nontransport,"Hoosic Valley Volunteer Fire Company, Inc.",69 Stillwater Bridge Road,"Schaghticoke, NY 12154",Match,Exact,"69 STILLWATER BRIDGE RD, SCHAGHTICOKE, NY, 12154",-73.588935074268,42.907250429288,35720274,R,False,
Rensselaer,36083,bls_nontransport,Johnsonville Fire District,P O Box 113,"Johnsonville, NY 12094",No_Match,,,,,,,True,PO Box address -- Census geocoder cannot resolve to a street point
Rensselaer,36083,bls_nontransport,Melrose Fire District,PO Box 34,"Melrose, NY 12121",No_Match,,,,,,,True,PO Box address -- Census geocoder cannot resolve to a street point
Rensselaer,36083,bls_nontransport,"Mountain View Volunteer Fire Company, Inc",2 Shafter Avenue,"Troy, NY 12180",Match,Exact,"2 SHAFTER AVE, TROY, NY, 12180",-73.649231239876,42.704768920148,35731089,R,False,
Rensselaer,36083,bls_nontransport,Nassau Fire District #1,PO Box 42,"Nassau, NY 12123",No_Match,,,,,,,True,PO Box address -- Census geocoder cannot resolve to a street point
Rensselaer,36083,bls_nontransport,Pleasantdale Volunteer Fire District # 5,1178 River Road,"Troy, NY 12182",Match,Exact,"1178 RIVER RD, TROY, NY, 12182",-73.662589709264,42.798403980411,35729865,R,False,
Rensselaer,36083,bls_nontransport,"Poestenkill Fire Company, Inc.",PO Box 14,"Poestenkill, NY 12140",No_Match,,,,,,,True,PO Box address -- Census geocoder cannot resolve to a street point
Rensselaer,36083,bls_nontransport,"Rensselaer Bureau of Public Safety, County of","99 Troy Rd, Suite 309","E. Greenbush, NY 12061",Match,Exact,"99 TROY RD, E GREENBUSH, NY, 12061",-73.70157838916,42.621826150193,35765904,L,False,
Rensselaer,36083,bls_nontransport,Rensselaer County Sheriff's Department,4000 Main Street,"Troy, NY 12180",Match,Exact,"4000 MAIN ST, TROY, NY, 12180",-73.701475713296,42.708597693129,639355767,R,False,
Rensselaer,36083,bls_nontransport,"Rensselaer Fire Department, City of",2 St. Francis Place,"Rensselaer, NY 12144",No_Match,,,,,,,True,No match found -- verify address manually
Rensselaer,36083,bls_nontransport,"Schodack Valley Fire Company, Inc.",1553 Schodack Valley Road,"Castleton, NY 12033",Match,Exact,"1553 SCHODACK VALLEY RD, CASTLETON, NY, 12033",-73.689207684219,42.549880105967,35739673,L,False,
Rensselaer,36083,bls_nontransport,"South Schodack Volunteer Fire Company, Inc.",1563 Bame Rd,"South Schodack, NY 12033",Match,Exact,"1563 BAME RD, SOUTH SCHODACK, NY, 12033",-73.688443096556,42.497185207685,35753877,L,False,
Rensselaer,36083,bls_nontransport,Speigletown Fire District,146 Speigletown Road,"Troy, NY 12182",Match,Exact,"146 SPEIGLETOWN RD, TROY, NY, 12182",-73.648247186898,42.793702898358,35730165,L,False,
Rensselaer,36083,bls_nontransport,"Tsatsawassa Protective Fire Company, Inc.",PO Box 62,"Brainard, NY 12024",No_Match,,,,,,,True,PO Box address -- Census geocoder cannot resolve to a street point
Rensselaer,36083,bls_nontransport,Valley Falls Fire Department,PO Box 245,"Valley Falls, NY 12185",No_Match,,,,,,,True,PO Box address -- Census geocoder cannot resolve to a street point
Rensselaer,36083,bls_nontransport,Volunteer Fire Company of Center Brunswick,1045 Hoosick Rd,"Troy, NY 12180",Match,Exact,"1045 HOOSICK RD, TROY, NY, 12180",-73.607936327776,42.757640916935,35752366,L,False,
Rensselaer,36083,bls_nontransport,"West Sand Lake Volunteer Fire Company, Inc.",PO Box 386,"West Sand Lake, NY 12196",No_Match,,,,,,,True,PO Box address -- Census geocoder cannot resolve to a street point
Rensselaer,36083,bls_nontransport,"Wynantskill Fire Department, Inc.",PO Box 3,"Wyantskill, NY 12198",No_Match,,,,,,,True,PO Box address -- Census geocoder cannot resolve to a street point
Rockland,36087,bls_nontransport,Rockland County Sheriff's Department,55 New Hempstead Road,"New City, NY 10956",Match,Exact,"55 NEW HEMPSTEAD RD, NEW CITY, NY, 10956",-73.994185190737,41.147594774927,639317004,L,False,
Rockland,36087,bls_nontransport,Tallman Fire District,287 Route 59,"Tallman, NY 10982",No_Match,,,,,,,True,No match found -- verify address manually
Saratoga,36091,bls_nontransport,Charlton Fire Department,677 Charlton Rd,"Charlton, NY 12019",Match,Exact,"677 CHARLTON RD, CHARLTON, NY, 12019",-73.951207966475,42.935033945593,652650640,L,False,
Saratoga,36091,bls_nontransport,F.B.Peck Hose Company,85 Saratoga Avenue,"Waterford, NY 12188",Match,Exact,"85 SARATOGA AVE, WATERFORD, NY, 12188",-73.694396166085,42.78562849956,18776161,R,False,
Saratoga,36091,bls_nontransport,"Galway Volunteer Fire Company, Inc.",PO Box 151,"Galway, NY 12074",No_Match,,,,,,,True,PO Box address -- Census geocoder cannot resolve to a street point
Saratoga,36091,bls_nontransport,"Gansevoort Volunteer Fire Department, Inc.",PO Box 172,"Gansevoort, NY 12831",No_Match,,,,,,,True,PO Box address -- Census geocoder cannot resolve to a street point
Saratoga,36091,bls_nontransport,Global Foundries,400 Stonebreak Road Ext,"Malta, NY 12020",No_Match,,,,,,,True,No match found -- verify address manually
Saratoga,36091,bls_nontransport,Greenfield Fire District,PO Box 103,"Greenfield Center, NY 12833",No_Match,,,,,,,True,PO Box address -- Census geocoder cannot resolve to a street point
Saratoga,36091,bls_nontransport,Halfmoon - Waterford Fire District #1,315 Middletown Road,"Waterford, NY 12188",Match,Exact,"315 MIDDLETOWN RD, WATERFORD, NY, 12188",-73.714282199121,42.828766312426,18775860,L,False,
Saratoga,36091,bls_nontransport,Halfmoon Hillcrest Volunteer Fire Department,145 Pryun Hill Road,"Mechanicville, NY 12118",Match,Non_Exact,"145 PRUYN HILL RD, MECHANICVILLE, NY, 12118",-73.717376417415,42.897742785024,625057420,L,False,
Saratoga,36091,bls_nontransport,"Harmony Corners Volunteer Fire Department, Inc.",1954 Rt. 67,"Ballston Spa, NY 12020",Match,Exact,"1954 STATE HWY 67, BALLSTON SPA, NY, 12020",-73.950945344014,42.97827961515,18772190,L,False,
Saratoga,36091,bls_nontransport,Jonesville Fire District,953 Main Street,"Clifton Park, NY 12065",Match,Exact,"953 MAIN ST, CLIFTON PARK, NY, 12065",-73.821404051238,42.905887657843,18773687,R,False,
Saratoga,36091,bls_nontransport,"Mechanicville Fire Department, City of",36 North Main St,"Mechanicville, NY 12118",Match,Exact,"36 N MAIN ST, MECHANICVILLE, NY, 12118",-73.685637469262,42.903789355412,18770483,R,False,
Saratoga,36091,bls_nontransport,Milton Fire District #1,PO Box 72,"Rock City Falls, NY 12863",No_Match,,,,,,,True,PO Box address -- Census geocoder cannot resolve to a street point
Saratoga,36091,bls_nontransport,Rexford Fire District,1601 Route 146,"Rexford, NY 12148",Tie,,,,,,,True,Multiple equally-likely address matches -- needs manual disambiguation
Saratoga,36091,bls_nontransport,Round Lake Fire Department,PO Box 66,"Round Lake, NY 12151",No_Match,,,,,,,True,PO Box address -- Census geocoder cannot resolve to a street point
Saratoga,36091,bls_nontransport,Skidmore College Emergency Medical Service,815 North Broadway,"Saratoga Springs, NY 12866",Match,Exact,"815 N BROADWAY, SARATOGA SPRINGS, NY, 12866",-73.779923400386,43.095195598439,657964387,L,False,
Saratoga,36091,bls_nontransport,Victory Fire Department Inc,PO Box 78,"Victory Mills, NY 12884",No_Match,,,,,,,True,PO Box address -- Census geocoder cannot resolve to a street point
Saratoga,36091,bls_nontransport,"Vischer Ferry Volunteer Fire Company, Inc.",360 Riverview Rd,"Rexford, NY 12148",Match,Exact,"360 RIVERVIEW RD, REXFORD, NY, 12148",-73.828574861076,42.797200394666,18778138,R,False,
Saratoga,36091,bls_nontransport,West Charlton Volunteer Fire Department,1293 Eastern Avenue,"West Charlton, NY 12010",Match,Exact,"1293 EASTERN AVE, WEST CHARLTON, NY, 12010",-74.027121032331,42.959268168884,18771971,L,False,
Saratoga,36091,bls_nontransport,West Crescent Fire Department,1440 Crescent Rd,"Clifton Park, NY 12065",Match,Exact,"1440 CRESCENT RD, CLIFTON PARK, NY, 12065",-73.74692631052,42.822092354421,18775685,L,False,
Schenectady,36093,bls_nontransport,"Alplaus Volunteer Fire Company #1, Inc.",309 Alplaus Avenue,"Alplaus, NY 12008",Match,Exact,"309 ALPLAUS AVE, ALPLAUS, NY, 12008",-73.898918764116,42.85559235247,18028736,L,False,
Schenectady,36093,bls_nontransport,Beukendaal Fire Department,501 Sacandaga Road,"Glenville, NY 12302",No_Match,,,,,,,True,No match found -- verify address manually
Schenectady,36093,bls_nontransport,"Delanson Fire Company, Inc.",PO Box 153,"Duanesburg, NY 12056",No_Match,,,,,,,True,PO Box address -- Census geocoder cannot resolve to a street point
Schenectady,36093,bls_nontransport,"Duanesburg Volunteer Fire Company, Inc.",PO Box 40,"Duanesburg, NY 12056",No_Match,,,,,,,True,PO Box address -- Census geocoder cannot resolve to a street point
Schenectady,36093,bls_nontransport,East Glenville Fire District #3,433 Saratoga Road,"Glenville, NY 12302",Match,Exact,"433 SARATOGA RD, GLENVILLE, NY, 12302",-73.92603145759,42.884708394566,635609822,L,False,
Schenectady,36093,bls_nontransport,"Glenville Hill Volunteer Fire Company, Inc.",1086 Church Rd,"Scotia, NY 12302",Match,Exact,"1086 CHURCH RD, SCOTIA, NY, 12302",-73.997459749586,42.89266194368,18023951,L,False,
Schenectady,36093,bls_nontransport,Niskayuna Fire District # 2,2772 Troy Schenectady Road,"Schenectady, NY 12309",Match,Exact,"2772 TROY SCHENECTADY RD, SCHENECTADY, NY, 12309",-73.847225202426,42.780201189253,18031289,R,False,
Schenectady,36093,bls_nontransport,"Pine Grove Volunteer Fire Department, Inc.",144 Dunnsville Rd,"Schenectady, NY 12306",Match,Exact,"144 DUNNSVILLE RD, SCHENECTADY, NY, 12306",-74.002289655056,42.765743220686,647541446,R,False,
Schenectady,36093,bls_nontransport,"Plotterkill Volunteer Fire Company, Inc.",3985 Putnam Road,"Schenectady, NY 12306",Match,Exact,"3985 PUTNAM RD, SCHENECTADY, NY, 12306",-74.070602212052,42.821128757679,18023727,R,False,
Schenectady,36093,bls_nontransport,Quaker Street  Fire District,PO Box 93,"Quaker Street, NY 12141",No_Match,,,,,,,True,PO Box address -- Census geocoder cannot resolve to a street point
Schenectady,36093,bls_nontransport,Rotterdam Fire District #1,PO Box 368,"Rotterdam Junction, NY 12150",No_Match,,,,,,,True,PO Box address -- Census geocoder cannot resolve to a street point
Schenectady,36093,bls_nontransport,Rotterdam Fire District #4,PO Box 77,"Pattersonville, NY 12137",No_Match,,,,,,,True,PO Box address -- Census geocoder cannot resolve to a street point
Schenectady,36093,bls_nontransport,"The Mariaville Volunteer Fire Department, Inc.",9284 Mariaville Road,"Pattersonville, NY 12137",Match,Exact,"9284 MARIAVILLE RD, PATTERSONVILLE, NY, 12137",-74.140560541714,42.831773687266,642601064,L,False,
Schenectady,36093,bls_nontransport,"Thomas Corners Fire Department, Inc.",5 Airport Road,"Glenville, NY 12302",Match,Exact,"5 AIRPORT RD, GLENVILLE, NY, 12302",-73.940454728122,42.849335272261,642835094,L,False,
Schenectady,36093,bls_nontransport,Union College Emergency Medical Services,807 Union Street,"Schenectady, NY 12308",Match,Exact,"807 UNION ST, SCHENECTADY, NY, 12308",-73.930899323324,42.814442058456,18029051,L,False,
Schenectady,36093,bls_nontransport,"West Glenville Volunteer Fire Company, Inc.",2024 West Glenville Road,"Amsterdam, NY 12010",Match,Exact,"2024 W GLENVILLE RD, AMSTERDAM, NY, 12010",-74.049505456197,42.928671355799,18023144,L,False,
Schoharie,36095,bls_nontransport,"Gallupville Volunteer Fire Department, Inc.",109 School St,"Schoharie, NY 12157",Match,Exact,"109 SCHOOL ST, SCHOHARIE, NY, 12157",-74.23589739991,42.66177123366,18910791,L,False,
Schoharie,36095,bls_nontransport,Schoharie Fire Department,PO Box 428,"Schoharie, NY 12157",No_Match,,,,,,,True,PO Box address -- Census geocoder cannot resolve to a street point
Schoharie,36095,bls_nontransport,"Town of Broome Volunteer Fire Department, Inc.",453 State Rt 145,"Middleburgh, NY 12122",Match,Exact,"453 STATE RTE 145, MIDDLEBURGH, NY, 12122",-74.268984147597,42.487533821121,18914836,L,False,
Schoharie,36095,bls_nontransport,"West Fulton Fire Department, Inc.",807 W Fulton Rd,"West Fulton, NY 12194",Match,Exact,"807 W FULTON RD, WEST FULTON, NY, 12194",-74.457645354262,42.563013967269,655400654,L,False,
Schuyler,36097,bls_nontransport,"Beaver Dams Fire Department, Inc.",PO Box 14,"Beaver Dams, NY 14812",No_Match,,,,,,,True,PO Box address -- Census geocoder cannot resolve to a street point
Schuyler,36097,bls_nontransport,"Burdett Fire Company, Inc.",PO Box 238,"Burdett, NY 14818",No_Match,,,,,,,True,PO Box address -- Census geocoder cannot resolve to a street point
Schuyler,36097,bls_nontransport,"Mecklenburg Volunteer Fire Company, Inc.",PO Box 108,"Mecklenburg, NY 14863",No_Match,,,,,,,True,PO Box address -- Census geocoder cannot resolve to a street point
Schuyler,36097,bls_nontransport,"Monterey Volunteer Fire Company, Inc.",1465 South Street,"Beaver Dams, NY 14812",Match,Exact,"1465 SOUTH ST, BEAVER DAMS, NY, 14812",-77.050966925081,42.304778549787,18195658,L,False,
Schuyler,36097,bls_nontransport,"Montour Falls Fire Department, Inc.",PO Box 369,"Montour Falls, NY 14865",No_Match,,,,,,,True,PO Box address -- Census geocoder cannot resolve to a street point
Schuyler,36097,bls_nontransport,"Odessa Fire Department, Village of",300 East Main Street,"Odessa, NY 14869",Match,Non_Exact,"300 MAIN ST, ODESSA, NY, 14869",-76.786630959851,42.336172550822,18193452,R,False,
Schuyler,36097,bls_nontransport,Tyrone Volunteer Fire Department,PO Box 69,"Tyrone, NY 14887",No_Match,,,,,,,True,PO Box address -- Census geocoder cannot resolve to a street point
Schuyler,36097,bls_nontransport,"Watkins Glen Fire Company, Inc.",201 North Perry St,"Watkins Glen, NY 14891",Match,Exact,"201 N PERRY ST, WATKINS GLEN, NY, 14891",-76.868922391149,42.383031639986,18196390,R,False,
Seneca,36099,bls_nontransport,Border City Fire Department,352 Waterloo Geneva Road,"Geneva, NY 14456",No_Match,,,,,,,True,No match found -- verify address manually
Seneca,36099,bls_nontransport,Bridgeport Fire District,PO Box 622,"Seneca Falls, NY 13148",No_Match,,,,,,,True,PO Box address -- Census geocoder cannot resolve to a street point
Seneca,36099,bls_nontransport,"Canoga Volunteer Fire Department, Inc.",3576 Route 89 at Canoga,"Seneca Falls, NY 13148",Tie,,,,,,,True,Multiple equally-likely address matches -- needs manual disambiguation
Seneca,36099,bls_nontransport,"Interlaken Fire Department, Village of",PO Box 274,"Interlaken, NY 14847",No_Match,,,,,,,True,PO Box address -- Census geocoder cannot resolve to a street point
Seneca,36099,bls_nontransport,"Junius Volunteer Fire Department, Inc.",647 Dublin Rd,"Clyde, NY 14433",Match,Exact,"647 DUBLIN RD, CLYDE, NY, 14433",-76.922042850053,42.995141452022,14663166,L,False,
Seneca,36099,bls_nontransport,"Romulus Volunteer Fire Department, Inc.",PO Box 2,"Romulus, NY 14541",No_Match,,,,,,,True,PO Box address -- Census geocoder cannot resolve to a street point
Seneca,36099,bls_nontransport,"Varick Volunteer Fire Company, Inc.",4682 St Rte 96A,"Geneva, NY 14456",Match,Exact,"4682 STATE RTE 96A, GENEVA, NY, 14456",-76.898801324359,42.79737123256,652646401,L,False,
St. Lawrence,36089,bls_nontransport,Brier Hill Fire Company Inc,PO Box 57,"Brier Hill, NY 13614",No_Match,,,,,,,True,PO Box address -- Census geocoder cannot resolve to a street point
St. Lawrence,36089,bls_nontransport,Clarkson University Emergency Medical Services,10 Clarkson Avenue,"Potsdam, NY 13699",Match,Non_Exact,"10 CLARKSON AVE, POTSDAM, NY, 13676",-74.994272674046,44.665012916643,155160273,L,False,
St. Lawrence,36089,bls_nontransport,Degrasse Clare S. Russell Volunteer Fire Department,2211 County Route 27,"Russell, NY 13684",Match,Exact,"2211 CO RD 27, RUSSELL, NY, 13684",-75.06769345295,44.356808929637,155228781,L,False,
St. Lawrence,36089,bls_nontransport,Dekalb-Richville Fire District,PO Box 51,"Richville, NY 13682",No_Match,,,,,,,True,PO Box address -- Census geocoder cannot resolve to a street point
St. Lawrence,36089,bls_nontransport,"Edwards Fire Department, Inc.",PO Box 92,"Edwards, NY 13635",No_Match,,,,,,,True,PO Box address -- Census geocoder cannot resolve to a street point
St. Lawrence,36089,bls_nontransport,"Fine Fire Department, Inc.",PO Box 4,"Fine, NY 13639",No_Match,,,,,,,True,PO Box address -- Census geocoder cannot resolve to a street point
St. Lawrence,36089,bls_nontransport,"Gouverneur Fire Company, Inc.",33 Clinton Street,"Gouverneur, NY 13642",Match,Exact,"33 CLINTON ST, GOUVERNEUR, NY, 13642",-75.469754018347,44.336233306867,155170464,L,False,
St. Lawrence,36089,bls_nontransport,"Helena Fire Department, Inc.",PO Box 82,"Helena, NY 13649",No_Match,,,,,,,True,PO Box address -- Census geocoder cannot resolve to a street point
St. Lawrence,36089,bls_nontransport,"Heuvelton Volunteer Fire Company, Inc.",95 State Street,"Heuvelton, NY 13654",Match,Exact,"95 STATE ST, HEUVELTON, NY, 13654",-75.404530153391,44.616505371236,155180857,R,False,
St. Lawrence,36089,bls_nontransport,"Massena Fire Department, Village of",34 Andrews Street,"Massena, NY 13662",Match,Exact,"34 ANDREWS ST, MASSENA, NY, 13662",-74.894567685816,44.931834632738,155155401,L,False,
St. Lawrence,36089,bls_nontransport,"Morley Volunteer Fire Company, Inc.",7220 County Rte 27,"Canton, NY 13617",Match,Exact,"7220 CO RD 27, CANTON, NY, 13617",-75.197142247898,44.664500766528,155178884,R,False,
St. Lawrence,36089,bls_nontransport,"North Lawrence Volunteer Fire Department, Inc.",PO Box 158,"North Lawrence, NY 12967",No_Match,,,,,,,True,PO Box address -- Census geocoder cannot resolve to a street point
St. Lawrence,36089,bls_nontransport,Ogdensburg Fire,718 Ford Street,"Ogdensburg, NY 13669",Match,Exact,"718 FORD ST, OGDENSBURG, NY, 13669",-75.48736365304,44.700007925622,155177202,L,False,
St. Lawrence,36089,bls_nontransport,"Pierrepont Fire Corporation, Inc.",62 Old County Rt 29,"Canton, NY 13617",Match,Non_Exact,"62 CO RD 29, CANTON, NY, 13617",-75.094671773618,44.541956705508,655266054,L,False,
St. Lawrence,36089,bls_nontransport,Potsdam College Campus Rescue Squad,9010 Barrington Dr,"Potsdam, NY 13676",No_Match,,,,,,,True,No match found -- verify address manually
St. Lawrence,36089,bls_nontransport,St. Lawrence University First Response Team,76 Park Street,"Canton, NY 13617",Match,Exact,"76 PARK ST, CANTON, NY, 13617",-75.164654384147,44.590408500722,155181648,L,False,
St. Lawrence,36089,bls_nontransport,SUNY Canton EMS,34 Cornell Drive,"Canton, NY 13617",No_Match,,,,,,,True,No match found -- verify address manually
St. Lawrence,36089,bls_nontransport,"West Stockholm Volunteer Fire Department, Inc.",P.O. Box 257,"West Stockholm, NY 13696",No_Match,,,,,,,True,PO Box address -- Census geocoder cannot resolve to a street point
Steuben,36101,bls_nontransport,Arkport Joint Fire District,PO Box 27,"Arkport, NY 14807",No_Match,,,,,,,True,PO Box address -- Census geocoder cannot resolve to a street point
Steuben,36101,bls_nontransport,"Bath Volunteer Fire Department, Inc.",50 East Morris Street,"Bath, NY 14810",Match,Exact,"50 E MORRIS ST, BATH, NY, 14810",-77.313846727371,42.332167505332,14727377,L,False,
Steuben,36101,bls_nontransport,Caton Fire District # 1,1118 Caton Road,"Corning, NY 14830",Match,Exact,"1118 CATON RD, CORNING, NY, 14830",-77.033056311803,42.05998523323,14723026,R,False,
Steuben,36101,bls_nontransport,Coopers Plains-Long Acres Fire Department,PO Box 21,"Coopers Plains, NY 14827",No_Match,,,,,,,True,PO Box address -- Census geocoder cannot resolve to a street point
Steuben,36101,bls_nontransport,"Corning Fire Department, City of",500 NasserCivic Center Plaza,"Corning, NY 14830",No_Match,,,,,,,True,No match found -- verify address manually
Steuben,36101,bls_nontransport,Corning Incorporated Emergency Services,"SP-TG01-01, Corning NY 14831","Painted Post, NY 14870",No_Match,,,,,,,True,No match found -- verify address manually
Steuben,36101,bls_nontransport,Corning Joint Fire District,25 S Elm St,"Corning, NY 14830",Match,Exact,"25 S ELM ST, CORNING, NY, 14830",-77.035402857018,42.12092523014,14740875,L,False,
Steuben,36101,bls_nontransport,"E. B. Packard Hose Company, Inc., The",8766 State Route 415,"Campbell, NY 14821",Match,Exact,"8766 STATE RTE 415, CAMPBELL, NY, 14821",-77.180962234749,42.232423230179,638553703,L,False,
Steuben,36101,bls_nontransport,Forest View Gang Mills Fire District,PO Box 203,"Painted Post, NY 14870",No_Match,,,,,,,True,PO Box address -- Census geocoder cannot resolve to a street point
Steuben,36101,bls_nontransport,Hammondsport Fire District,PO Box 337,"Hammondsport, NY 14840",No_Match,,,,,,,True,PO Box address -- Census geocoder cannot resolve to a street point
Steuben,36101,bls_nontransport,"Hornby Volunteer Fire Company, Inc.",4840 Cnty Rte 41,"Beaver Dams, NY 14812",No_Match,,,,,,,True,No match found -- verify address manually
Steuben,36101,bls_nontransport,"North Hornell Volunteer Fire Company, Inc.",One West Maplewood Ave,"North Hornell, NY 14843",Match,Exact,"1 W MAPLEWOOD AVE, NORTH HORNELL, NY, 14843",-77.661717617165,42.344518861346,14709086,L,False,
Steuben,36101,bls_nontransport,"Perkinsville Fearless Hook and Ladder Company No. 1, Inc., T",PO Box 78,"Perkinsville, NY 14529",No_Match,,,,,,,True,PO Box address -- Census geocoder cannot resolve to a street point
Steuben,36101,bls_nontransport,Savona Fire Department Rescue,PO Box 681,"Savona, NY 14879",No_Match,,,,,,,True,PO Box address -- Census geocoder cannot resolve to a street point
Steuben,36101,bls_nontransport,Steuben County Sheriff's Office,7007 Rumsey Street,"Bath, NY 14823",Match,Non_Exact,"7007 RUMSEY ST, BATH, NY, 14810",-77.294536816268,42.349506053772,639313300,L,False,
Steuben,36101,bls_nontransport,"Thurston Fire Company, Inc.",PO Box 281,"Campbell, NY 14821",No_Match,,,,,,,True,PO Box address -- Census geocoder cannot resolve to a street point
Suffolk,36103,bls_nontransport,Bayport Fire Department,251 Snedecor Avenue,"Bayport, NY 11705",Match,Exact,"251 SNEDECOR AVE, BAYPORT, NY, 11705",-73.053380990115,40.744979880877,114015947,L,False,
Suffolk,36103,bls_nontransport,Bohemia Fire Department,950 Pearl Street,"Bohemia, NY 11716",Match,Exact,"950 PEARL ST, BOHEMIA, NY, 11716",-73.111370627144,40.765440771572,114006281,L,False,
Suffolk,36103,bls_nontransport,"Cherry Grove Fire Department, Inc.",PO Box 4173,"Cherry Grove, NY 11782",No_Match,,,,,,,True,PO Box address -- Census geocoder cannot resolve to a street point
Suffolk,36103,bls_nontransport,Great River Fire Department,PO Box 349,"Great River, NY 11739",No_Match,,,,,,,True,PO Box address -- Census geocoder cannot resolve to a street point
Suffolk,36103,bls_nontransport,Hauppauge Fire District Emergency Medical Service,855 Wheeler Road,"Hauppauge, NY 11788",Match,Exact,"855 WHEELER RD, HAUPPAUGE, NY, 11788",-73.205097865871,40.824308558574,638072029,L,False,
Suffolk,36103,bls_nontransport,Jamesport Fire District,PO Box 54,"Jamesport, NY 11947",No_Match,,,,,,,True,PO Box address -- Census geocoder cannot resolve to a street point
Suffolk,36103,bls_nontransport,Metropolitan Transportation Authority Police Department,420 Lexington Ave #425 10170,"Central Islip, NY 11722",No_Match,,,,,,,True,No match found -- verify address manually
Suffolk,36103,bls_nontransport,"Quogue, Village of",PO Box 877,"Quogue, NY 11959",No_Match,,,,,,,True,PO Box address -- Census geocoder cannot resolve to a street point
Suffolk,36103,bls_nontransport,"Southampton Police Department, Village of",151 Windmill Lane,"Southampton, NY 11968",Match,Exact,"151 WINDMILL LN, SOUTHAMPTON, NY, 11968",-72.393098291521,40.888387770597,114030031,L,False,
Suffolk,36103,bls_nontransport,Stony Brook University Enterprise Risk Management,410 Administration Building,"Stony Brook, NY 11794",No_Match,,,,,,,True,No match found -- verify address manually
Sullivan,36105,bls_nontransport,"Bloomingburg Fire Company, Inc.",117 Godfrey Rd,"Bloominburg, NY 12721",Match,Non_Exact,"117 GODFREY RD, BLOOMINGBURG, NY, 12721",-74.446942811761,41.558257399773,128989779,R,False,
Sullivan,36105,bls_nontransport,"Forestburgh Fire Company #1, Inc.",2543 State Rte 42,"Forestburgh, NY 12777",Match,Exact,"2543 STATE RTE 42, FORESTBURGH, NY, 12777",-74.739648689116,41.568833341279,638625382,L,False,
Sullivan,36105,bls_nontransport,Monticello Joint Fire District,23 Richardson Ave,"Monticello, NY 12701",Match,Exact,"23 RICHARDSON AVE, MONTICELLO, NY, 12701",-74.679532434147,41.651240111878,648851064,R,False,
Sullivan,36105,bls_nontransport,"Summitville Fire Company, No. 1",PO Box 296,"Summitville, NY 12781",No_Match,,,,,,,True,PO Box address -- Census geocoder cannot resolve to a street point
Sullivan,36105,bls_nontransport,"Westbrookville Volunteer Fire Company #1, Inc.",PO Box 263,"Westbrookville, NY 12785",No_Match,,,,,,,True,PO Box address -- Census geocoder cannot resolve to a street point
Sullivan,36105,bls_nontransport,"White Sulphur Springs Volunteer Fire Department, Inc.",PO Box 86,"White Sulfur Springs, NY 12787",No_Match,,,,,,,True,PO Box address -- Census geocoder cannot resolve to a street point
Tioga,36107,bls_nontransport,"Halsey Valley Volunteer Fire Company #2, Inc.",506 Hamilton Valley Road,"Spencer, NY 14883",Match,Exact,"506 HAMILTON VALLEY RD, SPENCER, NY, 14883",-76.441177852376,42.141169049676,46705537,R,False,
Tioga,36107,bls_nontransport,"Lockwood Volunteer Fire Company, Inc.",PO Box 16,"Lockwood, NY 14859",No_Match,,,,,,,True,PO Box address -- Census geocoder cannot resolve to a street point
Tioga,36107,bls_nontransport,Southside Fire Company First Responders,3120 Waits Road,"South Owego, NY 13827",Match,Non_Exact,"3120 WAITS RD, OWEGO, NY, 13827",-76.251881919973,42.059696825106,628833962,R,False,
Tioga,36107,bls_nontransport,"Weltonville Volunteer Fire Company, Inc.",3232 West Creek Road,"Newark Valley, NY 13811",Match,Exact,"3232 W CREEK RD, NEWARK VALLEY, NY, 13811",-76.242655995886,42.201704619829,46706606,R,False,
Tompkins,36109,bls_nontransport,"Brooktondale Volunteer Fire Company, Inc.",786 Valley Rd,"Brooktondale, NY 14817",Match,Exact,"786 VALLEY RD, BROOKTONDALE, NY, 14817",-76.370555371756,42.385786299405,18869011,R,False,
Tompkins,36109,bls_nontransport,Cornell University EMS,201 Palm Road,"Ithaca, NY 14850",Match,Exact,"201 PALM RD, ITHACA, NY, 14850",-76.460071360663,42.445824113902,18865051,L,False,
Tompkins,36109,bls_nontransport,Danby Fire District,1780 Danby Road,"Ithaca, NY 14850",Match,Exact,"1780 DANBY RD, ITHACA, NY, 14850",-76.483125573363,42.357782724462,18861154,L,False,
Tompkins,36109,bls_nontransport,Enfield Fire District,172 Enfield Main Road,"Ithaca, NY 14850",Match,Exact,"172 ENFIELD MAIN RD, ITHACA, NY, 14850",-76.631065285992,42.437560079052,18854668,L,False,
Tompkins,36109,bls_nontransport,"Etna Volunteer Fire Department, Inc.",PO Box 300,"Etna, NY 13062",No_Match,,,,,,,True,PO Box address -- Census geocoder cannot resolve to a street point
Tompkins,36109,bls_nontransport,"Ithaca Fire Department, City of",310 West Green Street,"Ithaca, NY 14850",Match,Exact,"310 W GREEN ST, ITHACA, NY, 14850",-76.501840880558,42.43859931028,18855425,L,False,
Tompkins,36109,bls_nontransport,Lansing Fire Department,80 Ridge Road,"Lansing, NY 14882",Match,Exact,"80 RIDGE RD, LANSING, NY, 14882",-76.51307750968,42.539469196273,651296034,R,False,
Tompkins,36109,bls_nontransport,McLean Fire District,PO Box 12,"McLean, NY 13102",No_Match,,,,,,,True,PO Box address -- Census geocoder cannot resolve to a street point
Tompkins,36109,bls_nontransport,"Neptune Hose Company No. 1 of Dryden, Inc",26 North Street,"Dryden, NY 13053",Match,Exact,"26 NORTH ST, DRYDEN, NY, 13053",-76.297782298856,42.493559437543,18859384,R,False,
Tompkins,36109,bls_nontransport,"Newfield Fire Company, Inc",77 Main Street,"Newfield, NY 14867",Match,Exact,"77 MAIN ST, NEWFIELD, NY, 14867",-76.582847589629,42.366589465638,18860918,R,False,
Tompkins,36109,bls_nontransport,Tompkins County Department of Emergency Response,92 Brown Rd Ithaca,"ithaca, NY 14850",Match,Non_Exact,"92 BROWN RD, ITHACA, NY, 14850",-76.458173635876,42.486358506208,18883498,R,False,
Tompkins,36109,bls_nontransport,"Varna Volunteer Fire Company, Inc.",14 Turkey Hill Road,"Ithaca, NY 14850",Match,Exact,"14 TURKEY HILL RD, ITHACA, NY, 14850",-76.427566664217,42.45937974471,18857337,L,False,
Tompkins,36109,bls_nontransport,"W. B. Strong Fire Company, Inc.",PO Box 129,"Freeville, NY 13068",No_Match,,,,,,,True,PO Box address -- Census geocoder cannot resolve to a street point
Tompkins,36109,bls_nontransport,West Danby Fire Department,47 Sylvan Lane,"Spencer, NY 14883",Match,Exact,"47 SYLVAN LN, SPENCER, NY, 14883",-76.527160331739,42.314010303067,643991164,L,False,
Ulster,36111,bls_nontransport,"Bloomington Fire Company, Inc.",PO Box 111,"Bloomington, NY 12411",No_Match,,,,,,,True,PO Box address -- Census geocoder cannot resolve to a street point
Ulster,36111,bls_nontransport,Centerville Fire District,PO Box 84,"Saugerties, NY 12477",No_Match,,,,,,,True,PO Box address -- Census geocoder cannot resolve to a street point
Ulster,36111,bls_nontransport,Cragsmoor Fire Department,PO Box 318,"Cragsmoor, NY 12420",No_Match,,,,,,,True,PO Box address -- Census geocoder cannot resolve to a street point
Ulster,36111,bls_nontransport,"East Kingston Volunteer Fire Company, Inc.",885 Main Street,"Kingston, NY 12401",Match,Exact,"885 MAIN ST, KINGSTON, NY, 12401",-73.969164235957,41.956074022269,41917259,R,False,
Ulster,36111,bls_nontransport,Esopus Fire Department,PO Box 177,"Esopus, NY 12429",No_Match,,,,,,,True,PO Box address -- Census geocoder cannot resolve to a street point
Ulster,36111,bls_nontransport,Glasco Fire District,PO Box 611,"Glasco, NY 12432",No_Match,,,,,,,True,PO Box address -- Census geocoder cannot resolve to a street point
Ulster,36111,bls_nontransport,Highland Fire District,P.O. Box 872,"Highland, NY 12528",No_Match,,,,,,,True,PO Box address -- Census geocoder cannot resolve to a street point
Ulster,36111,bls_nontransport,"New Paltz Police Department, City of",83 South Putt Corners Rd Ste 1,"New Paltz, NY 12561",Match,Exact,"83 S PUTT CORNERS RD, NEW PALTZ, NY, 12561",-74.072182687139,41.733465282546,41933348,L,False,
Ulster,36111,bls_nontransport,"Rosendale Police Department, Town of",1915 Lucas Avenue,"Cottekill, NY 12419",Match,Non_Exact,"1915 LUCAS TPKE, COTTEKILL, NY, 12419",-74.110825538525,41.84974167166,637539052,R,False,
Ulster,36111,bls_nontransport,"Ruby Fire Department, Inc.",PO Box 175,"Ruby, NY 12475",No_Match,,,,,,,True,PO Box address -- Census geocoder cannot resolve to a street point
Ulster,36111,bls_nontransport,"Spring Lake Fire Department, Inc.",PO Box 3578,"Kingston, NY 12401",No_Match,,,,,,,True,PO Box address -- Census geocoder cannot resolve to a street point
Ulster,36111,bls_nontransport,"Tillson Volunteer Fire Company, Inc.",PO Box 214,"Tillson, NY 12486",No_Match,,,,,,,True,PO Box address -- Census geocoder cannot resolve to a street point
Ulster,36111,bls_nontransport,Ulster County Sheriff's Office,380 Boulevard,"Kingston, NY 12401",Match,Exact,"380 BOULEVARD, KINGSTON, NY, 12401",-74.018622597606,41.912694579839,647874865,R,False,
Ulster,36111,bls_nontransport,Ulster Hose Company Number 5,830 Ulster Avenue,"Kingston, NY 12401",Match,Exact,"830 ULSTER AVE, KINGSTON, NY, 12401",-73.994331870927,41.953242449617,41879376,L,False,
Ulster,36111,bls_nontransport,Walker Valley Chemical Engine Company #1,PO Box 370,"Walker Valley, NY 12588",No_Match,,,,,,,True,PO Box address -- Census geocoder cannot resolve to a street point
Ulster,36111,bls_nontransport,West Hurley Fire District #1,PO Box,"West Hurley, NY 12491",No_Match,,,,,,,True,PO Box address -- Census geocoder cannot resolve to a street point
Warren,36113,bls_nontransport,"Bay Ridge  Fire Co., Inc.",1080 Bay Road,"Lake George, NY 12845",Match,Exact,"1080 BAY RD, LAKE GEORGE, NY, 12845",-73.645242059927,43.379292905303,173890079,R,False,
Warren,36113,bls_nontransport,"Lake George Volunteer Fire Company, Inc.",PO Box 828,"Lake George, NY 12845",No_Match,,,,,,,True,PO Box address -- Census geocoder cannot resolve to a street point
Warren,36113,bls_nontransport,"North Queensbury Volunteer Fire Company, Inc.",PO Box 61,"Cleverdale, NY 12820",No_Match,,,,,,,True,PO Box address -- Census geocoder cannot resolve to a street point
Warren,36113,bls_nontransport,"Pottersville Volunteer Fire Department, Inc.",PO Box 281,"Pottersville, NY 12860",No_Match,,,,,,,True,PO Box address -- Census geocoder cannot resolve to a street point
Warren,36113,bls_nontransport,"Queensbury Central Volunteer Fire Company, Inc.",17 Layfette Street,"Queensbury, NY 12804",No_Match,,,,,,,True,No match found -- verify address manually
Warren,36113,bls_nontransport,"South Queensbury Volunteer Fire Co., Inc.",409 Dix Avenue,"Queensbury, NY 12804",Match,Exact,"409 DIX AVE, QUEENSBURY, NY, 12804",-73.605441217827,43.315597053874,647761163,L,False,
Washington,36115,bls_nontransport,"Cossayuna Volunteer Fire Department, Inc.",PO Box 321,"Cossayuna, NY 12823",No_Match,,,,,,,True,PO Box address -- Census geocoder cannot resolve to a street point
Washington,36115,bls_nontransport,"Easton Volunteer Fire Company, Inc.",11804 State Rt 40,"Schaghticoke, NY 12154",No_Match,,,,,,,True,No match found -- verify address manually
Washington,36115,bls_nontransport,"Fort Ann Volunteer Fire Company, Inc.",PO Box 305,"Fort Ann, NY 12827",No_Match,,,,,,,True,PO Box address -- Census geocoder cannot resolve to a street point
Washington,36115,bls_nontransport,"Greenwich Fire Department, Village of",6 Academy Street,"Greenwich, NY 12834",Match,Exact,"6 ACADEMY ST, GREENWICH, NY, 12834",-73.50338767723,43.091778148627,139148825,L,False,
Washington,36115,bls_nontransport,"Hartford Volunteer Fire Co., Inc.",PO Box 121,"Hartford, NY 12838",No_Match,,,,,,,True,PO Box address -- Census geocoder cannot resolve to a street point
Washington,36115,bls_nontransport,"Hebron Volunteer Fire Fire Company, Inc.",3165 County Rte 30,"West Hebron, NY 12865",Tie,,,,,,,True,Multiple equally-likely address matches -- needs manual disambiguation
Washington,36115,bls_nontransport,"Middle Falls Fire Department, Inc.",1034 State Route 29,"Greenwich, NY 12848",No_Match,,,,,,,True,No match found -- verify address manually
Washington,36115,bls_nontransport,"North Granville Hose Company, Inc.",PO Box 8,"North Granville, NY 12854",No_Match,,,,,,,True,PO Box address -- Census geocoder cannot resolve to a street point
Washington,36115,bls_nontransport,Putnam Fire Department,PO Box 100,"Putnam Station, NY 12861",No_Match,,,,,,,True,PO Box address -- Census geocoder cannot resolve to a street point
Washington,36115,bls_nontransport,"Shushan Volunteer Fire Company, Inc",PO Box 11,"Shushan, NY 12873",No_Match,,,,,,,True,PO Box address -- Census geocoder cannot resolve to a street point
Washington,36115,bls_nontransport,"West Fort Ann Volunteer Fire Company, Inc.",49 Joe Green Road,"Fort Ann, NY 12827",Match,Exact,"49 JOE GREEN RD, FORT ANN, NY, 12827",-73.574900447234,43.409982242786,139144398,R,False,
Washington,36115,bls_nontransport,"Whitehall Volunteer Fire Company, Inc.",161 Main St,"Whitehall, NY 12887",Match,Exact,"161 MAIN ST, WHITEHALL, NY, 12887",-73.402695459485,43.554841232912,139152111,R,False,
Wayne,36117,bls_nontransport,Clyde / Galen Joint Fire District,PO Box 19,"Clyde, NY 14433",No_Match,,,,,,,True,PO Box address -- Census geocoder cannot resolve to a street point
Wayne,36117,bls_nontransport,"Fairville Volunteer Fire Department, Inc",2963 Route 88,"Newark, NY 14513",Match,Non_Exact,"2963 STATE RTE 88 N, NEWARK, NY, 14513",-77.078946640718,43.112993861755,14914225,L,False,
Wayne,36117,bls_nontransport,Lyons Fire Department,23 Water Street,"Lyons, NY 14489",Match,Exact,"23 WATER ST, LYONS, NY, 14489",-76.993054372938,43.062065175177,657503308,L,False,
Wayne,36117,bls_nontransport,"Marbletown Volunteer Fire Department, Inc.",PO Box 129,"Newark, NY 14513",No_Match,,,,,,,True,PO Box address -- Census geocoder cannot resolve to a street point
Wayne,36117,bls_nontransport,North Rose Fire Department,PO Box 208,"North Rose, NY 14516",No_Match,,,,,,,True,PO Box address -- Census geocoder cannot resolve to a street point
Wayne,36117,bls_nontransport,Sodus Center Fire Department,PO Box 246,"Sodus Center, NY 14551",No_Match,,,,,,,True,PO Box address -- Census geocoder cannot resolve to a street point
Wayne,36117,bls_nontransport,Sodus Fire Department,14-16 Mill Street,"Sodus, NY 14511",Match,Non_Exact,"16 MILL ST, SODUS, NY, 14551",-77.062042112998,43.235144902936,14911245,R,False,
Westchester,36119,bls_nontransport,Banksville Fire Department,33 Bedford-Banksville Rd,"Bedford, NY 10506",Match,Exact,"33 BEDFORD-BANKSVILLE RD, BEDFORD, NY, 10506",-73.642465666172,41.145403902223,139788444,L,False,
Westchester,36119,bls_nontransport,"Bedford Police Department, Town of",307 Bedford Road,"Bedford Hills, NY 10507",Match,Exact,"307 BEDFORD RD, BEDFORD HILLS, NY, 10507",-73.69864728494,41.239666820329,139844038,L,False,
Westchester,36119,bls_nontransport,Croton Falls Fire District,PO Box 128,"Croton Falls, NY 10519",No_Match,,,,,,,True,PO Box address -- Census geocoder cannot resolve to a street point
Westchester,36119,bls_nontransport,Eastchester Fire District,255 Main Street,"Eastchester, NY 10709",Match,Exact,"255 MAIN ST, EASTCHESTER, NY, 10709",-73.817615116966,40.951264004698,139747892,L,False,
Westchester,36119,bls_nontransport,Fairview Fire District,19 Rosemont Road,"White Plains, NY 10607",Match,Non_Exact,"19 ROSEMONT BLVD, WHITE PLAINS, NY, 10607",-73.793032708931,41.042232567917,139802502,R,False,
Westchester,36119,bls_nontransport,"Golden's Bridge Fire Department, Inc.",PO Box 127,"Golden's Bridge, NY 10526",No_Match,,,,,,,True,PO Box address -- Census geocoder cannot resolve to a street point
Westchester,36119,bls_nontransport,Greenville Fire District,711 Central Avenue,"Scarsdale, NY 10583",Match,Non_Exact,"711 CENTRAL PARK AVE, SCARSDALE, NY, 10583",-73.81726038449,40.997381365023,658099410,L,False,
Westchester,36119,bls_nontransport,"Harrison Police Department, Town of",650 North Street,"Harrison, NY 10528",No_Match,,,,,,,True,No match found -- verify address manually
Westchester,36119,bls_nontransport,Hartsdale Fire District,300 West Hartsdale Avenue,"Hartsdale, NY 10530",Match,Exact,"300 W HARTSDALE AVE, HARTSDALE, NY, 10530",-73.807749241145,41.026801584817,139841207,L,False,
Westchester,36119,bls_nontransport,Lake Mohegan Fire District,PO Box  249,"Mohegan Lake, NY 10547",No_Match,,,,,,,True,PO Box address -- Census geocoder cannot resolve to a street point
Westchester,36119,bls_nontransport,"Larchmont Fire Department, Village of",120 Larchmont Avenue,"Larchmont, NY 10538",Match,Exact,"120 LARCHMONT AVE, LARCHMONT, NY, 10538",-73.751798373981,40.92783366621,655584205,L,False,
Westchester,36119,bls_nontransport,"Mamaroneck Fire Department, Town of",205 Weaver Street,"Larchmont, NY 10538",Match,Exact,"205 WEAVER ST, LARCHMONT, NY, 10538",-73.756283396466,40.940726142566,139751987,L,False,
Westchester,36119,bls_nontransport,"Mount Vernon Fire Department, City of",470 East Lincoln Avenue,"Mount Vernon, NY 10550",Match,Non_Exact,"470 E LINCOLN AVE, MOUNT VERNON, NY, 10552",-73.822823189882,40.918218422569,624667847,R,False,
Westchester,36119,bls_nontransport,"New Rochelle Fire Department, City of",90 Beaufort Place,"New Rochelle, NY 10801",Match,Exact,"90 BEAUFORT PL, NEW ROCHELLE, NY, 10801",-73.785584860062,40.920687779605,139842786,L,False,
Westchester,36119,bls_nontransport,New York Medical College,40 Sunshine Cottage Drive,"Valhalla, NY 10595",Match,Non_Exact,"40 SUNSHINE COTTAGE RD, VALHALLA, NY, 10595",-73.809849447733,41.085602305124,613723185,L,False,
Westchester,36119,bls_nontransport,"North Castle Police Department, Town of",15 Bedford Road,"Armonk, NY 10504",Match,Exact,"15 BEDFORD RD, ARMONK, NY, 10504",-73.699589087113,41.124923084387,139849592,R,False,
Westchester,36119,bls_nontransport,North Castle South Fire District #1,621 North Broadway,"North White Plains, NY 10603",No_Match,,,,,,,True,No match found -- verify address manually
Westchester,36119,bls_nontransport,NYS Division of Military and Naval Affairs,BLDG 503 CSTS,"Cortlandt Manor, NY 10567",No_Match,,,,,,,True,No match found -- verify address manually
Westchester,36119,bls_nontransport,"Peekskill Fire Department, City of",828 Main Street,"Peekskill, NY 10566",Match,Exact,"828 MAIN ST, PEEKSKILL, NY, 10566",-73.923104381882,41.291423421327,139724046,L,False,
Westchester,36119,bls_nontransport,"Pelham Fire Department, Village of",200 Fifth Avenue,"Pelham, NY 10803",Match,Exact,"200 5TH AVE, PELHAM, NY, 10803",-73.808199923833,40.914098738957,139749205,R,False,
Westchester,36119,bls_nontransport,Purchase College Emergency Medical Services,735 Anderson Hill Road,"Purchase, NY 10577",Match,Exact,"735 ANDERSON HILL RD, PURCHASE, NY, 10577",-73.713080619867,41.03691127346,139847643,L,False,
Westchester,36119,bls_nontransport,"Westchester Dept of Emergency Services, County of",4 Dana Road,"Valhalla, NY 10595",Match,Exact,"4 DANA RD, VALHALLA, NY, 10595",-73.818292090843,41.08123921978,139774116,L,False,
Westchester,36119,bls_nontransport,"White Plains Department of Public Safety, City of",77 S. Lexington Avenue,"White Plains, NY 10601",Match,Exact,"77 S LEXINGTON AVE, WHITE PLAINS, NY, 10601",-73.7717403998,41.028699961599,139741553,L,False,
Westchester,36119,bls_nontransport,"Yonkers Fire Department, City of",460 Nepperhan Avenue,"Yonkers, NY 10701",Match,Exact,"460 NEPPERHAN AVE, YONKERS, NY, 10701",-73.884644087746,40.941812461488,139743325,R,False,
Westchester,36119,bls_nontransport,"Yonkers Police Department, City of",1106 Yonkers Avenue,"Yonkers, NY 10710",Match,Non_Exact,"1106 YONKERS AVE, YONKERS, NY, 10704",-73.855282922321,40.913486161983,640547453,R,False,
Wyoming,36121,bls_nontransport,"Harris Corners Fire Department , Inc.",PO Box 121,"Strykersville, NY 14145",No_Match,,,,,,,True,PO Box address -- Census geocoder cannot resolve to a street point
Wyoming,36121,bls_nontransport,"Sheldon Fire Company, Inc.",923 Centerline Rd,"Strykersville, NY 14145",Match,Exact,"923 CENTERLINE RD, STRYKERSVILLE, NY, 14145",-78.422211904215,42.737289919096,48875319,L,False,
Wyoming,36121,bls_nontransport,"Wyoming Hook and Ladder Co., Inc.",PO Box 36,"Wyoming, NY 14591",No_Match,,,,,,,True,PO Box address -- Census geocoder cannot resolve to a street point
Yates,36123,bls_nontransport,"Bellona Volunteer Fire Company, Inc.",PO Box 87,"Bellona, NY 14415",No_Match,,,,,,,True,PO Box address -- Census geocoder cannot resolve to a street point
Yates,36123,bls_nontransport,"Benton Volunteer Fire Department, Inc.",932 Rt 14A,"Penn Yan, NY 14527",Match,Exact,"932 STATE RTE 14A, PENN YAN, NY, 14527",-77.066383746995,42.719549007145,15103872,L,False,
Yates,36123,bls_nontransport,Branchport Keuka Park Fire Department,3686 Route 54A,"Branchport, NY 14418",Match,Exact,"3686 STATE RTE 54A, BRANCHPORT, NY, 14418",-77.151054834713,42.599663370884,15105633,L,False,
Yates,36123,bls_nontransport,"Dresden Fire Department, Inc.",PO Box 35,"Dresden, NY 14441",No_Match,,,,,,,True,PO Box address -- Census geocoder cannot resolve to a street point
Yates,36123,bls_nontransport,Himrod Fire Department,PO Box 112,"Himrod, NY 14842",No_Match,,,,,,,True,PO Box address -- Census geocoder cannot resolve to a street point
Yates,36123,bls_nontransport,"Middlesex Hose Company, Inc.",PO Box 145,"Middlesex, NY 14507",No_Match,,,,,,,True,PO Box address -- Census geocoder cannot resolve to a street point
Yates,36123,bls_nontransport,Penn Yan Fire Department,125 Elm Street,"Penn Yan, NY 14527",Match,Exact,"125 ELM ST, PENN YAN, NY, 14527",-77.055228372401,42.660775282355,607115733,R,False,
Yates,36123,bls_nontransport,"Potter Volunteer Fire Department, Inc.",1255 Phelps Road,"Middlesex, NY 14507",Match,Exact,"1255 PHELPS RD, MIDDLESEX, NY, 14507",-77.210132853934,42.704203321442,636419290,R,False,
Yates,36123,bls_nontransport,"Rushville Fire Department, Village of",14 Railroad Ave,"Rushville, NY 14544",Match,Exact,"14 RAILROAD AVE, RUSHVILLE, NY, 14544",-77.227799708134,42.762452503007,13484110,L,False,
